unit_id	project	dataset	biological_sample_id	archive_sample_id	robot_sample_id	library_id	assay	panel	control_type	pool_bucket	input_stage	input_path_1	input_path_2	besthit_ready	next_step	tag_format
U0019C4FFCCD5	angkor	angkor_new_capture_64	LV3006120632	LV3006120632	LV6000619898	LV7008879199	capture	RiceEProbe20Panel2	sample	angkor_new_capture_panel2	raw_PE	/home/scratch/yinmt_rice/data/angkor_another_capture_data/LV7008879199-LV6000619898-LV3006120632-RiceEProbe20Panel2captured_S52_L004_R1_001.fastq.gz	/home/scratch/yinmt_rice/data/angkor_another_capture_data/LV7008879199-LV6000619898-LV3006120632-RiceEProbe20Panel2captured_S52_L004_R2_001.fastq.gz	No	QC_then_asian_rice_panel_extraction	@{unit_id}|{original_read_name}
U0036FCB68A1E	angkor	angkor_qc_519	LV3006120784	LV3006120784	LV6000200270	LV7008879484	shotgun		sample	shotgun	raw_qc_collapsed	/home/scratch/yinmt_rice/data/angkor_qc_collapsed/Lib_LV7008879484_collapsed.fastq.gz		No	crosswalk_if_needed_then_asian_rice_panel_extraction	@{unit_id}|{original_read_name}
U0055015DD875	angkor	angkor_new_capture_64	LV3006120646	LV3006120646	LV6000619894	LV7008879281	capture	RiceEProbe20Panel1	sample	angkor_new_capture_panel1	raw_PE	/home/scratch/yinmt_rice/data/angkor_another_capture_data/LV7008879281-LV6000619894-LV3006120646-RiceEProbe20Panel1captured_S38_L003_R1_001.fastq.gz	/home/scratch/yinmt_rice/data/angkor_another_capture_data/LV7008879281-LV6000619894-LV3006120646-RiceEProbe20Panel1captured_S38_L003_R2_001.fastq.gz	No	QC_then_asian_rice_panel_extraction	@{unit_id}|{original_read_name}
U00FC819DC3C2	angkor	angkor_qc_519				LV7008879053	shotgun		sample	shotgun	raw_qc_collapsed	/home/scratch/yinmt_rice/data/angkor_qc_collapsed/Lib_LV7008879053_collapsed.fastq.gz		No	crosswalk_if_needed_then_asian_rice_panel_extraction	@{unit_id}|{original_read_name}
U00FDE74ED43E	angkor	old_shotgun_376	LV3005272696	LV3005272696	LV7005010665	LV7009026447	shotgun		sample	shotgun	IRGSP1_prefilter	/projects/caeg/data/production/LV7/009/026/LV7009026447/20230927_AHNLW5DSX5/v1.0.8/4ebe3d1488023a26ec5b50b4e6a71f6b		No	asian_rice_panel_extraction_or_explicit_legacy_route	@{unit_id}|{original_read_name}
U012F4573E8B0	angkor	old_shotgun_376	LV3006105286	LV3006105286	LV6000620196	LV7008890334	shotgun		sample	shotgun	IRGSP1_prefilter	/projects/caeg/data/production/LV7/008/890/LV7008890334/20250905_AHC7WJDSXF/v1.0.8/4ebe3d1488023a26ec5b50b4e6a71f6b		No	asian_rice_panel_extraction_or_explicit_legacy_route	@{unit_id}|{original_read_name}
U012F9F481CB1	angkor	old_shotgun_376	LV3006007207	LV3006007207	LV7008416388	LV7009026563	shotgun		sample	shotgun	IRGSP1_prefilter	/projects/caeg/data/production/LV7/009/026/LV7009026563/20240702_BH5F5KDSX7/v1.0.8/4ebe3d1488023a26ec5b50b4e6a71f6b		No	asian_rice_panel_extraction_or_explicit_legacy_route	@{unit_id}|{original_read_name}
U014AED7C5DE1	angkor	old_shotgun_376	LV3006007210	LV3006007210	LV7008416378	LV7008955441	shotgun		sample	shotgun	IRGSP1_prefilter	/projects/caeg/data/production/LV7/008/955/LV7008955441/20240702_BH5F5KDSX7/v1.0.8/4ebe3d1488023a26ec5b50b4e6a71f6b		No	asian_rice_panel_extraction_or_explicit_legacy_route	@{unit_id}|{original_read_name}
U019CBBACF54F	nanzuo	nanzuo_function_IRGSP	YWL1-A3500		LV7005227378	LV7008960217	function		sample	direct_IRGSP	IRGSP_BAM	/home/scratch/yinmt202607/6.nanzuo_function_yancheng/LV7008960217-LV7005227378-YWL1-A3500_S48.bam		No	skip_asian_besthit_use_direct_IRGSP_downstream	
U01BEB29E7FF9	angkor	angkor_new_capture_64	LV3006121065	LV3006121065	LV6000654724	LV7008879276	capture	RiceEProbe20Panel2	sample	angkor_new_capture_panel2	raw_PE	/home/scratch/yinmt_rice/data/angkor_another_capture_data/LV7008879276-LV6000654724-LV3006121065-RiceEProbe20Panel2captured_S63_L004_R1_001.fastq.gz	/home/scratch/yinmt_rice/data/angkor_another_capture_data/LV7008879276-LV6000654724-LV3006121065-RiceEProbe20Panel2captured_S63_L004_R2_001.fastq.gz	No	QC_then_asian_rice_panel_extraction	@{unit_id}|{original_read_name}
U01CDE2A37167	angkor	angkor_new_capture_64	LV3006121024	LV3006121024	LV6000654719	LV7008879189	capture	RiceEProbe20Panel1	sample	angkor_new_capture_panel1	raw_PE	/home/scratch/yinmt_rice/data/angkor_another_capture_data/LV7008879189-LV6000654719-LV3006121024-RiceEProbe20Panel1captured_S4_L001_R1_001.fastq.gz	/home/scratch/yinmt_rice/data/angkor_another_capture_data/LV7008879189-LV6000654719-LV3006121024-RiceEProbe20Panel1captured_S4_L001_R2_001.fastq.gz	No	QC_then_asian_rice_panel_extraction	@{unit_id}|{original_read_name}
U024B4EF4077C	angkor	angkor_original_capture_16	LV3006121032	LV3006121032	LV6000619499	LV7008879541	capture	RicePanel2	sample	angkor_legacy_capture_panel2	asian_candidate_fastq	/home/scratch/yinmt202607/tests/param_matrix_bt2_vs_bwa/00.extraction/bt2_new/fastq/LV6000619499_RicePanel2.bt2new.fastq.gz		Yes	tag_pool_competitive_mapping_besthit	@{unit_id}|{original_read_name}
U0278E62EFBB0	angkor	angkor_qc_519	LV3006120746	LV3006120746	LV6000200295	LV7008879495	shotgun		sample	shotgun	raw_qc_collapsed	/home/scratch/yinmt_rice/data/angkor_qc_collapsed/Lib_LV7008879495_collapsed.fastq.gz		No	crosswalk_if_needed_then_asian_rice_panel_extraction	@{unit_id}|{original_read_name}
U02869B149D63	angkor	old_shotgun_376	LV3006105285	LV3006105285	LV6000620180	LV7008890383	shotgun		sample	shotgun	IRGSP1_prefilter	/projects/caeg/data/production/LV7/008/890/LV7008890383/20250905_AHC7WJDSXF/v1.0.8/4ebe3d1488023a26ec5b50b4e6a71f6b		No	asian_rice_panel_extraction_or_explicit_legacy_route	@{unit_id}|{original_read_name}
U028BF0F68876	angkor	angkor_qc_519	LV3006121041	LV3006121041	LV6000619513	LV7008879518	shotgun		sample	shotgun	raw_qc_collapsed	/home/scratch/yinmt_rice/data/angkor_qc_collapsed/Lib_LV7008879518_collapsed.fastq.gz		No	crosswalk_if_needed_then_asian_rice_panel_extraction	@{unit_id}|{original_read_name}
U03295E201CE0	nanzuo	nanzuo_asian_extract	YWL1-A3501				shotgun		sample	nanzuo_shotgun	asian_candidate_fastq	/home/scratch/yinmt_rice/data/nanzuo_extract/shotgun/YWL1-A3501.bt2.primary_mapped.fastq.gz		Yes	tag_pool_competitive_mapping_besthit	@{unit_id}|{original_read_name}
U036DE95A5922	angkor	old_shotgun_376	LV3006007177	LV3006007177	LV7008416354	LV7009026364	shotgun		sample	shotgun	IRGSP1_prefilter	/projects/caeg/data/production/LV7/009/026/LV7009026364/20240704_BH5FCVDSX7/v1.0.8/4ebe3d1488023a26ec5b50b4e6a71f6b		No	asian_rice_panel_extraction_or_explicit_legacy_route	@{unit_id}|{original_read_name}
U03869BD2506B	angkor	old_shotgun_376	LV3006120659	LV3006120659	LV6000619992	LV7008890361	shotgun		sample	shotgun	IRGSP1_prefilter	/projects/caeg/data/production/LV7/008/890/LV7008890361/20250827_BHCMGWDSXF/v1.0.8/4ebe3d1488023a26ec5b50b4e6a71f6b		No	asian_rice_panel_extraction_or_explicit_legacy_route	@{unit_id}|{original_read_name}
U0401EF2C7D26	angkor	angkor_new_capture_64	LV3006007229	LV3006007229	LV7008416367	LV7008957561	capture	RiceEProbe20Panel1	sample	angkor_new_capture_panel1	raw_PE	/home/scratch/yinmt_rice/data/angkor_another_capture_data/LV7008957561-LV7008416367-LV3006007229-RiceEProbe20Panel1captured_S18_L002_R1_001.fastq.gz	/home/scratch/yinmt_rice/data/angkor_another_capture_data/LV7008957561-LV7008416367-LV3006007229-RiceEProbe20Panel1captured_S18_L002_R2_001.fastq.gz	No	QC_then_asian_rice_panel_extraction	@{unit_id}|{original_read_name}
U04429C0F9E42	nanzuo	nanzuo_asian_extract	YWL1-A3495				shotgun		sample	nanzuo_shotgun	asian_candidate_fastq	/home/scratch/yinmt_rice/data/nanzuo_extract/shotgun/YWL1-A3495.bt2.primary_mapped.fastq.gz		Yes	tag_pool_competitive_mapping_besthit	@{unit_id}|{original_read_name}
U04686DC2AFC5	angkor	angkor_new_capture_64	LV3006121049	LV3006121049	LV6000654683	LV7008879241	capture	RiceEProbe20Panel1	sample	angkor_new_capture_panel1	raw_PE	/home/scratch/yinmt_rice/data/angkor_another_capture_data/LV7008879241-LV6000654683-LV3006121049-RiceEProbe20Panel1captured_S44_L003_R1_001.fastq.gz	/home/scratch/yinmt_rice/data/angkor_another_capture_data/LV7008879241-LV6000654683-LV3006121049-RiceEProbe20Panel1captured_S44_L003_R2_001.fastq.gz	No	QC_then_asian_rice_panel_extraction	@{unit_id}|{original_read_name}
U04DEE565FE03	angkor	angkor_qc_519				LV7008879927	shotgun		sample	shotgun	raw_qc_collapsed	/home/scratch/yinmt_rice/data/angkor_qc_collapsed/Lib_LV7008879927_collapsed.fastq.gz		No	crosswalk_if_needed_then_asian_rice_panel_extraction	@{unit_id}|{original_read_name}
U050969754863	angkor	old_shotgun_376	LV3005273280	LV3005273280	LV7005010659	LV7009026472	shotgun		sample	shotgun	IRGSP1_prefilter	/projects/caeg/data/production/LV7/009/026/LV7009026472/20230927_AHNLW5DSX5/v1.0.8/4ebe3d1488023a26ec5b50b4e6a71f6b		No	asian_rice_panel_extraction_or_explicit_legacy_route	@{unit_id}|{original_read_name}
U053BB2D39930	angkor	angkor_qc_519				LV7008879771	shotgun		sample	shotgun	raw_qc_collapsed	/home/scratch/yinmt_rice/data/angkor_qc_collapsed/Lib_LV7008879771_collapsed.fastq.gz		No	crosswalk_if_needed_then_asian_rice_panel_extraction	@{unit_id}|{original_read_name}
U05520418422F	nanzuo	nanzuo_asian_extract	YWL1-A3484				shotgun		sample	nanzuo_shotgun	asian_candidate_fastq	/home/scratch/yinmt_rice/data/nanzuo_extract/shotgun/YWL1-A3484.bt2.primary_mapped.fastq.gz		Yes	tag_pool_competitive_mapping_besthit	@{unit_id}|{original_read_name}
U05A71E4BE9F5	angkor	old_shotgun_376	LV3006105284	LV3006105284	LV6000620163	LV7008890384	shotgun		sample	shotgun	IRGSP1_prefilter	/projects/caeg/data/production/LV7/008/890/LV7008890384/20250905_AHC7WJDSXF/v1.0.8/4ebe3d1488023a26ec5b50b4e6a71f6b		No	asian_rice_panel_extraction_or_explicit_legacy_route	@{unit_id}|{original_read_name}
U05BB9DBC443B	angkor	old_shotgun_376	LV3006007209	LV3006007209	LV7008416362	LV7009022696	shotgun		sample	shotgun	IRGSP1_prefilter	/projects/caeg/data/production/LV7/009/022/LV7009022696/20240702_BH5F5KDSX7/v1.0.8/4ebe3d1488023a26ec5b50b4e6a71f6b		No	asian_rice_panel_extraction_or_explicit_legacy_route	@{unit_id}|{original_read_name}
U060B7DDFA61A	angkor	angkor_qc_519				LV7008879951	shotgun		sample	shotgun	raw_qc_collapsed	/home/scratch/yinmt_rice/data/angkor_qc_collapsed/Lib_LV7008879951_collapsed.fastq.gz		No	crosswalk_if_needed_then_asian_rice_panel_extraction	@{unit_id}|{original_read_name}
U06615F10E753	angkor	angkor_new_capture_64	LV3006121089	LV3006121089	LV6000654689	LV7008879206	capture	RiceEProbe20Panel2	sample	angkor_new_capture_panel2	raw_PE	/home/scratch/yinmt_rice/data/angkor_another_capture_data/LV7008879206-LV6000654689-LV3006121089-RiceEProbe20Panel2captured_S112_L007_R1_001.fastq.gz	/home/scratch/yinmt_rice/data/angkor_another_capture_data/LV7008879206-LV6000654689-LV3006121089-RiceEProbe20Panel2captured_S112_L007_R2_001.fastq.gz	No	QC_then_asian_rice_panel_extraction	@{unit_id}|{original_read_name}
U06BDF937FC51	angkor	angkor_qc_519				LV7008879799	shotgun		sample	shotgun	raw_qc_collapsed	/home/scratch/yinmt_rice/data/angkor_qc_collapsed/Lib_LV7008879799_collapsed.fastq.gz		No	crosswalk_if_needed_then_asian_rice_panel_extraction	@{unit_id}|{original_read_name}
U06E54670F25F	angkor	old_shotgun_376	LV3006007198	LV3006007198	LV7008416379	LV7008961151	shotgun		sample	shotgun	IRGSP1_prefilter	/projects/caeg/data/production/LV7/008/961/LV7008961151/20240702_BH5F5KDSX7/v1.0.8/4ebe3d1488023a26ec5b50b4e6a71f6b		No	asian_rice_panel_extraction_or_explicit_legacy_route	@{unit_id}|{original_read_name}
U0708658BE3E6	angkor	angkor_qc_519				LV7008879166	shotgun		sample	shotgun	raw_qc_collapsed	/home/scratch/yinmt_rice/data/angkor_qc_collapsed/Lib_LV7008879166_collapsed.fastq.gz		No	crosswalk_if_needed_then_asian_rice_panel_extraction	@{unit_id}|{original_read_name}
U07159CF3967C	angkor	angkor_new_capture_64	LV3006121090	LV3006121090	LV6000654697	LV7008879218	capture	RiceEProbe20Panel2	sample	angkor_new_capture_panel2	raw_PE	/home/scratch/yinmt_rice/data/angkor_another_capture_data/LV7008879218-LV6000654697-LV3006121090-RiceEProbe20Panel2captured_S125_L008_R1_001.fastq.gz	/home/scratch/yinmt_rice/data/angkor_another_capture_data/LV7008879218-LV6000654697-LV3006121090-RiceEProbe20Panel2captured_S125_L008_R2_001.fastq.gz	No	QC_then_asian_rice_panel_extraction	@{unit_id}|{original_read_name}
U0716442EDDCF	angkor	angkor_original_capture_16	LV3006121044	LV3006121044	LV6000654686	LV7008879263	capture	RicePanel2	sample	angkor_legacy_capture_panel2	asian_candidate_fastq	/home/scratch/yinmt202607/tests/param_matrix_bt2_vs_bwa/00.extraction/bt2_new/fastq/LV6000654686_RicePanel2.bt2new.fastq.gz		Yes	tag_pool_competitive_mapping_besthit	@{unit_id}|{original_read_name}
U076AE1F1FF43	angkor	angkor_qc_519				LV7008879982	shotgun		sample	shotgun	raw_qc_collapsed	/home/scratch/yinmt_rice/data/angkor_qc_collapsed/Lib_LV7008879982_collapsed.fastq.gz		No	crosswalk_if_needed_then_asian_rice_panel_extraction	@{unit_id}|{original_read_name}
U07CBD5861FE7	angkor	old_shotgun_376	LV3005273234	LV3005273234	LV7005010702	LV7009026524	shotgun		sample	shotgun	IRGSP1_prefilter	/projects/caeg/data/production/LV7/009/026/LV7009026524/20230927_AHNLW5DSX5/v1.0.8/4ebe3d1488023a26ec5b50b4e6a71f6b		No	asian_rice_panel_extraction_or_explicit_legacy_route	@{unit_id}|{original_read_name}
U07EB225F6EF8	nanzuo	nanzuo_asian_extract	YWL1-A3498				shotgun		sample	nanzuo_shotgun	asian_candidate_fastq	/home/scratch/yinmt_rice/data/nanzuo_extract/shotgun/YWL1-A3498.bt2.primary_mapped.fastq.gz		Yes	tag_pool_competitive_mapping_besthit	@{unit_id}|{original_read_name}
U0847E6267068	angkor	angkor_qc_519	LV3006120666	LV3006120666	LV6000619913	LV7008879248	shotgun		sample	shotgun	raw_qc_collapsed	/home/scratch/yinmt_rice/data/angkor_qc_collapsed/Lib_LV7008879248_collapsed.fastq.gz		No	crosswalk_if_needed_then_asian_rice_panel_extraction	@{unit_id}|{original_read_name}
U0896ADAB3BF4	angkor	old_shotgun_376	LV3006121026	LV3006121026	LV6000619507	LV7008879553	shotgun		sample	shotgun	IRGSP1_prefilter	/projects/caeg/data/production/LV7/008/879/LV7008879553/20250829_BHC5GYDSXF/v1.0.8/4ebe3d1488023a26ec5b50b4e6a71f6b		No	asian_rice_panel_extraction_or_explicit_legacy_route	@{unit_id}|{original_read_name}
U08B305B695B1	angkor	angkor_original_capture_16	LV3006006419	LV3006006419	LV7008416272	LV7008961181	capture	RicePanel2	sample	angkor_legacy_capture_panel2	asian_candidate_fastq	/home/scratch/yinmt202607/tests/param_matrix_bt2_vs_bwa/00.extraction/bt2_new/fastq/LV7008416272_RicePanel2.bt2new.fastq.gz		Yes	tag_pool_competitive_mapping_besthit	@{unit_id}|{original_read_name}
U092DBADD13AD	nanzuo	nanzuo_asian_extract	YWL1-A3488				shotgun		sample	nanzuo_shotgun	asian_candidate_fastq	/home/scratch/yinmt_rice/data/nanzuo_extract/shotgun/YWL1-A3488.bt2.primary_mapped.fastq.gz		Yes	tag_pool_competitive_mapping_besthit	@{unit_id}|{original_read_name}
U09575344F7E9	angkor	old_shotgun_376	LV3006007185	LV3006007185	LV7008416320	LV7008955282	shotgun		sample	shotgun	IRGSP1_prefilter	/projects/caeg/data/production/LV7/008/955/LV7008955282/20240704_BH5FCVDSX7/v1.0.8/4ebe3d1488023a26ec5b50b4e6a71f6b		No	asian_rice_panel_extraction_or_explicit_legacy_route	@{unit_id}|{original_read_name}
U0981BDFEA07F	angkor	angkor_new_capture_64	LV3006120715	LV3006120715	LV6000620184	LV7008890331	capture	RiceEProbe20Panel2	sample	angkor_new_capture_panel2	raw_PE	/home/scratch/yinmt_rice/data/angkor_another_capture_data/LV7008890331-LV6000620184-LV3006120715-RiceEProbe20Panel2captured_S121_L008_R1_001.fastq.gz	/home/scratch/yinmt_rice/data/angkor_another_capture_data/LV7008890331-LV6000620184-LV3006120715-RiceEProbe20Panel2captured_S121_L008_R2_001.fastq.gz	No	QC_then_asian_rice_panel_extraction	@{unit_id}|{original_read_name}
U0990408C37F7	angkor	old_shotgun_376	LV3006121053	LV3006121053	LV6000654700	LV7008879240	shotgun		sample	shotgun	IRGSP1_prefilter	/projects/caeg/data/production/LV7/008/879/LV7008879240/20250903_BHC5NVDSXF/v1.0.8/4ebe3d1488023a26ec5b50b4e6a71f6b		No	asian_rice_panel_extraction_or_explicit_legacy_route	@{unit_id}|{original_read_name}
U09BFF10EBFDF	mcp	mcp_reshotgun	proxy20260303192		LV6000655548	LV7008865116	shotgun		sample	shotgun	raw_bbduk	/home/scratch/yinmt202607/4.mcp_reshotgun/data/reads/LV7008865116-LV6000655548-proxy20260303192_S125.bbduk.lowcomp_filtered.fq		No	asian_rice_panel_extraction_then_tag_pool_besthit	@{unit_id}|{original_read_name}
U09C8D6A03575	angkor	old_shotgun_376	LV3006006423	LV3006006423	LV7008416294	LV7009026578	shotgun		sample	shotgun	IRGSP1_prefilter	/projects/caeg/data/production/LV7/009/026/LV7009026578/20240724_BH5F2GDSX7/v1.0.8/4ebe3d1488023a26ec5b50b4e6a71f6b		No	asian_rice_panel_extraction_or_explicit_legacy_route	@{unit_id}|{original_read_name}
U09D17A4996FB	angkor	angkor_qc_519				LV7008879975	shotgun		sample	shotgun	raw_qc_collapsed	/home/scratch/yinmt_rice/data/angkor_qc_collapsed/Lib_LV7008879975_collapsed.fastq.gz		No	crosswalk_if_needed_then_asian_rice_panel_extraction	@{unit_id}|{original_read_name}
U09E49D370A17	angkor	angkor_qc_519				LV7008879921	shotgun		sample	shotgun	raw_qc_collapsed	/home/scratch/yinmt_rice/data/angkor_qc_collapsed/Lib_LV7008879921_collapsed.fastq.gz		No	crosswalk_if_needed_then_asian_rice_panel_extraction	@{unit_id}|{original_read_name}
U0A78043CFE52	angkor	angkor_qc_519	LV3006121051	LV3006121051	LV6000654702	LV7008879190	shotgun		sample	shotgun	raw_qc_collapsed	/home/scratch/yinmt_rice/data/angkor_qc_collapsed/Lib_LV7008879190_collapsed.fastq.gz		No	crosswalk_if_needed_then_asian_rice_panel_extraction	@{unit_id}|{original_read_name}
U0A9C37D1F179	angkor	angkor_qc_519				LV7008879878	shotgun		sample	shotgun	raw_qc_collapsed	/home/scratch/yinmt_rice/data/angkor_qc_collapsed/Lib_LV7008879878_collapsed.fastq.gz		No	crosswalk_if_needed_then_asian_rice_panel_extraction	@{unit_id}|{original_read_name}
U0B65C4B610E6	angkor	angkor_new_capture_64	LV3006121050	LV3006121050	LV6000654725	LV7008879251	capture	RiceEProbe20Panel2	sample	angkor_new_capture_panel2	raw_PE	/home/scratch/yinmt_rice/data/angkor_another_capture_data/LV7008879251-LV6000654725-LV3006121050-RiceEProbe20Panel2captured_S65_L005_R1_001.fastq.gz	/home/scratch/yinmt_rice/data/angkor_another_capture_data/LV7008879251-LV6000654725-LV3006121050-RiceEProbe20Panel2captured_S65_L005_R2_001.fastq.gz	No	QC_then_asian_rice_panel_extraction	@{unit_id}|{original_read_name}
U0B9403076FE2	angkor	angkor_qc_519	LV3006120798	LV3006120798	LV6000200276	LV7008879546	shotgun		sample	shotgun	raw_qc_collapsed	/home/scratch/yinmt_rice/data/angkor_qc_collapsed/Lib_LV7008879546_collapsed.fastq.gz		No	crosswalk_if_needed_then_asian_rice_panel_extraction	@{unit_id}|{original_read_name}
U0BB3142F98F5	angkor	angkor_qc_519	LV3006121025	LV3006121025	LV6000654703	LV7008879262	shotgun		sample	shotgun	raw_qc_collapsed	/home/scratch/yinmt_rice/data/angkor_qc_collapsed/Lib_LV7008879262_collapsed.fastq.gz		No	crosswalk_if_needed_then_asian_rice_panel_extraction	@{unit_id}|{original_read_name}
U0BE16AB289F8	angkor	old_shotgun_376	LV3006120639	LV3006120639	LV6000619925	LV7008879257	shotgun		sample	shotgun	IRGSP1_prefilter	/projects/caeg/data/production/LV7/008/879/LV7008879257/20250825_BHC7THDSXF/v1.0.8/4ebe3d1488023a26ec5b50b4e6a71f6b		No	asian_rice_panel_extraction_or_explicit_legacy_route	@{unit_id}|{original_read_name}
U0C2FB14D78D4	angkor	angkor_qc_519				LV7008879009	shotgun		sample	shotgun	raw_qc_collapsed	/home/scratch/yinmt_rice/data/angkor_qc_collapsed/Lib_LV7008879009_collapsed.fastq.gz		No	crosswalk_if_needed_then_asian_rice_panel_extraction	@{unit_id}|{original_read_name}
U0CEF90DB450A	angkor	angkor_qc_519				LV7008879840	shotgun		sample	shotgun	raw_qc_collapsed	/home/scratch/yinmt_rice/data/angkor_qc_collapsed/Lib_LV7008879840_collapsed.fastq.gz		No	crosswalk_if_needed_then_asian_rice_panel_extraction	@{unit_id}|{original_read_name}
U0D421702C4C2	nanzuo	nanzuo_asian_extract	YWL1-A3484		LV7005227362	LV7008960290	popgen		sample	nanzuo_popgen	asian_candidate_fastq	/home/scratch/yinmt_rice/data/nanzuo_extract/popgen/YWL1-A3484.bt2.primary_mapped.fastq.gz		Yes	tag_pool_competitive_mapping_besthit	@{unit_id}|{original_read_name}
U0D76A30A85F4	angkor	angkor_qc_519				LV7008879905	shotgun		sample	shotgun	raw_qc_collapsed	/home/scratch/yinmt_rice/data/angkor_qc_collapsed/Lib_LV7008879905_collapsed.fastq.gz		No	crosswalk_if_needed_then_asian_rice_panel_extraction	@{unit_id}|{original_read_name}
U0D9496CA44E7	angkor	old_shotgun_376	LV3006121025	LV3006121025	LV6000654703	LV7008879262	shotgun		sample	shotgun	IRGSP1_prefilter	/projects/caeg/data/production/LV7/008/879/LV7008879262/20250903_BHC5NVDSXF/v1.0.8/4ebe3d1488023a26ec5b50b4e6a71f6b		No	asian_rice_panel_extraction_or_explicit_legacy_route	@{unit_id}|{original_read_name}
U0DD025E37CD9	angkor	old_shotgun_376	LV3006121086	LV3006121086	LV6000654714	LV7008879217	shotgun		sample	shotgun	IRGSP1_prefilter	/projects/caeg/data/production/LV7/008/879/LV7008879217/20250903_BHC5NVDSXF/v1.0.8/4ebe3d1488023a26ec5b50b4e6a71f6b		No	asian_rice_panel_extraction_or_explicit_legacy_route	@{unit_id}|{original_read_name}
U0DD11890A7BC	angkor	angkor_qc_519	LV3006121014	LV3006121014	LV6000619500	LV7008879516	shotgun		sample	shotgun	raw_qc_collapsed	/home/scratch/yinmt_rice/data/angkor_qc_collapsed/Lib_LV7008879516_collapsed.fastq.gz		No	crosswalk_if_needed_then_asian_rice_panel_extraction	@{unit_id}|{original_read_name}
U0DFF26F89CBF	angkor	old_shotgun_376	LV3006121017	LV3006121017	LV6000619038	LV7008879552	shotgun		sample	shotgun	IRGSP1_prefilter	/projects/caeg/data/production/LV7/008/879/LV7008879552/20250829_BHC5GYDSXF/v1.0.8/4ebe3d1488023a26ec5b50b4e6a71f6b		No	asian_rice_panel_extraction_or_explicit_legacy_route	@{unit_id}|{original_read_name}
U0E02C53F6749	angkor	angkor_qc_519				LV7008879818	shotgun		sample	shotgun	raw_qc_collapsed	/home/scratch/yinmt_rice/data/angkor_qc_collapsed/Lib_LV7008879818_collapsed.fastq.gz		No	crosswalk_if_needed_then_asian_rice_panel_extraction	@{unit_id}|{original_read_name}
U0E89F7677396	angkor	angkor_qc_519				LV7008879809	shotgun		sample	shotgun	raw_qc_collapsed	/home/scratch/yinmt_rice/data/angkor_qc_collapsed/Lib_LV7008879809_collapsed.fastq.gz		No	crosswalk_if_needed_then_asian_rice_panel_extraction	@{unit_id}|{original_read_name}
U0ED849AF58AA	angkor	angkor_qc_519	LV3006120642	LV3006120642	LV6000619884	LV7008879222	shotgun		sample	shotgun	raw_qc_collapsed	/home/scratch/yinmt_rice/data/angkor_qc_collapsed/Lib_LV7008879222_collapsed.fastq.gz		No	crosswalk_if_needed_then_asian_rice_panel_extraction	@{unit_id}|{original_read_name}
U0F6F0CCD459A	angkor	angkor_qc_519				LV7008879030	shotgun		sample	shotgun	raw_qc_collapsed	/home/scratch/yinmt_rice/data/angkor_qc_collapsed/Lib_LV7008879030_collapsed.fastq.gz		No	crosswalk_if_needed_then_asian_rice_panel_extraction	@{unit_id}|{original_read_name}
U0FA0C27EBBB5	angkor	angkor_qc_519	LV3006121006	LV3006121006	LV6000619494	LV7008879551	shotgun		sample	shotgun	raw_qc_collapsed	/home/scratch/yinmt_rice/data/angkor_qc_collapsed/Lib_LV7008879551_collapsed.fastq.gz		No	crosswalk_if_needed_then_asian_rice_panel_extraction	@{unit_id}|{original_read_name}
U0FA81D5BC132	angkor	old_shotgun_376	LV3006007304	LV3006007304	LV7008416322	LV7009024246	shotgun		sample	shotgun	IRGSP1_prefilter	/projects/caeg/data/production/LV7/009/024/LV7009024246/20240704_BH5FCVDSX7/v1.0.8/4ebe3d1488023a26ec5b50b4e6a71f6b		No	asian_rice_panel_extraction_or_explicit_legacy_route	@{unit_id}|{original_read_name}
U0FED0541539F	nanzuo	nanzuo_function_IRGSP	YWL1-A3494		LV7005227372	LV7008960252	function		sample	direct_IRGSP	IRGSP_BAM	/home/scratch/yinmt202607/6.nanzuo_function_yancheng/LV7008960252-LV7005227372-YWL1-A3494_S52.bam		No	skip_asian_besthit_use_direct_IRGSP_downstream	
U0FFF54FA1172	angkor	angkor_qc_519				LV7008879524	shotgun		sample	shotgun	raw_qc_collapsed	/home/scratch/yinmt_rice/data/angkor_qc_collapsed/Lib_LV7008879524_collapsed.fastq.gz		No	crosswalk_if_needed_then_asian_rice_panel_extraction	@{unit_id}|{original_read_name}
U10E208B46DA1	mcp	mcp_reshotgun	proxy20260303169		LV6000655549	LV7008865091	shotgun		sample	shotgun	raw_bbduk	/home/scratch/yinmt202607/4.mcp_reshotgun/data/reads/LV7008865091-LV6000655549-proxy20260303169_S102.bbduk.lowcomp_filtered.fq		No	asian_rice_panel_extraction_then_tag_pool_besthit	@{unit_id}|{original_read_name}
U10F12774E2C8	angkor	angkor_new_capture_64	LV3006121063	LV3006121063	LV6000654709	LV7008879227	capture	RiceEProbe20Panel1	sample	angkor_new_capture_panel1	raw_PE	/home/scratch/yinmt_rice/data/angkor_another_capture_data/LV7008879227-LV6000654709-LV3006121063-RiceEProbe20Panel1captured_S48_L003_R1_001.fastq.gz	/home/scratch/yinmt_rice/data/angkor_another_capture_data/LV7008879227-LV6000654709-LV3006121063-RiceEProbe20Panel1captured_S48_L003_R2_001.fastq.gz	No	QC_then_asian_rice_panel_extraction	@{unit_id}|{original_read_name}
U10FB72897E44	angkor	old_shotgun_376	LV3006007200	LV3006007200	LV7008416393	LV7009026360	shotgun		sample	shotgun	IRGSP1_prefilter	/projects/caeg/data/production/LV7/009/026/LV7009026360/20240702_BH5F5KDSX7/v1.0.8/4ebe3d1488023a26ec5b50b4e6a71f6b		No	asian_rice_panel_extraction_or_explicit_legacy_route	@{unit_id}|{original_read_name}
U11157601D61F	angkor	old_shotgun_376	LV3006007300	LV3006007300	LV7008416355	LV7009026551	shotgun		sample	shotgun	IRGSP1_prefilter	/projects/caeg/data/production/LV7/009/026/LV7009026551/20240704_BH5FCVDSX7/v1.0.8/4ebe3d1488023a26ec5b50b4e6a71f6b		No	asian_rice_panel_extraction_or_explicit_legacy_route	@{unit_id}|{original_read_name}
U111874AC086A	angkor	angkor_qc_519	LV3006120652	LV3006120652	LV6000619881	LV7008879200	shotgun		sample	shotgun	raw_qc_collapsed	/home/scratch/yinmt_rice/data/angkor_qc_collapsed/Lib_LV7008879200_collapsed.fastq.gz		No	crosswalk_if_needed_then_asian_rice_panel_extraction	@{unit_id}|{original_read_name}
U1164571DCA07	angkor	angkor_qc_519	LV3006121068	LV3006121068	LV6000654706	LV7008879205	shotgun		sample	shotgun	raw_qc_collapsed	/home/scratch/yinmt_rice/data/angkor_qc_collapsed/Lib_LV7008879205_collapsed.fastq.gz		No	crosswalk_if_needed_then_asian_rice_panel_extraction	@{unit_id}|{original_read_name}
U119F6464083B	angkor	angkor_qc_519				LV7008879121	shotgun		sample	shotgun	raw_qc_collapsed	/home/scratch/yinmt_rice/data/angkor_qc_collapsed/Lib_LV7008879121_collapsed.fastq.gz		No	crosswalk_if_needed_then_asian_rice_panel_extraction	@{unit_id}|{original_read_name}
U11AD6C730DC5	angkor	angkor_qc_519				LV7008879888	shotgun		sample	shotgun	raw_qc_collapsed	/home/scratch/yinmt_rice/data/angkor_qc_collapsed/Lib_LV7008879888_collapsed.fastq.gz		No	crosswalk_if_needed_then_asian_rice_panel_extraction	@{unit_id}|{original_read_name}
U11C4347DE84A	angkor	old_shotgun_376	LV3006120670	LV3006120670	LV6000619897	LV7008879224	shotgun		sample	shotgun	IRGSP1_prefilter	/projects/caeg/data/production/LV7/008/879/LV7008879224/20250825_BHC7THDSXF/v1.0.8/4ebe3d1488023a26ec5b50b4e6a71f6b		No	asian_rice_panel_extraction_or_explicit_legacy_route	@{unit_id}|{original_read_name}
U12130302E7FE	angkor	angkor_new_capture_64	LV3006121060	LV3006121060	LV6000654723	LV7008879204	capture	RiceEProbe20Panel2	sample	angkor_new_capture_panel2	raw_PE	/home/scratch/yinmt_rice/data/angkor_another_capture_data/LV7008879204-LV6000654723-LV3006121060-RiceEProbe20Panel2captured_S62_L004_R1_001.fastq.gz	/home/scratch/yinmt_rice/data/angkor_another_capture_data/LV7008879204-LV6000654723-LV3006121060-RiceEProbe20Panel2captured_S62_L004_R2_001.fastq.gz	No	QC_then_asian_rice_panel_extraction	@{unit_id}|{original_read_name}
U122BC9D2DCA8	angkor	angkor_original_capture_16	LV3006007306	LV3006007306	LV7008416339	LV7009024536	capture	RicePanel1	sample	angkor_legacy_capture_panel1	asian_candidate_fastq	/home/scratch/yinmt202607/tests/param_matrix_bt2_vs_bwa/00.extraction/bt2_new/fastq/LV7008416339_RicePanel1.bt2new.fastq.gz		Yes	tag_pool_competitive_mapping_besthit	@{unit_id}|{original_read_name}
U12BAE19E79BD	angkor	angkor_new_capture_64	LV3006120725	LV3006120725	LV6000620155	LV7008890345	capture	RiceEProbe20Panel1	sample	angkor_new_capture_panel1	raw_PE	/home/scratch/yinmt_rice/data/angkor_another_capture_data/LV7008890345-LV6000620155-LV3006120725-RiceEProbe20Panel1captured_S83_L006_R1_001.fastq.gz	/home/scratch/yinmt_rice/data/angkor_another_capture_data/LV7008890345-LV6000620155-LV3006120725-RiceEProbe20Panel1captured_S83_L006_R2_001.fastq.gz	No	QC_then_asian_rice_panel_extraction	@{unit_id}|{original_read_name}
U13682182A0F8	angkor	angkor_qc_519				LV7008879138	shotgun		sample	shotgun	raw_qc_collapsed	/home/scratch/yinmt_rice/data/angkor_qc_collapsed/Lib_LV7008879138_collapsed.fastq.gz		No	crosswalk_if_needed_then_asian_rice_panel_extraction	@{unit_id}|{original_read_name}
U13812D90E408	angkor	angkor_qc_519				LV7008879123	shotgun		sample	shotgun	raw_qc_collapsed	/home/scratch/yinmt_rice/data/angkor_qc_collapsed/Lib_LV7008879123_collapsed.fastq.gz		No	crosswalk_if_needed_then_asian_rice_panel_extraction	@{unit_id}|{original_read_name}
U14162EA3714C	angkor	angkor_qc_519	LV3006120649	LV3006120649	LV6000619923	LV7008879210	shotgun		sample	shotgun	raw_qc_collapsed	/home/scratch/yinmt_rice/data/angkor_qc_collapsed/Lib_LV7008879210_collapsed.fastq.gz		No	crosswalk_if_needed_then_asian_rice_panel_extraction	@{unit_id}|{original_read_name}
U14602921F2DA	nanzuo	nanzuo_asian_extract	YWL1-A3502		LV7005226560	LV7008960264	popgen		sample	nanzuo_popgen	asian_candidate_fastq	/home/scratch/yinmt_rice/data/nanzuo_extract/popgen/YWL1-A3502.bt2.primary_mapped.fastq.gz		Yes	tag_pool_competitive_mapping_besthit	@{unit_id}|{original_read_name}
U14C253501358	nanzuo	nanzuo_asian_extract	YWL1-A3496		LV7005227374	LV7008960311	popgen		sample	nanzuo_popgen	asian_candidate_fastq	/home/scratch/yinmt_rice/data/nanzuo_extract/popgen/YWL1-A3496.bt2.primary_mapped.fastq.gz		Yes	tag_pool_competitive_mapping_besthit	@{unit_id}|{original_read_name}
U14FA9A4EC61E	angkor	angkor_qc_519				LV7008879903	shotgun		sample	shotgun	raw_qc_collapsed	/home/scratch/yinmt_rice/data/angkor_qc_collapsed/Lib_LV7008879903_collapsed.fastq.gz		No	crosswalk_if_needed_then_asian_rice_panel_extraction	@{unit_id}|{original_read_name}
U15302F4E706C	angkor	old_shotgun_376	LV3006121088	LV3006121088	LV6000654713	LV7008879242	shotgun		sample	shotgun	IRGSP1_prefilter	/projects/caeg/data/production/LV7/008/879/LV7008879242/20250903_BHC5NVDSXF/v1.0.8/4ebe3d1488023a26ec5b50b4e6a71f6b		No	asian_rice_panel_extraction_or_explicit_legacy_route	@{unit_id}|{original_read_name}
U164EDE7780B7	angkor	angkor_qc_519	LV3006121010	LV3006121010	LV6000619517	LV7008879515	shotgun		sample	shotgun	raw_qc_collapsed	/home/scratch/yinmt_rice/data/angkor_qc_collapsed/Lib_LV7008879515_collapsed.fastq.gz		No	crosswalk_if_needed_then_asian_rice_panel_extraction	@{unit_id}|{original_read_name}
U165571DDDA49	angkor	angkor_qc_519				LV7008879895	shotgun		sample	shotgun	raw_qc_collapsed	/home/scratch/yinmt_rice/data/angkor_qc_collapsed/Lib_LV7008879895_collapsed.fastq.gz		No	crosswalk_if_needed_then_asian_rice_panel_extraction	@{unit_id}|{original_read_name}
U16625FBB47B1	angkor	angkor_qc_519				LV7008879127	shotgun		sample	shotgun	raw_qc_collapsed	/home/scratch/yinmt_rice/data/angkor_qc_collapsed/Lib_LV7008879127_collapsed.fastq.gz		No	crosswalk_if_needed_then_asian_rice_panel_extraction	@{unit_id}|{original_read_name}
U16C251B15553	angkor	angkor_new_capture_64	LV3006120661	LV3006120661	LV6000620045	LV7008890337	capture	RiceEProbe20Panel2	sample	angkor_new_capture_panel2	raw_PE	/home/scratch/yinmt_rice/data/angkor_another_capture_data/LV7008890337-LV6000620045-LV3006120661-RiceEProbe20Panel2captured_S49_L004_R1_001.fastq.gz	/home/scratch/yinmt_rice/data/angkor_another_capture_data/LV7008890337-LV6000620045-LV3006120661-RiceEProbe20Panel2captured_S49_L004_R2_001.fastq.gz	No	QC_then_asian_rice_panel_extraction	@{unit_id}|{original_read_name}
U170EF1A46C9E	angkor	angkor_qc_519	LV3006120783	LV3006120783	LV6000200294	LV7008879520	shotgun		sample	shotgun	raw_qc_collapsed	/home/scratch/yinmt_rice/data/angkor_qc_collapsed/Lib_LV7008879520_collapsed.fastq.gz		No	crosswalk_if_needed_then_asian_rice_panel_extraction	@{unit_id}|{original_read_name}
U171622C7FB0B	angkor	old_shotgun_376	LV3006120691	LV3006120691	LV6000620013	LV7008890363	shotgun		sample	shotgun	IRGSP1_prefilter	/projects/caeg/data/production/LV7/008/890/LV7008890363/20250827_BHCMGWDSXF/v1.0.8/4ebe3d1488023a26ec5b50b4e6a71f6b		No	asian_rice_panel_extraction_or_explicit_legacy_route	@{unit_id}|{original_read_name}
U178FE27B96E6	angkor	old_shotgun_376	LV3006007190	LV3006007190	LV7008416314	LV7009024585	shotgun		sample	shotgun	IRGSP1_prefilter	/projects/caeg/data/production/LV7/009/024/LV7009024585/20240704_BH5FCVDSX7/v1.0.8/4ebe3d1488023a26ec5b50b4e6a71f6b		No	asian_rice_panel_extraction_or_explicit_legacy_route	@{unit_id}|{original_read_name}
U179068760AAC	angkor	angkor_qc_519				LV7008879113	shotgun		sample	shotgun	raw_qc_collapsed	/home/scratch/yinmt_rice/data/angkor_qc_collapsed/Lib_LV7008879113_collapsed.fastq.gz		No	crosswalk_if_needed_then_asian_rice_panel_extraction	@{unit_id}|{original_read_name}
U17B3FED4266D	angkor	old_shotgun_376	LV3006121007	LV3006121007	LV6000619531	LV7008879492	shotgun		sample	shotgun	IRGSP1_prefilter	/projects/caeg/data/production/LV7/008/879/LV7008879492/20250829_BHC5GYDSXF/v1.0.8/4ebe3d1488023a26ec5b50b4e6a71f6b		No	asian_rice_panel_extraction_or_explicit_legacy_route	@{unit_id}|{original_read_name}
U1857E36DA82D	angkor	angkor_qc_519				LV7008879920	shotgun		sample	shotgun	raw_qc_collapsed	/home/scratch/yinmt_rice/data/angkor_qc_collapsed/Lib_LV7008879920_collapsed.fastq.gz		No	crosswalk_if_needed_then_asian_rice_panel_extraction	@{unit_id}|{original_read_name}
U1879189F1E16	angkor	angkor_qc_519				LV7008879812	shotgun		sample	shotgun	raw_qc_collapsed	/home/scratch/yinmt_rice/data/angkor_qc_collapsed/Lib_LV7008879812_collapsed.fastq.gz		No	crosswalk_if_needed_then_asian_rice_panel_extraction	@{unit_id}|{original_read_name}
U188CB3BC3D12	angkor	angkor_qc_519				LV7008879016	shotgun		sample	shotgun	raw_qc_collapsed	/home/scratch/yinmt_rice/data/angkor_qc_collapsed/Lib_LV7008879016_collapsed.fastq.gz		No	crosswalk_if_needed_then_asian_rice_panel_extraction	@{unit_id}|{original_read_name}
U1899BFC32FE8	angkor	angkor_new_capture_64	LV3006120705	LV3006120705	LV6000620185	LV7008890393	capture	RiceEProbe20Panel2	sample	angkor_new_capture_panel2	raw_PE	/home/scratch/yinmt_rice/data/angkor_another_capture_data/LV7008890393-LV6000620185-LV3006120705-RiceEProbe20Panel2captured_S118_L008_R1_001.fastq.gz	/home/scratch/yinmt_rice/data/angkor_another_capture_data/LV7008890393-LV6000620185-LV3006120705-RiceEProbe20Panel2captured_S118_L008_R2_001.fastq.gz	No	QC_then_asian_rice_panel_extraction	@{unit_id}|{original_read_name}
U189B9DA1C2DD	angkor	angkor_original_capture_16	LV3006121074	LV3006121074	LV6000654698	LV7008879193	capture	RicePanel2	sample	angkor_legacy_capture_panel2	asian_candidate_fastq	/home/scratch/yinmt202607/tests/param_matrix_bt2_vs_bwa/00.extraction/bt2_new/fastq/LV6000654698_RicePanel2.bt2new.fastq.gz		Yes	tag_pool_competitive_mapping_besthit	@{unit_id}|{original_read_name}
U1934C897BCAA	angkor	angkor_original_capture_16	LV3006120708	LV3006120708	LV6000620166	LV7008890404	capture	RicePanel1	sample	angkor_legacy_capture_panel1	asian_candidate_fastq	/home/scratch/yinmt202607/tests/param_matrix_bt2_vs_bwa/00.extraction/bt2_new/fastq/LV6000620166_RicePanel1.bt2new.fastq.gz		Yes	tag_pool_competitive_mapping_besthit	@{unit_id}|{original_read_name}
U19C2626DB511	angkor	angkor_qc_519				LV7008879182	shotgun		sample	shotgun	raw_qc_collapsed	/home/scratch/yinmt_rice/data/angkor_qc_collapsed/Lib_LV7008879182_collapsed.fastq.gz		No	crosswalk_if_needed_then_asian_rice_panel_extraction	@{unit_id}|{original_read_name}
U19D6091A9A3F	angkor	angkor_qc_519				LV7008879922	shotgun		sample	shotgun	raw_qc_collapsed	/home/scratch/yinmt_rice/data/angkor_qc_collapsed/Lib_LV7008879922_collapsed.fastq.gz		No	crosswalk_if_needed_then_asian_rice_panel_extraction	@{unit_id}|{original_read_name}
U1A60F967707F	angkor	angkor_qc_519				LV7008879855	shotgun		sample	shotgun	raw_qc_collapsed	/home/scratch/yinmt_rice/data/angkor_qc_collapsed/Lib_LV7008879855_collapsed.fastq.gz		No	crosswalk_if_needed_then_asian_rice_panel_extraction	@{unit_id}|{original_read_name}
U1A642686DB84	angkor	angkor_new_capture_64	LV3006121034	LV3006121034	LV6000619490	LV7008879554	capture	RiceEProbe20Panel2	sample	angkor_new_capture_panel2	raw_PE	/home/scratch/yinmt_rice/data/angkor_another_capture_data/LV7008879554-LV6000619490-LV3006121034-RiceEProbe20Panel2captured_S74_L005_R1_001.fastq.gz	/home/scratch/yinmt_rice/data/angkor_another_capture_data/LV7008879554-LV6000619490-LV3006121034-RiceEProbe20Panel2captured_S74_L005_R2_001.fastq.gz	No	QC_then_asian_rice_panel_extraction	@{unit_id}|{original_read_name}
U1ADE12FFC95E	angkor	old_shotgun_376	LV3006006402	LV3006006402	LV7008416271	LV7001888062	shotgun		sample	shotgun	IRGSP1_prefilter	/projects/caeg/data/production/LV7/001/888/LV7001888062/20240724_BH5F2GDSX7/v1.0.8/4ebe3d1488023a26ec5b50b4e6a71f6b		No	asian_rice_panel_extraction_or_explicit_legacy_route	@{unit_id}|{original_read_name}
U1B6FCA9ADF73	angkor	old_shotgun_376	LV3006007237	LV3006007237	LV7008416401	LV7009026590	shotgun		sample	shotgun	IRGSP1_prefilter	/projects/caeg/data/production/LV7/009/026/LV7009026590/20240702_BH5F5KDSX7/v1.0.8/4ebe3d1488023a26ec5b50b4e6a71f6b		No	asian_rice_panel_extraction_or_explicit_legacy_route	@{unit_id}|{original_read_name}
U1BCA917F9C03	angkor	angkor_qc_519				LV7008879187	shotgun		sample	shotgun	raw_qc_collapsed	/home/scratch/yinmt_rice/data/angkor_qc_collapsed/Lib_LV7008879187_collapsed.fastq.gz		No	crosswalk_if_needed_then_asian_rice_panel_extraction	@{unit_id}|{original_read_name}
U1BCD0B1751B4	angkor	angkor_qc_519	LV3006120792	LV3006120792	LV6000200292	LV7008879570	shotgun		sample	shotgun	raw_qc_collapsed	/home/scratch/yinmt_rice/data/angkor_qc_collapsed/Lib_LV7008879570_collapsed.fastq.gz		No	crosswalk_if_needed_then_asian_rice_panel_extraction	@{unit_id}|{original_read_name}
U1BDE0AA3FB9F	angkor	angkor_qc_519	LV3006120631	LV3006120631	LV6000619883	LV7008879247	shotgun		sample	shotgun	raw_qc_collapsed	/home/scratch/yinmt_rice/data/angkor_qc_collapsed/Lib_LV7008879247_collapsed.fastq.gz		No	crosswalk_if_needed_then_asian_rice_panel_extraction	@{unit_id}|{original_read_name}
U1C011FCFB4D5	angkor	old_shotgun_376	LV3006006416	LV3006006416	LV7008416277	LV7009027909	shotgun		sample	shotgun	IRGSP1_prefilter	/projects/caeg/data/production/LV7/009/027/LV7009027909/20240724_BH5F2GDSX7/v1.0.8/4ebe3d1488023a26ec5b50b4e6a71f6b		No	asian_rice_panel_extraction_or_explicit_legacy_route	@{unit_id}|{original_read_name}
U1CE013918EAF	angkor	angkor_qc_519				LV7008879108	shotgun		sample	shotgun	raw_qc_collapsed	/home/scratch/yinmt_rice/data/angkor_qc_collapsed/Lib_LV7008879108_collapsed.fastq.gz		No	crosswalk_if_needed_then_asian_rice_panel_extraction	@{unit_id}|{original_read_name}
U1CE13DDCB5E2	angkor	old_shotgun_376	LV3006121082	LV3006121082	LV6000654705	LV7008879230	shotgun		sample	shotgun	IRGSP1_prefilter	/projects/caeg/data/production/LV7/008/879/LV7008879230/20250903_BHC5NVDSXF/v1.0.8/4ebe3d1488023a26ec5b50b4e6a71f6b		No	asian_rice_panel_extraction_or_explicit_legacy_route	@{unit_id}|{original_read_name}
U1CFDCB122739	angkor	old_shotgun_376	LV3006120668	LV3006120668	LV6000620044	LV7008890362	shotgun		sample	shotgun	IRGSP1_prefilter	/projects/caeg/data/production/LV7/008/890/LV7008890362/20250827_BHCMGWDSXF/v1.0.8/4ebe3d1488023a26ec5b50b4e6a71f6b		No	asian_rice_panel_extraction_or_explicit_legacy_route	@{unit_id}|{original_read_name}
U1D05F8F67289	angkor	old_shotgun_376	LV3006007315	LV3006007315	LV7008416326	LV7009027860	shotgun		sample	shotgun	IRGSP1_prefilter	/projects/caeg/data/production/LV7/009/027/LV7009027860/20240704_BH5FCVDSX7/v1.0.8/4ebe3d1488023a26ec5b50b4e6a71f6b		No	asian_rice_panel_extraction_or_explicit_legacy_route	@{unit_id}|{original_read_name}
U1D2047ED00B4	nanzuo	nanzuo_function_IRGSP	YWL1-A3501		LV7005227379	LV7008960289	function		sample	direct_IRGSP	IRGSP_BAM	/home/scratch/yinmt202607/6.nanzuo_function_yancheng/LV7008960289-LV7005227379-YWL1-A3501_S47.bam		No	skip_asian_besthit_use_direct_IRGSP_downstream	
U1D962F93C1D0	angkor	old_shotgun_376	LV3006007172	LV3006007172	LV7008416329	LV7008957621	shotgun		sample	shotgun	IRGSP1_prefilter	/projects/caeg/data/production/LV7/008/957/LV7008957621/20240704_BH5FCVDSX7/v1.0.8/4ebe3d1488023a26ec5b50b4e6a71f6b		No	asian_rice_panel_extraction_or_explicit_legacy_route	@{unit_id}|{original_read_name}
U1DD48CAAC7BB	angkor	old_shotgun_376	LV3006120642	LV3006120642	LV6000619884	LV7008879222	shotgun		sample	shotgun	IRGSP1_prefilter	/projects/caeg/data/production/LV7/008/879/LV7008879222/20250825_BHC7THDSXF/v1.0.8/4ebe3d1488023a26ec5b50b4e6a71f6b		No	asian_rice_panel_extraction_or_explicit_legacy_route	@{unit_id}|{original_read_name}
U1DF2AABBBAB0	angkor	old_shotgun_376	LV3005573865	LV3005573865	LV7005225811	LV7001891118	shotgun		sample	shotgun	IRGSP1_prefilter	/projects/caeg/data/production/LV7/001/891/LV7001891118/20230414_BHMGMJDSX5/v1.0.8/4ebe3d1488023a26ec5b50b4e6a71f6b		No	asian_rice_panel_extraction_or_explicit_legacy_route	@{unit_id}|{original_read_name}
U1E1E4A8997D5	angkor	angkor_new_capture_64	LV3006121036	LV3006121036	LV6000654727	LV7008879201	capture	RiceEProbe20Panel1	sample	angkor_new_capture_panel1	raw_PE	/home/scratch/yinmt_rice/data/angkor_another_capture_data/LV7008879201-LV6000654727-LV3006121036-RiceEProbe20Panel1captured_S5_L001_R1_001.fastq.gz	/home/scratch/yinmt_rice/data/angkor_another_capture_data/LV7008879201-LV6000654727-LV3006121036-RiceEProbe20Panel1captured_S5_L001_R2_001.fastq.gz	No	QC_then_asian_rice_panel_extraction	@{unit_id}|{original_read_name}
U1EAC11B5A8B0	angkor	old_shotgun_376	LV3006007196	LV3006007196	LV7008416380	LV7008960910	shotgun		sample	shotgun	IRGSP1_prefilter	/projects/caeg/data/production/LV7/008/960/LV7008960910/20240702_BH5F5KDSX7/v1.0.8/4ebe3d1488023a26ec5b50b4e6a71f6b		No	asian_rice_panel_extraction_or_explicit_legacy_route	@{unit_id}|{original_read_name}
U1ED94CBDF25C	angkor	angkor_qc_519				LV7008879974	shotgun		sample	shotgun	raw_qc_collapsed	/home/scratch/yinmt_rice/data/angkor_qc_collapsed/Lib_LV7008879974_collapsed.fastq.gz		No	crosswalk_if_needed_then_asian_rice_panel_extraction	@{unit_id}|{original_read_name}
U1FB43995DC8A	angkor	angkor_original_capture_16	LV3006007172	LV3006007172	LV7008416329	LV7008957621	capture	RicePanel2	sample	angkor_legacy_capture_panel2	asian_candidate_fastq	/home/scratch/yinmt202607/tests/param_matrix_bt2_vs_bwa/00.extraction/bt2_new/fastq/LV7008416329_RicePanel2.bt2new.fastq.gz		Yes	tag_pool_competitive_mapping_besthit	@{unit_id}|{original_read_name}
U1FD936529583	angkor	old_shotgun_376	LV3006121044	LV3006121044	LV6000654686	LV7008879263	shotgun		sample	shotgun	IRGSP1_prefilter	/projects/caeg/data/production/LV7/008/879/LV7008879263/20250903_BHC5NVDSXF/v1.0.8/4ebe3d1488023a26ec5b50b4e6a71f6b		No	asian_rice_panel_extraction_or_explicit_legacy_route	@{unit_id}|{original_read_name}
U1FE5EB0BC394	angkor	angkor_new_capture_64	LV3006121053	LV3006121053	LV6000654700	LV7008879240	capture	RiceEProbe20Panel1	sample	angkor_new_capture_panel1	raw_PE	/home/scratch/yinmt_rice/data/angkor_another_capture_data/LV7008879240-LV6000654700-LV3006121053-RiceEProbe20Panel1captured_S95_L006_R1_001.fastq.gz	/home/scratch/yinmt_rice/data/angkor_another_capture_data/LV7008879240-LV6000654700-LV3006121053-RiceEProbe20Panel1captured_S95_L006_R2_001.fastq.gz	No	QC_then_asian_rice_panel_extraction	@{unit_id}|{original_read_name}
U2002BD901EDF	angkor	old_shotgun_376	LV3006105283	LV3006105283	LV6000620182	LV7008890360	shotgun		sample	shotgun	IRGSP1_prefilter	/projects/caeg/data/production/LV7/008/890/LV7008890360/20250905_AHC7WJDSXF/v1.0.8/4ebe3d1488023a26ec5b50b4e6a71f6b		No	asian_rice_panel_extraction_or_explicit_legacy_route	@{unit_id}|{original_read_name}
U2027AEA5AF99	angkor	angkor_qc_519				LV7008879038	shotgun		sample	shotgun	raw_qc_collapsed	/home/scratch/yinmt_rice/data/angkor_qc_collapsed/Lib_LV7008879038_collapsed.fastq.gz		No	crosswalk_if_needed_then_asian_rice_panel_extraction	@{unit_id}|{original_read_name}
U206BF018EE1C	angkor	old_shotgun_376	LV3006105272	LV3006105272	LV6000620162	LV7008890396	shotgun		sample	shotgun	IRGSP1_prefilter	/projects/caeg/data/production/LV7/008/890/LV7008890396/20250905_AHC7WJDSXF/v1.0.8/4ebe3d1488023a26ec5b50b4e6a71f6b		No	asian_rice_panel_extraction_or_explicit_legacy_route	@{unit_id}|{original_read_name}
U2102725B1397	angkor	old_shotgun_376	LV3006120710	LV3006120710	LV6000620169	LV7008890417	shotgun		sample	shotgun	IRGSP1_prefilter	/projects/caeg/data/production/LV7/008/890/LV7008890417/20250905_AHC7WJDSXF/v1.0.8/4ebe3d1488023a26ec5b50b4e6a71f6b		No	asian_rice_panel_extraction_or_explicit_legacy_route	@{unit_id}|{original_read_name}
U215BB84CBF0B	angkor	old_shotgun_376	LV3006007183	LV3006007183	LV6000200419	LV7009024920	shotgun		sample	shotgun	IRGSP1_prefilter	/projects/caeg/data/production/LV7/009/024/LV7009024920/20240704_BH5FCVDSX7/v1.0.8/4ebe3d1488023a26ec5b50b4e6a71f6b		No	asian_rice_panel_extraction_or_explicit_legacy_route	@{unit_id}|{original_read_name}
U218D9218AAFA	angkor	angkor_new_capture_64	LV3006121029	LV3006121029	LV6000619489	LV7008879482	capture	RiceEProbe20Panel2	sample	angkor_new_capture_panel2	raw_PE	/home/scratch/yinmt_rice/data/angkor_another_capture_data/LV7008879482-LV6000619489-LV3006121029-RiceEProbe20Panel2captured_S72_L005_R1_001.fastq.gz	/home/scratch/yinmt_rice/data/angkor_another_capture_data/LV7008879482-LV6000619489-LV3006121029-RiceEProbe20Panel2captured_S72_L005_R2_001.fastq.gz	No	QC_then_asian_rice_panel_extraction	@{unit_id}|{original_read_name}
U21E103647668	angkor	old_shotgun_376	LV3006007222	LV3006007222	LV7008416391	LV7008955270	shotgun		sample	shotgun	IRGSP1_prefilter	/projects/caeg/data/production/LV7/008/955/LV7008955270/20240702_BH5F5KDSX7/v1.0.8/4ebe3d1488023a26ec5b50b4e6a71f6b		No	asian_rice_panel_extraction_or_explicit_legacy_route	@{unit_id}|{original_read_name}
U21E39F2B2D2A	angkor	old_shotgun_376	LV3005273271	LV3005273271	LV7005010672	LV7009026487	shotgun		sample	shotgun	IRGSP1_prefilter	/projects/caeg/data/production/LV7/009/026/LV7009026487/20230927_AHNLW5DSX5/v1.0.8/4ebe3d1488023a26ec5b50b4e6a71f6b		No	asian_rice_panel_extraction_or_explicit_legacy_route	@{unit_id}|{original_read_name}
U220AC77D255A	angkor	angkor_qc_519				LV7008879115	shotgun		sample	shotgun	raw_qc_collapsed	/home/scratch/yinmt_rice/data/angkor_qc_collapsed/Lib_LV7008879115_collapsed.fastq.gz		No	crosswalk_if_needed_then_asian_rice_panel_extraction	@{unit_id}|{original_read_name}
U22319FED544B	angkor	old_shotgun_376	LV3006121071	LV3006121071	LV6000619919	LV7008879195	shotgun		sample	shotgun	IRGSP1_prefilter	/projects/caeg/data/production/LV7/008/879/LV7008879195/20250825_BHC7THDSXF/v1.0.8/4ebe3d1488023a26ec5b50b4e6a71f6b		No	asian_rice_panel_extraction_or_explicit_legacy_route	@{unit_id}|{original_read_name}
U224810410D54	angkor	angkor_qc_519				LV7008879273	shotgun		sample	shotgun	raw_qc_collapsed	/home/scratch/yinmt_rice/data/angkor_qc_collapsed/Lib_LV7008879273_collapsed.fastq.gz		No	crosswalk_if_needed_then_asian_rice_panel_extraction	@{unit_id}|{original_read_name}
U2271CC164FF1	angkor	old_shotgun_376	LV3005273232	LV3005273232	LV7005010710	LV7009026476	shotgun		sample	shotgun	IRGSP1_prefilter	/projects/caeg/data/production/LV7/009/026/LV7009026476/20230927_AHNLW5DSX5/v1.0.8/4ebe3d1488023a26ec5b50b4e6a71f6b		No	asian_rice_panel_extraction_or_explicit_legacy_route	@{unit_id}|{original_read_name}
U2278567C2E87	angkor	angkor_original_capture_16	LV3006105274	LV3006105274	LV6000620172	LV7008890359	capture	RicePanel1	sample	angkor_legacy_capture_panel1	asian_candidate_fastq	/home/scratch/yinmt202607/tests/param_matrix_bt2_vs_bwa/00.extraction/bt2_new/fastq/LV6000620172_RicePanel1.bt2new.fastq.gz		Yes	tag_pool_competitive_mapping_besthit	@{unit_id}|{original_read_name}
U228ED5B496B8	angkor	old_shotgun_376	LV3006006412	LV3006006412	LV7008416296	LV7008960420	shotgun		sample	shotgun	IRGSP1_prefilter	/projects/caeg/data/production/LV7/008/960/LV7008960420/20240724_BH5F2GDSX7/v1.0.8/4ebe3d1488023a26ec5b50b4e6a71f6b		No	asian_rice_panel_extraction_or_explicit_legacy_route	@{unit_id}|{original_read_name}
U22A8843B066C	angkor	old_shotgun_376	LV3005272708	LV3005272708	LV7005010657	LV7009026459	shotgun		sample	shotgun	IRGSP1_prefilter	/projects/caeg/data/production/LV7/009/026/LV7009026459/20230927_AHNLW5DSX5/v1.0.8/4ebe3d1488023a26ec5b50b4e6a71f6b		No	asian_rice_panel_extraction_or_explicit_legacy_route	@{unit_id}|{original_read_name}
U22CB17454DCC	angkor	angkor_qc_519				LV7008879787	shotgun		sample	shotgun	raw_qc_collapsed	/home/scratch/yinmt_rice/data/angkor_qc_collapsed/Lib_LV7008879787_collapsed.fastq.gz		No	crosswalk_if_needed_then_asian_rice_panel_extraction	@{unit_id}|{original_read_name}
U22FE6A8D041D	angkor	angkor_qc_519				LV7008879155	shotgun		sample	shotgun	raw_qc_collapsed	/home/scratch/yinmt_rice/data/angkor_qc_collapsed/Lib_LV7008879155_collapsed.fastq.gz		No	crosswalk_if_needed_then_asian_rice_panel_extraction	@{unit_id}|{original_read_name}
U2329C9BE90D4	angkor	angkor_qc_519				LV7008879861	shotgun		sample	shotgun	raw_qc_collapsed	/home/scratch/yinmt_rice/data/angkor_qc_collapsed/Lib_LV7008879861_collapsed.fastq.gz		No	crosswalk_if_needed_then_asian_rice_panel_extraction	@{unit_id}|{original_read_name}
U23642EF52480	angkor	old_shotgun_376	LV3005273282	LV3005273282	LV7005010679	LV7009026463	shotgun		sample	shotgun	IRGSP1_prefilter	/projects/caeg/data/production/LV7/009/026/LV7009026463/20230927_AHNLW5DSX5/v1.0.8/4ebe3d1488023a26ec5b50b4e6a71f6b		No	asian_rice_panel_extraction_or_explicit_legacy_route	@{unit_id}|{original_read_name}
U237E98D60359	angkor	angkor_qc_519	LV3006007689	LV3006007689	LV6000200283	LV7008879486	shotgun		sample	shotgun	raw_qc_collapsed	/home/scratch/yinmt_rice/data/angkor_qc_collapsed/Lib_LV7008879486_collapsed.fastq.gz		No	crosswalk_if_needed_then_asian_rice_panel_extraction	@{unit_id}|{original_read_name}
U23E1C5ED9B1B	angkor	old_shotgun_376	LV3006007298	LV3006007298	LV7008416319	LV7008957549	shotgun		sample	shotgun	IRGSP1_prefilter	/projects/caeg/data/production/LV7/008/957/LV7008957549/20240704_BH5FCVDSX7/v1.0.8/4ebe3d1488023a26ec5b50b4e6a71f6b		No	asian_rice_panel_extraction_or_explicit_legacy_route	@{unit_id}|{original_read_name}
U23EE6621B540	angkor	angkor_qc_519				LV7008879795	shotgun		sample	shotgun	raw_qc_collapsed	/home/scratch/yinmt_rice/data/angkor_qc_collapsed/Lib_LV7008879795_collapsed.fastq.gz		No	crosswalk_if_needed_then_asian_rice_panel_extraction	@{unit_id}|{original_read_name}
U24F1614F8BFF	angkor	angkor_new_capture_64	LV3006121052	LV3006121052	LV6000654710	LV7008879202	capture	RiceEProbe20Panel2	sample	angkor_new_capture_panel2	raw_PE	/home/scratch/yinmt_rice/data/angkor_another_capture_data/LV7008879202-LV6000654710-LV3006121052-RiceEProbe20Panel2captured_S66_L005_R1_001.fastq.gz	/home/scratch/yinmt_rice/data/angkor_another_capture_data/LV7008879202-LV6000654710-LV3006121052-RiceEProbe20Panel2captured_S66_L005_R2_001.fastq.gz	No	QC_then_asian_rice_panel_extraction	@{unit_id}|{original_read_name}
U251FF3852AE6	angkor	old_shotgun_376	LV3006120672	LV3006120672	LV6000619882	LV7008879272	shotgun		sample	shotgun	IRGSP1_prefilter	/projects/caeg/data/production/LV7/008/879/LV7008879272/20250825_BHC7THDSXF/v1.0.8/4ebe3d1488023a26ec5b50b4e6a71f6b		No	asian_rice_panel_extraction_or_explicit_legacy_route	@{unit_id}|{original_read_name}
U252ACD6F630A	angkor	old_shotgun_376	LV3006121009	LV3006121009	LV6000619509	LV7008879503	shotgun		sample	shotgun	IRGSP1_prefilter	/projects/caeg/data/production/LV7/008/879/LV7008879503/20250829_BHC5GYDSXF/v1.0.8/4ebe3d1488023a26ec5b50b4e6a71f6b		No	asian_rice_panel_extraction_or_explicit_legacy_route	@{unit_id}|{original_read_name}
U253B02513726	angkor	angkor_new_capture_64	LV3006120703	LV3006120703	LV6000620193	LV7008890380	capture	RiceEProbe20Panel1	sample	angkor_new_capture_panel1	raw_PE	/home/scratch/yinmt_rice/data/angkor_another_capture_data/LV7008890380-LV6000620193-LV3006120703-RiceEProbe20Panel1captured_S88_L006_R1_001.fastq.gz	/home/scratch/yinmt_rice/data/angkor_another_capture_data/LV7008890380-LV6000620193-LV3006120703-RiceEProbe20Panel1captured_S88_L006_R2_001.fastq.gz	No	QC_then_asian_rice_panel_extraction	@{unit_id}|{original_read_name}
U255DF84F94F9	angkor	old_shotgun_376	LV3006120631	LV3006120631	LV6000619883	LV7008879247	shotgun		sample	shotgun	IRGSP1_prefilter	/projects/caeg/data/production/LV7/008/879/LV7008879247/20250825_BHC7THDSXF/v1.0.8/4ebe3d1488023a26ec5b50b4e6a71f6b		No	asian_rice_panel_extraction_or_explicit_legacy_route	@{unit_id}|{original_read_name}
U2594BC2D0A56	angkor	angkor_qc_519				LV7008879800	shotgun		sample	shotgun	raw_qc_collapsed	/home/scratch/yinmt_rice/data/angkor_qc_collapsed/Lib_LV7008879800_collapsed.fastq.gz		No	crosswalk_if_needed_then_asian_rice_panel_extraction	@{unit_id}|{original_read_name}
U259EB39BAF46	angkor	angkor_qc_519				LV7008879780	shotgun		sample	shotgun	raw_qc_collapsed	/home/scratch/yinmt_rice/data/angkor_qc_collapsed/Lib_LV7008879780_collapsed.fastq.gz		No	crosswalk_if_needed_then_asian_rice_panel_extraction	@{unit_id}|{original_read_name}
U25FC8D8AC6C4	angkor	old_shotgun_376	LV3006120695	LV3006120695	LV6000619981	LV7008890339	shotgun		sample	shotgun	IRGSP1_prefilter	/projects/caeg/data/production/LV7/008/890/LV7008890339/20250827_BHCMGWDSXF/v1.0.8/4ebe3d1488023a26ec5b50b4e6a71f6b		No	asian_rice_panel_extraction_or_explicit_legacy_route	@{unit_id}|{original_read_name}
U260FB46EB03B	angkor	angkor_new_capture_64	LV3006121029	LV3006121029	LV6000619489	LV7008879482	capture	RiceEProbe20Panel1	sample	angkor_new_capture_panel1	raw_PE	/home/scratch/yinmt_rice/data/angkor_another_capture_data/LV7008879482-LV6000619489-LV3006121029-RiceEProbe20Panel1captured_S8_L001_R1_001.fastq.gz	/home/scratch/yinmt_rice/data/angkor_another_capture_data/LV7008879482-LV6000619489-LV3006121029-RiceEProbe20Panel1captured_S8_L001_R2_001.fastq.gz	No	QC_then_asian_rice_panel_extraction	@{unit_id}|{original_read_name}
U2694ABA377BB	angkor	angkor_qc_519	LV3006121023	LV3006121023	LV6000619497	LV7008879494	shotgun		sample	shotgun	raw_qc_collapsed	/home/scratch/yinmt_rice/data/angkor_qc_collapsed/Lib_LV7008879494_collapsed.fastq.gz		No	crosswalk_if_needed_then_asian_rice_panel_extraction	@{unit_id}|{original_read_name}
U26E002407126	angkor	old_shotgun_376	LV3006120652	LV3006120652	LV6000619881	LV7008879200	shotgun		sample	shotgun	IRGSP1_prefilter	/projects/caeg/data/production/LV7/008/879/LV7008879200/20250825_BHC7THDSXF/v1.0.8/4ebe3d1488023a26ec5b50b4e6a71f6b		No	asian_rice_panel_extraction_or_explicit_legacy_route	@{unit_id}|{original_read_name}
U26E9D468FD9C	angkor	angkor_new_capture_64	LV3006121083	LV3006121083	LV6000619904	LV7008879243	capture	RiceEProbe20Panel1	sample	angkor_new_capture_panel1	raw_PE	/home/scratch/yinmt_rice/data/angkor_another_capture_data/LV7008879243-LV6000619904-LV3006121083-RiceEProbe20Panel1captured_S42_L003_R1_001.fastq.gz	/home/scratch/yinmt_rice/data/angkor_another_capture_data/LV7008879243-LV6000619904-LV3006121083-RiceEProbe20Panel1captured_S42_L003_R2_001.fastq.gz	No	QC_then_asian_rice_panel_extraction	@{unit_id}|{original_read_name}
U26F913A42FD9	angkor	angkor_qc_519				LV7008879824	shotgun		sample	shotgun	raw_qc_collapsed	/home/scratch/yinmt_rice/data/angkor_qc_collapsed/Lib_LV7008879824_collapsed.fastq.gz		No	crosswalk_if_needed_then_asian_rice_panel_extraction	@{unit_id}|{original_read_name}
U271169754844	angkor	old_shotgun_376	LV3006121046	LV3006121046	LV6000654708	LV7008879252	shotgun		sample	shotgun	IRGSP1_prefilter	/projects/caeg/data/production/LV7/008/879/LV7008879252/20250903_BHC5NVDSXF/v1.0.8/4ebe3d1488023a26ec5b50b4e6a71f6b		No	asian_rice_panel_extraction_or_explicit_legacy_route	@{unit_id}|{original_read_name}
U27837FD3A5E8	angkor	angkor_qc_519	LV3006121080	LV3006121080	LV6000654722	LV7008879229	shotgun		sample	shotgun	raw_qc_collapsed	/home/scratch/yinmt_rice/data/angkor_qc_collapsed/Lib_LV7008879229_collapsed.fastq.gz		No	crosswalk_if_needed_then_asian_rice_panel_extraction	@{unit_id}|{original_read_name}
U27BDE69668C8	angkor	old_shotgun_376	LV3006120632	LV3006120632	LV6000619898	LV7008879199	shotgun		sample	shotgun	IRGSP1_prefilter	/projects/caeg/data/production/LV7/008/879/LV7008879199/20250825_BHC7THDSXF/v1.0.8/4ebe3d1488023a26ec5b50b4e6a71f6b		No	asian_rice_panel_extraction_or_explicit_legacy_route	@{unit_id}|{original_read_name}
U2812B9D84170	angkor	angkor_qc_519				LV7008879145	shotgun		sample	shotgun	raw_qc_collapsed	/home/scratch/yinmt_rice/data/angkor_qc_collapsed/Lib_LV7008879145_collapsed.fastq.gz		No	crosswalk_if_needed_then_asian_rice_panel_extraction	@{unit_id}|{original_read_name}
U2835E75F5839	angkor	angkor_new_capture_64	LV3006120675	LV3006120675	LV6000620035	LV7008890387	capture	RiceEProbe20Panel2	sample	angkor_new_capture_panel2	raw_PE	/home/scratch/yinmt_rice/data/angkor_another_capture_data/LV7008890387-LV6000620035-LV3006120675-RiceEProbe20Panel2captured_S124_L008_R1_001.fastq.gz	/home/scratch/yinmt_rice/data/angkor_another_capture_data/LV7008890387-LV6000620035-LV3006120675-RiceEProbe20Panel2captured_S124_L008_R2_001.fastq.gz	No	QC_then_asian_rice_panel_extraction	@{unit_id}|{original_read_name}
U2884D064DA17	angkor	angkor_qc_519				LV7008879889	shotgun		sample	shotgun	raw_qc_collapsed	/home/scratch/yinmt_rice/data/angkor_qc_collapsed/Lib_LV7008879889_collapsed.fastq.gz		No	crosswalk_if_needed_then_asian_rice_panel_extraction	@{unit_id}|{original_read_name}
U288583AAA0C6	angkor	old_shotgun_376	LV3006121030	LV3006121030	LV6000654696	LV7008879225	shotgun		sample	shotgun	IRGSP1_prefilter	/projects/caeg/data/production/LV7/008/879/LV7008879225/20250903_BHC5NVDSXF/v1.0.8/4ebe3d1488023a26ec5b50b4e6a71f6b		No	asian_rice_panel_extraction_or_explicit_legacy_route	@{unit_id}|{original_read_name}
U28D5BBE70B91	angkor	angkor_new_capture_64	LV3006007302	LV3006007302	LV7008416341	LV7009021866	capture	RiceEProbe20Panel1	sample	angkor_new_capture_panel1	raw_PE	/home/scratch/yinmt_rice/data/angkor_another_capture_data/LV7009021866-LV7008416341-LV3006007302-RiceEProbe20Panel1captured_S29_L002_R1_001.fastq.gz	/home/scratch/yinmt_rice/data/angkor_another_capture_data/LV7009021866-LV7008416341-LV3006007302-RiceEProbe20Panel1captured_S29_L002_R2_001.fastq.gz	No	QC_then_asian_rice_panel_extraction	@{unit_id}|{original_read_name}
U2914013C1955	angkor	old_shotgun_376	LV3006121091	LV3006121091	LV6000654681	LV7008879194	shotgun		sample	shotgun	IRGSP1_prefilter	/projects/caeg/data/production/LV7/008/879/LV7008879194/20250903_BHC5NVDSXF/v1.0.8/4ebe3d1488023a26ec5b50b4e6a71f6b		No	asian_rice_panel_extraction_or_explicit_legacy_route	@{unit_id}|{original_read_name}
U294172C759B8	angkor	angkor_qc_519				LV7008879926	shotgun		sample	shotgun	raw_qc_collapsed	/home/scratch/yinmt_rice/data/angkor_qc_collapsed/Lib_LV7008879926_collapsed.fastq.gz		No	crosswalk_if_needed_then_asian_rice_panel_extraction	@{unit_id}|{original_read_name}
U2A2481866944	angkor	angkor_qc_519				LV7008879487	shotgun		sample	shotgun	raw_qc_collapsed	/home/scratch/yinmt_rice/data/angkor_qc_collapsed/Lib_LV7008879487_collapsed.fastq.gz		No	crosswalk_if_needed_then_asian_rice_panel_extraction	@{unit_id}|{original_read_name}
U2B0CE8DF8ADA	angkor	angkor_new_capture_64	LV3006007195	LV3006007195	LV7008416404	LV7009024391	capture	RiceEProbe20Panel2	sample	angkor_new_capture_panel2	raw_PE	/home/scratch/yinmt_rice/data/angkor_another_capture_data/LV7009024391-LV7008416404-LV3006007195-RiceEProbe20Panel2captured_S101_L007_R1_001.fastq.gz	/home/scratch/yinmt_rice/data/angkor_another_capture_data/LV7009024391-LV7008416404-LV3006007195-RiceEProbe20Panel2captured_S101_L007_R2_001.fastq.gz	No	QC_then_asian_rice_panel_extraction	@{unit_id}|{original_read_name}
U2B131CD0A4CC	angkor	old_shotgun_376	LV3006120664	LV3006120664	LV6000619905	LV7008879236	shotgun		sample	shotgun	IRGSP1_prefilter	/projects/caeg/data/production/LV7/008/879/LV7008879236/20250825_BHC7THDSXF/v1.0.8/4ebe3d1488023a26ec5b50b4e6a71f6b		No	asian_rice_panel_extraction_or_explicit_legacy_route	@{unit_id}|{original_read_name}
U2B2AE4965275	angkor	old_shotgun_376	LV3006007197	LV3006007197	LV7008416387	LV7009022354	shotgun		sample	shotgun	IRGSP1_prefilter	/projects/caeg/data/production/LV7/009/022/LV7009022354/20240702_BH5F5KDSX7/v1.0.8/4ebe3d1488023a26ec5b50b4e6a71f6b		No	asian_rice_panel_extraction_or_explicit_legacy_route	@{unit_id}|{original_read_name}
U2B885B3C4EA8	angkor	angkor_qc_519	LV3006121020	LV3006121020	LV6000619515	LV7008879565	shotgun		sample	shotgun	raw_qc_collapsed	/home/scratch/yinmt_rice/data/angkor_qc_collapsed/Lib_LV7008879565_collapsed.fastq.gz		No	crosswalk_if_needed_then_asian_rice_panel_extraction	@{unit_id}|{original_read_name}
U2B9BD6B159E1	angkor	angkor_original_capture_16	LV3006006423	LV3006006423	LV7008416294	LV7009026578	capture	RicePanel2	sample	angkor_legacy_capture_panel2	asian_candidate_fastq	/home/scratch/yinmt202607/tests/param_matrix_bt2_vs_bwa/00.extraction/bt2_new/fastq/LV7008416294_RicePanel2.bt2new.fastq.gz		Yes	tag_pool_competitive_mapping_besthit	@{unit_id}|{original_read_name}
U2BF4F33824F4	angkor	old_shotgun_376	LV3006105279	LV3006105279	LV6000620179	LV7008890419	shotgun		sample	shotgun	IRGSP1_prefilter	/projects/caeg/data/production/LV7/008/890/LV7008890419/20250905_AHC7WJDSXF/v1.0.8/4ebe3d1488023a26ec5b50b4e6a71f6b		No	asian_rice_panel_extraction_or_explicit_legacy_route	@{unit_id}|{original_read_name}
U2BF66936B8E5	angkor	angkor_qc_519	LV3006120777	LV3006120777	LV6000200263	LV7008879532	shotgun		sample	shotgun	raw_qc_collapsed	/home/scratch/yinmt_rice/data/angkor_qc_collapsed/Lib_LV7008879532_collapsed.fastq.gz		No	crosswalk_if_needed_then_asian_rice_panel_extraction	@{unit_id}|{original_read_name}
U2C38E3C5B847	angkor	angkor_qc_519				LV7008879816	shotgun		sample	shotgun	raw_qc_collapsed	/home/scratch/yinmt_rice/data/angkor_qc_collapsed/Lib_LV7008879816_collapsed.fastq.gz		No	crosswalk_if_needed_then_asian_rice_panel_extraction	@{unit_id}|{original_read_name}
U2CD787F46D9B	angkor	angkor_qc_519				LV7008879944	shotgun		sample	shotgun	raw_qc_collapsed	/home/scratch/yinmt_rice/data/angkor_qc_collapsed/Lib_LV7008879944_collapsed.fastq.gz		No	crosswalk_if_needed_then_asian_rice_panel_extraction	@{unit_id}|{original_read_name}
U2D867CE5AA54	angkor	old_shotgun_376	LV3006007180	LV3006007180	LV7008416359	LV7009022356	shotgun		sample	shotgun	IRGSP1_prefilter	/projects/caeg/data/production/LV7/009/022/LV7009022356/20240704_BH5FCVDSX7/v1.0.8/4ebe3d1488023a26ec5b50b4e6a71f6b		No	asian_rice_panel_extraction_or_explicit_legacy_route	@{unit_id}|{original_read_name}
U2DA19F54EBE2	angkor	old_shotgun_376	LV3006121058	LV3006121058	LV6000654685	LV7008879191	shotgun		sample	shotgun	IRGSP1_prefilter	/projects/caeg/data/production/LV7/008/879/LV7008879191/20250903_BHC5NVDSXF/v1.0.8/4ebe3d1488023a26ec5b50b4e6a71f6b		No	asian_rice_panel_extraction_or_explicit_legacy_route	@{unit_id}|{original_read_name}
U2DAC6EB4ED3A	angkor	angkor_qc_519	LV3006120635	LV3006120635	LV6000619924	LV7008879282	shotgun		sample	shotgun	raw_qc_collapsed	/home/scratch/yinmt_rice/data/angkor_qc_collapsed/Lib_LV7008879282_collapsed.fastq.gz		No	crosswalk_if_needed_then_asian_rice_panel_extraction	@{unit_id}|{original_read_name}
U2DCC690349CF	angkor	old_shotgun_376	LV3006120698	LV3006120698	LV6000619986	LV7008890414	shotgun		sample	shotgun	IRGSP1_prefilter	/projects/caeg/data/production/LV7/008/890/LV7008890414/20250827_BHCMGWDSXF/v1.0.8/4ebe3d1488023a26ec5b50b4e6a71f6b		No	asian_rice_panel_extraction_or_explicit_legacy_route	@{unit_id}|{original_read_name}
U2DD4C7BF7388	angkor	angkor_new_capture_64	LV3006120710	LV3006120710	LV6000620169	LV7008890417	capture	RiceEProbe20Panel1	sample	angkor_new_capture_panel1	raw_PE	/home/scratch/yinmt_rice/data/angkor_another_capture_data/LV7008890417-LV6000620169-LV3006120710-RiceEProbe20Panel1captured_S87_L006_R1_001.fastq.gz	/home/scratch/yinmt_rice/data/angkor_another_capture_data/LV7008890417-LV6000620169-LV3006120710-RiceEProbe20Panel1captured_S87_L006_R2_001.fastq.gz	No	QC_then_asian_rice_panel_extraction	@{unit_id}|{original_read_name}
U2DEAF5F275EE	angkor	angkor_new_capture_64	LV3006120712	LV3006120712	LV6000620203	LV7008890369	capture	RiceEProbe20Panel2	sample	angkor_new_capture_panel2	raw_PE	/home/scratch/yinmt_rice/data/angkor_another_capture_data/LV7008890369-LV6000620203-LV3006120712-RiceEProbe20Panel2captured_S117_L008_R1_001.fastq.gz	/home/scratch/yinmt_rice/data/angkor_another_capture_data/LV7008890369-LV6000620203-LV3006120712-RiceEProbe20Panel2captured_S117_L008_R2_001.fastq.gz	No	QC_then_asian_rice_panel_extraction	@{unit_id}|{original_read_name}
U2DFD72458482	nanzuo	nanzuo_asian_extract	YWL1-A3494		LV7005227372	LV7008960252	popgen		sample	nanzuo_popgen	asian_candidate_fastq	/home/scratch/yinmt_rice/data/nanzuo_extract/popgen/YWL1-A3494.bt2.primary_mapped.fastq.gz		Yes	tag_pool_competitive_mapping_besthit	@{unit_id}|{original_read_name}
U2E1F04889B5A	angkor	angkor_qc_519				LV7008879117	shotgun		sample	shotgun	raw_qc_collapsed	/home/scratch/yinmt_rice/data/angkor_qc_collapsed/Lib_LV7008879117_collapsed.fastq.gz		No	crosswalk_if_needed_then_asian_rice_panel_extraction	@{unit_id}|{original_read_name}
U2E8824392136	angkor	old_shotgun_376	LV3006121034	LV3006121034	LV6000619490	LV7008879554	shotgun		sample	shotgun	IRGSP1_prefilter	/projects/caeg/data/production/LV7/008/879/LV7008879554/20250829_BHC5GYDSXF/v1.0.8/4ebe3d1488023a26ec5b50b4e6a71f6b		No	asian_rice_panel_extraction_or_explicit_legacy_route	@{unit_id}|{original_read_name}
U2E9585CF18C5	angkor	old_shotgun_376	LV3006006421	LV3006006421	LV7008416280	LV7008960345	shotgun		sample	shotgun	IRGSP1_prefilter	/projects/caeg/data/production/LV7/008/960/LV7008960345/20240724_BH5F2GDSX7/v1.0.8/4ebe3d1488023a26ec5b50b4e6a71f6b		No	asian_rice_panel_extraction_or_explicit_legacy_route	@{unit_id}|{original_read_name}
U2ECE71D89455	angkor	old_shotgun_376	LV3006120714	LV3006120714	LV6000620192	LV7008890355	shotgun		sample	shotgun	IRGSP1_prefilter	/projects/caeg/data/production/LV7/008/890/LV7008890355/20250905_AHC7WJDSXF/v1.0.8/4ebe3d1488023a26ec5b50b4e6a71f6b		No	asian_rice_panel_extraction_or_explicit_legacy_route	@{unit_id}|{original_read_name}
U2F2ABBD9BF4D	angkor	old_shotgun_376	LV3006007309	LV3006007309	LV7008416334	LV7009026634	shotgun		sample	shotgun	IRGSP1_prefilter	/projects/caeg/data/production/LV7/009/026/LV7009026634/20240704_BH5FCVDSX7/v1.0.8/4ebe3d1488023a26ec5b50b4e6a71f6b		No	asian_rice_panel_extraction_or_explicit_legacy_route	@{unit_id}|{original_read_name}
U2F40BA29A512	angkor	angkor_qc_519				LV7008879896	shotgun		sample	shotgun	raw_qc_collapsed	/home/scratch/yinmt_rice/data/angkor_qc_collapsed/Lib_LV7008879896_collapsed.fastq.gz		No	crosswalk_if_needed_then_asian_rice_panel_extraction	@{unit_id}|{original_read_name}
U2F4183247044	angkor	angkor_new_capture_64	LV3006121030	LV3006121030	LV6000654696	LV7008879225	capture	RiceEProbe20Panel1	sample	angkor_new_capture_panel1	raw_PE	/home/scratch/yinmt_rice/data/angkor_another_capture_data/LV7008879225-LV6000654696-LV3006121030-RiceEProbe20Panel1captured_S7_L001_R1_001.fastq.gz	/home/scratch/yinmt_rice/data/angkor_another_capture_data/LV7008879225-LV6000654696-LV3006121030-RiceEProbe20Panel1captured_S7_L001_R2_001.fastq.gz	No	QC_then_asian_rice_panel_extraction	@{unit_id}|{original_read_name}
U2F4C10432321	angkor	old_shotgun_376	LV3006006414	LV3006006414	LV7008416302	LV7008955584	shotgun		sample	shotgun	IRGSP1_prefilter	/projects/caeg/data/production/LV7/008/955/LV7008955584/20240724_BH5F2GDSX7/v1.0.8/4ebe3d1488023a26ec5b50b4e6a71f6b		No	asian_rice_panel_extraction_or_explicit_legacy_route	@{unit_id}|{original_read_name}
U2F8C37BF206C	nanzuo	nanzuo_asian_extract	YWL1-A3499		LV7005227377	LV7008960242	popgen		sample	nanzuo_popgen	asian_candidate_fastq	/home/scratch/yinmt_rice/data/nanzuo_extract/popgen/YWL1-A3499.bt2.primary_mapped.fastq.gz		Yes	tag_pool_competitive_mapping_besthit	@{unit_id}|{original_read_name}
U300C6881E253	angkor	old_shotgun_376	LV3005573870	LV3005573870	LV7005225830	LV7001903276	shotgun		sample	shotgun	IRGSP1_prefilter	/projects/caeg/data/production/LV7/001/903/LV7001903276/20230414_BHMGMJDSX5/v1.0.8/4ebe3d1488023a26ec5b50b4e6a71f6b		No	asian_rice_panel_extraction_or_explicit_legacy_route	@{unit_id}|{original_read_name}
U30427672810D	angkor	angkor_qc_519	LV3006120739	LV3006120739	LV6000200271	LV7008879556	shotgun		sample	shotgun	raw_qc_collapsed	/home/scratch/yinmt_rice/data/angkor_qc_collapsed/Lib_LV7008879556_collapsed.fastq.gz		No	crosswalk_if_needed_then_asian_rice_panel_extraction	@{unit_id}|{original_read_name}
U305BF60E90D1	angkor	angkor_qc_519				LV7008879970	shotgun		sample	shotgun	raw_qc_collapsed	/home/scratch/yinmt_rice/data/angkor_qc_collapsed/Lib_LV7008879970_collapsed.fastq.gz		No	crosswalk_if_needed_then_asian_rice_panel_extraction	@{unit_id}|{original_read_name}
U306868D8DD3A	nanzuo	nanzuo_asian_extract	YWL1-A3495		LV7005227373	LV7008960227	popgen		sample	nanzuo_popgen	asian_candidate_fastq	/home/scratch/yinmt_rice/data/nanzuo_extract/popgen/YWL1-A3495.bt2.primary_mapped.fastq.gz		Yes	tag_pool_competitive_mapping_besthit	@{unit_id}|{original_read_name}
U30D3EAC46C5B	angkor	angkor_qc_519				LV7008879782	shotgun		sample	shotgun	raw_qc_collapsed	/home/scratch/yinmt_rice/data/angkor_qc_collapsed/Lib_LV7008879782_collapsed.fastq.gz		No	crosswalk_if_needed_then_asian_rice_panel_extraction	@{unit_id}|{original_read_name}
U30F67537182A	nanzuo	nanzuo_function_IRGSP	YWL1-A3499		LV7005227377	LV7008960242	function		sample	direct_IRGSP	IRGSP_BAM	/home/scratch/yinmt202607/6.nanzuo_function_yancheng/LV7008960242-LV7005227377-YWL1-A3499_S49.bam		No	skip_asian_besthit_use_direct_IRGSP_downstream	
U311A78DD39F9	angkor	angkor_new_capture_64	LV3006121067	LV3006121067	LV6000654693	LV7008879203	capture	RiceEProbe20Panel2	sample	angkor_new_capture_panel2	raw_PE	/home/scratch/yinmt_rice/data/angkor_another_capture_data/LV7008879203-LV6000654693-LV3006121067-RiceEProbe20Panel2captured_S64_L004_R1_001.fastq.gz	/home/scratch/yinmt_rice/data/angkor_another_capture_data/LV7008879203-LV6000654693-LV3006121067-RiceEProbe20Panel2captured_S64_L004_R2_001.fastq.gz	No	QC_then_asian_rice_panel_extraction	@{unit_id}|{original_read_name}
U31260D800E32	angkor	angkor_qc_519				LV7008879181	shotgun		sample	shotgun	raw_qc_collapsed	/home/scratch/yinmt_rice/data/angkor_qc_collapsed/Lib_LV7008879181_collapsed.fastq.gz		No	crosswalk_if_needed_then_asian_rice_panel_extraction	@{unit_id}|{original_read_name}
U312703539F28	angkor	old_shotgun_376	LV3006007179	LV3006007179	LV7008416336	LV7008958499	shotgun		sample	shotgun	IRGSP1_prefilter	/projects/caeg/data/production/LV7/008/958/LV7008958499/20240704_BH5FCVDSX7/v1.0.8/4ebe3d1488023a26ec5b50b4e6a71f6b		No	asian_rice_panel_extraction_or_explicit_legacy_route	@{unit_id}|{original_read_name}
U312953B0B45F	angkor	angkor_qc_519				LV7008879829	shotgun		sample	shotgun	raw_qc_collapsed	/home/scratch/yinmt_rice/data/angkor_qc_collapsed/Lib_LV7008879829_collapsed.fastq.gz		No	crosswalk_if_needed_then_asian_rice_panel_extraction	@{unit_id}|{original_read_name}
U313621F3D6E4	angkor	old_shotgun_376	LV3006006410	LV3006006410	LV7008416292	LV7008958346	shotgun		sample	shotgun	IRGSP1_prefilter	/projects/caeg/data/production/LV7/008/958/LV7008958346/20240724_BH5F2GDSX7/v1.0.8/4ebe3d1488023a26ec5b50b4e6a71f6b		No	asian_rice_panel_extraction_or_explicit_legacy_route	@{unit_id}|{original_read_name}
U315325E09657	angkor	angkor_qc_519	LV3006121048	LV3006121048	LV6000654707	LV7008879277	shotgun		sample	shotgun	raw_qc_collapsed	/home/scratch/yinmt_rice/data/angkor_qc_collapsed/Lib_LV7008879277_collapsed.fastq.gz		No	crosswalk_if_needed_then_asian_rice_panel_extraction	@{unit_id}|{original_read_name}
U316103F34AD6	angkor	angkor_qc_519				LV7008879160	shotgun		sample	shotgun	raw_qc_collapsed	/home/scratch/yinmt_rice/data/angkor_qc_collapsed/Lib_LV7008879160_collapsed.fastq.gz		No	crosswalk_if_needed_then_asian_rice_panel_extraction	@{unit_id}|{original_read_name}
U319F3B6E30F4	angkor	old_shotgun_376	LV3006007217	LV3006007217	LV7008416385	LV7008960430	shotgun		sample	shotgun	IRGSP1_prefilter	/projects/caeg/data/production/LV7/008/960/LV7008960430/20240702_BH5F5KDSX7/v1.0.8/4ebe3d1488023a26ec5b50b4e6a71f6b		No	asian_rice_panel_extraction_or_explicit_legacy_route	@{unit_id}|{original_read_name}
U31CC9182EC37	angkor	angkor_qc_519				LV7008879948	shotgun		sample	shotgun	raw_qc_collapsed	/home/scratch/yinmt_rice/data/angkor_qc_collapsed/Lib_LV7008879948_collapsed.fastq.gz		No	crosswalk_if_needed_then_asian_rice_panel_extraction	@{unit_id}|{original_read_name}
U321374F8E19A	angkor	angkor_new_capture_64	LV3006121082	LV3006121082	LV6000654705	LV7008879230	capture	RiceEProbe20Panel2	sample	angkor_new_capture_panel2	raw_PE	/home/scratch/yinmt_rice/data/angkor_another_capture_data/LV7008879230-LV6000654705-LV3006121082-RiceEProbe20Panel2captured_S60_L004_R1_001.fastq.gz	/home/scratch/yinmt_rice/data/angkor_another_capture_data/LV7008879230-LV6000654705-LV3006121082-RiceEProbe20Panel2captured_S60_L004_R2_001.fastq.gz	No	QC_then_asian_rice_panel_extraction	@{unit_id}|{original_read_name}
U32972AC1B6DE	angkor	angkor_qc_519				LV7008879831	shotgun		sample	shotgun	raw_qc_collapsed	/home/scratch/yinmt_rice/data/angkor_qc_collapsed/Lib_LV7008879831_collapsed.fastq.gz		No	crosswalk_if_needed_then_asian_rice_panel_extraction	@{unit_id}|{original_read_name}
U32C533EABE5B	angkor	angkor_qc_519				LV7008879924	shotgun		sample	shotgun	raw_qc_collapsed	/home/scratch/yinmt_rice/data/angkor_qc_collapsed/Lib_LV7008879924_collapsed.fastq.gz		No	crosswalk_if_needed_then_asian_rice_panel_extraction	@{unit_id}|{original_read_name}
U3355F99F0452	angkor	angkor_qc_519				LV7008879772	shotgun		sample	shotgun	raw_qc_collapsed	/home/scratch/yinmt_rice/data/angkor_qc_collapsed/Lib_LV7008879772_collapsed.fastq.gz		No	crosswalk_if_needed_then_asian_rice_panel_extraction	@{unit_id}|{original_read_name}
U33D88ECFA007	angkor	angkor_qc_519	LV3006120787	LV3006120787	LV6000200260	LV7008879522	shotgun		sample	shotgun	raw_qc_collapsed	/home/scratch/yinmt_rice/data/angkor_qc_collapsed/Lib_LV7008879522_collapsed.fastq.gz		No	crosswalk_if_needed_then_asian_rice_panel_extraction	@{unit_id}|{original_read_name}
U34C6704AD1D3	angkor	angkor_qc_519				LV7008879118	shotgun		sample	shotgun	raw_qc_collapsed	/home/scratch/yinmt_rice/data/angkor_qc_collapsed/Lib_LV7008879118_collapsed.fastq.gz		No	crosswalk_if_needed_then_asian_rice_panel_extraction	@{unit_id}|{original_read_name}
U34CCE93BADEF	angkor	angkor_qc_519	LV3006120727	LV3006120727	LV6000200287	LV7008879483	shotgun		sample	shotgun	raw_qc_collapsed	/home/scratch/yinmt_rice/data/angkor_qc_collapsed/Lib_LV7008879483_collapsed.fastq.gz		No	crosswalk_if_needed_then_asian_rice_panel_extraction	@{unit_id}|{original_read_name}
U34D5ABA254DC	mcp	mcp_reshotgun	ExrNTC25020701		ExrNTC25020701	LV7008865179	shotgun		extraction_NTC	shotgun	raw_bbduk	/home/scratch/yinmt202607/4.mcp_reshotgun/data/reads/LV7008865179-ExrNTC25020701-ExrNTC_S182.bbduk.lowcomp_filtered.fq		No	asian_rice_panel_extraction_then_tag_pool_besthit	@{unit_id}|{original_read_name}
U34E1D883C2BF	angkor	angkor_qc_519				LV7008879875	shotgun		sample	shotgun	raw_qc_collapsed	/home/scratch/yinmt_rice/data/angkor_qc_collapsed/Lib_LV7008879875_collapsed.fastq.gz		No	crosswalk_if_needed_then_asian_rice_panel_extraction	@{unit_id}|{original_read_name}
U34E2FCDAADD1	angkor	angkor_qc_519				LV7008879083	shotgun		sample	shotgun	raw_qc_collapsed	/home/scratch/yinmt_rice/data/angkor_qc_collapsed/Lib_LV7008879083_collapsed.fastq.gz		No	crosswalk_if_needed_then_asian_rice_panel_extraction	@{unit_id}|{original_read_name}
U34E939509207	angkor	angkor_qc_519				LV7008879065	shotgun		sample	shotgun	raw_qc_collapsed	/home/scratch/yinmt_rice/data/angkor_qc_collapsed/Lib_LV7008879065_collapsed.fastq.gz		No	crosswalk_if_needed_then_asian_rice_panel_extraction	@{unit_id}|{original_read_name}
U351AD173E54B	angkor	angkor_qc_519	LV3006121043	LV3006121043	LV6000654688	LV7008879213	shotgun		sample	shotgun	raw_qc_collapsed	/home/scratch/yinmt_rice/data/angkor_qc_collapsed/Lib_LV7008879213_collapsed.fastq.gz		No	crosswalk_if_needed_then_asian_rice_panel_extraction	@{unit_id}|{original_read_name}
U3556D035B6E0	angkor	old_shotgun_376	LV3006007234	LV3006007234	LV7008416366	LV7008958317	shotgun		sample	shotgun	IRGSP1_prefilter	/projects/caeg/data/production/LV7/008/958/LV7008958317/20240702_BH5F5KDSX7/v1.0.8/4ebe3d1488023a26ec5b50b4e6a71f6b		No	asian_rice_panel_extraction_or_explicit_legacy_route	@{unit_id}|{original_read_name}
U35D009297FEB	angkor	angkor_qc_519				LV7008879904	shotgun		sample	shotgun	raw_qc_collapsed	/home/scratch/yinmt_rice/data/angkor_qc_collapsed/Lib_LV7008879904_collapsed.fastq.gz		No	crosswalk_if_needed_then_asian_rice_panel_extraction	@{unit_id}|{original_read_name}
U35D68376DBAD	angkor	angkor_qc_519				LV7008879808	shotgun		sample	shotgun	raw_qc_collapsed	/home/scratch/yinmt_rice/data/angkor_qc_collapsed/Lib_LV7008879808_collapsed.fastq.gz		No	crosswalk_if_needed_then_asian_rice_panel_extraction	@{unit_id}|{original_read_name}
U362B504D8FF8	angkor	angkor_qc_519	LV3006121066	LV3006121066	LV6000654716	LV7008879264	shotgun		sample	shotgun	raw_qc_collapsed	/home/scratch/yinmt_rice/data/angkor_qc_collapsed/Lib_LV7008879264_collapsed.fastq.gz		No	crosswalk_if_needed_then_asian_rice_panel_extraction	@{unit_id}|{original_read_name}
U36E95EC75BBB	angkor	angkor_qc_519				LV7008879149	shotgun		sample	shotgun	raw_qc_collapsed	/home/scratch/yinmt_rice/data/angkor_qc_collapsed/Lib_LV7008879149_collapsed.fastq.gz		No	crosswalk_if_needed_then_asian_rice_panel_extraction	@{unit_id}|{original_read_name}
U36F0FC356A29	mcp	mcp_reshotgun	LibNTC25020701		LibNTC25020701	LV7008865173	shotgun		library_NTC	shotgun	raw_bbduk	/home/scratch/yinmt202607/4.mcp_reshotgun/data/reads/LV7008865173-LibNTC25020701-LibNTC_S188.bbduk.lowcomp_filtered.fq		No	asian_rice_panel_extraction_then_tag_pool_besthit	@{unit_id}|{original_read_name}
U373240F7236C	angkor	angkor_qc_519	LV3006120643	LV3006120643	LV6000619907	LV7008879283	shotgun		sample	shotgun	raw_qc_collapsed	/home/scratch/yinmt_rice/data/angkor_qc_collapsed/Lib_LV7008879283_collapsed.fastq.gz		No	crosswalk_if_needed_then_asian_rice_panel_extraction	@{unit_id}|{original_read_name}
U37468CE86935	angkor	old_shotgun_376	LV3006121089	LV3006121089	LV6000654689	LV7008879206	shotgun		sample	shotgun	IRGSP1_prefilter	/projects/caeg/data/production/LV7/008/879/LV7008879206/20250903_BHC5NVDSXF/v1.0.8/4ebe3d1488023a26ec5b50b4e6a71f6b		No	asian_rice_panel_extraction_or_explicit_legacy_route	@{unit_id}|{original_read_name}
U374FE73FAE24	angkor	angkor_qc_519	LV3006121053	LV3006121053	LV6000654700	LV7008879240	shotgun		sample	shotgun	raw_qc_collapsed	/home/scratch/yinmt_rice/data/angkor_qc_collapsed/Lib_LV7008879240_collapsed.fastq.gz		No	crosswalk_if_needed_then_asian_rice_panel_extraction	@{unit_id}|{original_read_name}
U3805ACBB21B7	angkor	angkor_qc_519	LV3006120629	LV3006120629	LV6000619885	LV7008879197	shotgun		sample	shotgun	raw_qc_collapsed	/home/scratch/yinmt_rice/data/angkor_qc_collapsed/Lib_LV7008879197_collapsed.fastq.gz		No	crosswalk_if_needed_then_asian_rice_panel_extraction	@{unit_id}|{original_read_name}
U38197C9376FD	angkor	angkor_qc_519				LV7008879866	shotgun		sample	shotgun	raw_qc_collapsed	/home/scratch/yinmt_rice/data/angkor_qc_collapsed/Lib_LV7008879866_collapsed.fastq.gz		No	crosswalk_if_needed_then_asian_rice_panel_extraction	@{unit_id}|{original_read_name}
U38EEC88CDAC2	angkor	angkor_qc_519				LV7008879770	shotgun		sample	shotgun	raw_qc_collapsed	/home/scratch/yinmt_rice/data/angkor_qc_collapsed/Lib_LV7008879770_collapsed.fastq.gz		No	crosswalk_if_needed_then_asian_rice_panel_extraction	@{unit_id}|{original_read_name}
U39128E84305E	nanzuo	nanzuo_asian_extract	YWL1-A3492				shotgun		sample	nanzuo_shotgun	asian_candidate_fastq	/home/scratch/yinmt_rice/data/nanzuo_extract/shotgun/YWL1-A3492.bt2.primary_mapped.fastq.gz		Yes	tag_pool_competitive_mapping_besthit	@{unit_id}|{original_read_name}
U39BBBA2D450A	angkor	angkor_qc_519	LV3006120637	LV3006120637	LV6000619891	LV7008879259	shotgun		sample	shotgun	raw_qc_collapsed	/home/scratch/yinmt_rice/data/angkor_qc_collapsed/Lib_LV7008879259_collapsed.fastq.gz		No	crosswalk_if_needed_then_asian_rice_panel_extraction	@{unit_id}|{original_read_name}
U3A13B8737732	angkor	angkor_original_capture_16	LV3006121044	LV3006121044	LV6000654686	LV7008879263	capture	RicePanel1	sample	angkor_legacy_capture_panel1	asian_candidate_fastq	/home/scratch/yinmt202607/tests/param_matrix_bt2_vs_bwa/00.extraction/bt2_new/fastq/LV6000654686_RicePanel1.bt2new.fastq.gz		Yes	tag_pool_competitive_mapping_besthit	@{unit_id}|{original_read_name}
U3B5DC68362F0	angkor	angkor_new_capture_64	LV3006121067	LV3006121067	LV6000654693	LV7008879203	capture	RiceEProbe20Panel1	sample	angkor_new_capture_panel1	raw_PE	/home/scratch/yinmt_rice/data/angkor_another_capture_data/LV7008879203-LV6000654693-LV3006121067-RiceEProbe20Panel1captured_S47_L003_R1_001.fastq.gz	/home/scratch/yinmt_rice/data/angkor_another_capture_data/LV7008879203-LV6000654693-LV3006121067-RiceEProbe20Panel1captured_S47_L003_R2_001.fastq.gz	No	QC_then_asian_rice_panel_extraction	@{unit_id}|{original_read_name}
U3BF780245567	angkor	angkor_original_capture_16	LV3006007308	LV3006007308	LV7008416349	LV7009022707	capture	RicePanel1	sample	angkor_legacy_capture_panel1	asian_candidate_fastq	/home/scratch/yinmt202607/tests/param_matrix_bt2_vs_bwa/00.extraction/bt2_new/fastq/LV7008416349_RicePanel1.bt2new.fastq.gz		Yes	tag_pool_competitive_mapping_besthit	@{unit_id}|{original_read_name}
U3CECA321E944	angkor	angkor_qc_519				LV7008879141	shotgun		sample	shotgun	raw_qc_collapsed	/home/scratch/yinmt_rice/data/angkor_qc_collapsed/Lib_LV7008879141_collapsed.fastq.gz		No	crosswalk_if_needed_then_asian_rice_panel_extraction	@{unit_id}|{original_read_name}
U3CEF8EDE8243	angkor	old_shotgun_376	LV3006006419	LV3006006419	LV7008416272	LV7008961181	shotgun		sample	shotgun	IRGSP1_prefilter	/projects/caeg/data/production/LV7/008/961/LV7008961181/20240724_BH5F2GDSX7/v1.0.8/4ebe3d1488023a26ec5b50b4e6a71f6b		No	asian_rice_panel_extraction_or_explicit_legacy_route	@{unit_id}|{original_read_name}
U3CEF9A44EB4E	angkor	angkor_qc_519				LV7008879029	shotgun		sample	shotgun	raw_qc_collapsed	/home/scratch/yinmt_rice/data/angkor_qc_collapsed/Lib_LV7008879029_collapsed.fastq.gz		No	crosswalk_if_needed_then_asian_rice_panel_extraction	@{unit_id}|{original_read_name}
U3D20DAA88831	angkor	angkor_qc_519	LV3006121085	LV3006121085	LV6000619903	LV7008879268	shotgun		sample	shotgun	raw_qc_collapsed	/home/scratch/yinmt_rice/data/angkor_qc_collapsed/Lib_LV7008879268_collapsed.fastq.gz		No	crosswalk_if_needed_then_asian_rice_panel_extraction	@{unit_id}|{original_read_name}
U3D88D7BD13AC	angkor	angkor_qc_519				LV7008879796	shotgun		sample	shotgun	raw_qc_collapsed	/home/scratch/yinmt_rice/data/angkor_qc_collapsed/Lib_LV7008879796_collapsed.fastq.gz		No	crosswalk_if_needed_then_asian_rice_panel_extraction	@{unit_id}|{original_read_name}
U3DE5AF126B6A	angkor	angkor_qc_519				LV7008879122	shotgun		sample	shotgun	raw_qc_collapsed	/home/scratch/yinmt_rice/data/angkor_qc_collapsed/Lib_LV7008879122_collapsed.fastq.gz		No	crosswalk_if_needed_then_asian_rice_panel_extraction	@{unit_id}|{original_read_name}
U3EAB97B80FDD	angkor	angkor_qc_519				LV7008879057	shotgun		sample	shotgun	raw_qc_collapsed	/home/scratch/yinmt_rice/data/angkor_qc_collapsed/Lib_LV7008879057_collapsed.fastq.gz		No	crosswalk_if_needed_then_asian_rice_panel_extraction	@{unit_id}|{original_read_name}
U3EC2D77D6163	angkor	old_shotgun_376	LV3006120653	LV3006120653	LV6000619921	LV7008879260	shotgun		sample	shotgun	IRGSP1_prefilter	/projects/caeg/data/production/LV7/008/879/LV7008879260/20250825_BHC7THDSXF/v1.0.8/4ebe3d1488023a26ec5b50b4e6a71f6b		No	asian_rice_panel_extraction_or_explicit_legacy_route	@{unit_id}|{original_read_name}
U4035E425C3CB	angkor	angkor_qc_519	LV3006121083	LV3006121083	LV6000619904	LV7008879243	shotgun		sample	shotgun	raw_qc_collapsed	/home/scratch/yinmt_rice/data/angkor_qc_collapsed/Lib_LV7008879243_collapsed.fastq.gz		No	crosswalk_if_needed_then_asian_rice_panel_extraction	@{unit_id}|{original_read_name}
U406E7AD1DCDC	angkor	old_shotgun_376	LV3006006725	LV3006006725	LV7008416397	LV7008961180	shotgun		sample	shotgun	IRGSP1_prefilter	/projects/caeg/data/production/LV7/008/961/LV7008961180/20240702_BH5F5KDSX7/v1.0.8/4ebe3d1488023a26ec5b50b4e6a71f6b		No	asian_rice_panel_extraction_or_explicit_legacy_route	@{unit_id}|{original_read_name}
U406F0B29D69F	angkor	old_shotgun_376	LV3006120693	LV3006120693	LV6000619978	LV7008890402	shotgun		sample	shotgun	IRGSP1_prefilter	/projects/caeg/data/production/LV7/008/890/LV7008890402/20250827_BHCMGWDSXF/v1.0.8/4ebe3d1488023a26ec5b50b4e6a71f6b		No	asian_rice_panel_extraction_or_explicit_legacy_route	@{unit_id}|{original_read_name}
U4103CF69FF15	angkor	angkor_qc_519				LV7008879107	shotgun		sample	shotgun	raw_qc_collapsed	/home/scratch/yinmt_rice/data/angkor_qc_collapsed/Lib_LV7008879107_collapsed.fastq.gz		No	crosswalk_if_needed_then_asian_rice_panel_extraction	@{unit_id}|{original_read_name}
U410B5FEED16D	angkor	old_shotgun_376	LV3006120650	LV3006120650	LV6000619922	LV7008879235	shotgun		sample	shotgun	IRGSP1_prefilter	/projects/caeg/data/production/LV7/008/879/LV7008879235/20250825_BHC7THDSXF/v1.0.8/4ebe3d1488023a26ec5b50b4e6a71f6b		No	asian_rice_panel_extraction_or_explicit_legacy_route	@{unit_id}|{original_read_name}
U4238C261B49D	angkor	old_shotgun_376	LV3006007322	LV3006007322	LV7008416335	LV7008960407	shotgun		sample	shotgun	IRGSP1_prefilter	/projects/caeg/data/production/LV7/008/960/LV7008960407/20240704_BH5FCVDSX7/v1.0.8/4ebe3d1488023a26ec5b50b4e6a71f6b		No	asian_rice_panel_extraction_or_explicit_legacy_route	@{unit_id}|{original_read_name}
U425AE18E1350	angkor	angkor_qc_519				LV7008879871	shotgun		sample	shotgun	raw_qc_collapsed	/home/scratch/yinmt_rice/data/angkor_qc_collapsed/Lib_LV7008879871_collapsed.fastq.gz		No	crosswalk_if_needed_then_asian_rice_panel_extraction	@{unit_id}|{original_read_name}
U426AE968FDDD	angkor	old_shotgun_376	LV3005272689	LV3005272689	LV7005010674	LV7009026435	shotgun		sample	shotgun	IRGSP1_prefilter	/projects/caeg/data/production/LV7/009/026/LV7009026435/20230927_AHNLW5DSX5/v1.0.8/4ebe3d1488023a26ec5b50b4e6a71f6b		No	asian_rice_panel_extraction_or_explicit_legacy_route	@{unit_id}|{original_read_name}
U42BEDF8471CF	angkor	old_shotgun_376	LV3006120671	LV3006120671	LV6000619889	LV7008879212	shotgun		sample	shotgun	IRGSP1_prefilter	/projects/caeg/data/production/LV7/008/879/LV7008879212/20250825_BHC7THDSXF/v1.0.8/4ebe3d1488023a26ec5b50b4e6a71f6b		No	asian_rice_panel_extraction_or_explicit_legacy_route	@{unit_id}|{original_read_name}
U4392951CE2A7	angkor	angkor_original_capture_16	LV3006007172	LV3006007172	LV7008416329	LV7008957621	capture	RicePanel1	sample	angkor_legacy_capture_panel1	asian_candidate_fastq	/home/scratch/yinmt202607/tests/param_matrix_bt2_vs_bwa/00.extraction/bt2_new/fastq/LV7008416329_RicePanel1.bt2new.fastq.gz		Yes	tag_pool_competitive_mapping_besthit	@{unit_id}|{original_read_name}
U43BE6FBA636D	angkor	old_shotgun_376	LV3005273245	LV3005273245	LV7005010711	LV7009026452	shotgun		sample	shotgun	IRGSP1_prefilter	/projects/caeg/data/production/LV7/009/026/LV7009026452/20230927_AHNLW5DSX5/v1.0.8/4ebe3d1488023a26ec5b50b4e6a71f6b		No	asian_rice_panel_extraction_or_explicit_legacy_route	@{unit_id}|{original_read_name}
U43C590B9FE36	angkor	angkor_qc_519	LV3006120672	LV3006120672	LV6000619882	LV7008879272	shotgun		sample	shotgun	raw_qc_collapsed	/home/scratch/yinmt_rice/data/angkor_qc_collapsed/Lib_LV7008879272_collapsed.fastq.gz		No	crosswalk_if_needed_then_asian_rice_panel_extraction	@{unit_id}|{original_read_name}
U43DE36139B39	angkor	angkor_qc_519				LV7008879792	shotgun		sample	shotgun	raw_qc_collapsed	/home/scratch/yinmt_rice/data/angkor_qc_collapsed/Lib_LV7008879792_collapsed.fastq.gz		No	crosswalk_if_needed_then_asian_rice_panel_extraction	@{unit_id}|{original_read_name}
U43ECDB1B020A	angkor	old_shotgun_376	LV3005272704	LV3005272704	LV7005010698	LV7009026520	shotgun		sample	shotgun	IRGSP1_prefilter	/projects/caeg/data/production/LV7/009/026/LV7009026520/20230927_AHNLW5DSX5/v1.0.8/4ebe3d1488023a26ec5b50b4e6a71f6b		No	asian_rice_panel_extraction_or_explicit_legacy_route	@{unit_id}|{original_read_name}
U4417BF28AACB	angkor	angkor_new_capture_64	LV3006121035	LV3006121035	LV6000619034	LV7008879506	capture	RiceEProbe20Panel1	sample	angkor_new_capture_panel1	raw_PE	/home/scratch/yinmt_rice/data/angkor_another_capture_data/LV7008879506-LV6000619034-LV3006121035-RiceEProbe20Panel1captured_S9_L001_R1_001.fastq.gz	/home/scratch/yinmt_rice/data/angkor_another_capture_data/LV7008879506-LV6000619034-LV3006121035-RiceEProbe20Panel1captured_S9_L001_R2_001.fastq.gz	No	QC_then_asian_rice_panel_extraction	@{unit_id}|{original_read_name}
U4421351A88FF	angkor	angkor_qc_519	LV3006120636	LV3006120636	LV6000619892	LV7008879234	shotgun		sample	shotgun	raw_qc_collapsed	/home/scratch/yinmt_rice/data/angkor_qc_collapsed/Lib_LV7008879234_collapsed.fastq.gz		No	crosswalk_if_needed_then_asian_rice_panel_extraction	@{unit_id}|{original_read_name}
U4489F75C7EE4	angkor	old_shotgun_376	LV3006006404	LV3006006404	LV7008416285	LV7008960898	shotgun		sample	shotgun	IRGSP1_prefilter	/projects/caeg/data/production/LV7/008/960/LV7008960898/20240724_BH5F2GDSX7/v1.0.8/4ebe3d1488023a26ec5b50b4e6a71f6b		No	asian_rice_panel_extraction_or_explicit_legacy_route	@{unit_id}|{original_read_name}
U44CCE8ADE9B6	angkor	angkor_qc_519	LV3006121086	LV3006121086	LV6000654714	LV7008879217	shotgun		sample	shotgun	raw_qc_collapsed	/home/scratch/yinmt_rice/data/angkor_qc_collapsed/Lib_LV7008879217_collapsed.fastq.gz		No	crosswalk_if_needed_then_asian_rice_panel_extraction	@{unit_id}|{original_read_name}
U44EAA91542DD	angkor	angkor_qc_519				LV7008879139	shotgun		sample	shotgun	raw_qc_collapsed	/home/scratch/yinmt_rice/data/angkor_qc_collapsed/Lib_LV7008879139_collapsed.fastq.gz		No	crosswalk_if_needed_then_asian_rice_panel_extraction	@{unit_id}|{original_read_name}
U451128193B1C	angkor	angkor_qc_519	LV3006121035	LV3006121035	LV6000619034	LV7008879506	shotgun		sample	shotgun	raw_qc_collapsed	/home/scratch/yinmt_rice/data/angkor_qc_collapsed/Lib_LV7008879506_collapsed.fastq.gz		No	crosswalk_if_needed_then_asian_rice_panel_extraction	@{unit_id}|{original_read_name}
U451387629ACD	angkor	angkor_qc_519				LV7008879006	shotgun		sample	shotgun	raw_qc_collapsed	/home/scratch/yinmt_rice/data/angkor_qc_collapsed/Lib_LV7008879006_collapsed.fastq.gz		No	crosswalk_if_needed_then_asian_rice_panel_extraction	@{unit_id}|{original_read_name}
U454FD4E0D1DF	angkor	old_shotgun_376	LV3006007308	LV3006007308	LV7008416349	LV7009022707	shotgun		sample	shotgun	IRGSP1_prefilter	/projects/caeg/data/production/LV7/009/022/LV7009022707/20240704_BH5FCVDSX7/v1.0.8/4ebe3d1488023a26ec5b50b4e6a71f6b		No	asian_rice_panel_extraction_or_explicit_legacy_route	@{unit_id}|{original_read_name}
U4595E3D44678	angkor	old_shotgun_376	LV3006121070	LV3006121070	LV6000619927	LV7008879207	shotgun		sample	shotgun	IRGSP1_prefilter	/projects/caeg/data/production/LV7/008/879/LV7008879207/20250825_BHC7THDSXF/v1.0.8/4ebe3d1488023a26ec5b50b4e6a71f6b		No	asian_rice_panel_extraction_or_explicit_legacy_route	@{unit_id}|{original_read_name}
U45CCE9E0F0BE	angkor	angkor_qc_519				LV7008879164	shotgun		sample	shotgun	raw_qc_collapsed	/home/scratch/yinmt_rice/data/angkor_qc_collapsed/Lib_LV7008879164_collapsed.fastq.gz		No	crosswalk_if_needed_then_asian_rice_panel_extraction	@{unit_id}|{original_read_name}
U4614AB0E15AD	angkor	angkor_new_capture_64	LV3006121063	LV3006121063	LV6000654709	LV7008879227	capture	RiceEProbe20Panel2	sample	angkor_new_capture_panel2	raw_PE	/home/scratch/yinmt_rice/data/angkor_another_capture_data/LV7008879227-LV6000654709-LV3006121063-RiceEProbe20Panel2captured_S80_L005_R1_001.fastq.gz	/home/scratch/yinmt_rice/data/angkor_another_capture_data/LV7008879227-LV6000654709-LV3006121063-RiceEProbe20Panel2captured_S80_L005_R2_001.fastq.gz	No	QC_then_asian_rice_panel_extraction	@{unit_id}|{original_read_name}
U461D5B98DC2F	angkor	angkor_qc_519	SmplNTC	SmplNTC	LV6000654684	LV7008879216	shotgun		library_NTC	shotgun	raw_qc_collapsed	/home/scratch/yinmt_rice/data/angkor_qc_collapsed/Lib_LV7008879216_collapsed.fastq.gz		No	crosswalk_if_needed_then_asian_rice_panel_extraction	@{unit_id}|{original_read_name}
U463B38472AFB	angkor	angkor_qc_519				LV7008879938	shotgun		sample	shotgun	raw_qc_collapsed	/home/scratch/yinmt_rice/data/angkor_qc_collapsed/Lib_LV7008879938_collapsed.fastq.gz		No	crosswalk_if_needed_then_asian_rice_panel_extraction	@{unit_id}|{original_read_name}
U46438B2D369B	angkor	angkor_qc_519				LV7008879822	shotgun		sample	shotgun	raw_qc_collapsed	/home/scratch/yinmt_rice/data/angkor_qc_collapsed/Lib_LV7008879822_collapsed.fastq.gz		No	crosswalk_if_needed_then_asian_rice_panel_extraction	@{unit_id}|{original_read_name}
U4656B8963AEA	angkor	old_shotgun_376	LV3006007310	LV3006007310	LV7008416342	LV3000765846	shotgun		sample	shotgun	IRGSP1_prefilter	/projects/caeg/data/production/LV3/000/765/LV3000765846/20240704_BH5FCVDSX7/v1.0.8/4ebe3d1488023a26ec5b50b4e6a71f6b		No	asian_rice_panel_extraction_or_explicit_legacy_route	@{unit_id}|{original_read_name}
U468A8EDCE588	angkor	angkor_new_capture_64	LV3006121043	LV3006121043	LV6000654688	LV7008879213	capture	RiceEProbe20Panel1	sample	angkor_new_capture_panel1	raw_PE	/home/scratch/yinmt_rice/data/angkor_another_capture_data/LV7008879213-LV6000654688-LV3006121043-RiceEProbe20Panel1captured_S6_L001_R1_001.fastq.gz	/home/scratch/yinmt_rice/data/angkor_another_capture_data/LV7008879213-LV6000654688-LV3006121043-RiceEProbe20Panel1captured_S6_L001_R2_001.fastq.gz	No	QC_then_asian_rice_panel_extraction	@{unit_id}|{original_read_name}
U468F5313E4B6	angkor	angkor_qc_519	LV3006121011	LV3006121011	LV6000619525	LV7008879527	shotgun		sample	shotgun	raw_qc_collapsed	/home/scratch/yinmt_rice/data/angkor_qc_collapsed/Lib_LV7008879527_collapsed.fastq.gz		No	crosswalk_if_needed_then_asian_rice_panel_extraction	@{unit_id}|{original_read_name}
U46AB1B68EA9D	angkor	angkor_original_capture_16	LV3006007306	LV3006007306	LV7008416339	LV7009024536	capture	RicePanel2	sample	angkor_legacy_capture_panel2	asian_candidate_fastq	/home/scratch/yinmt202607/tests/param_matrix_bt2_vs_bwa/00.extraction/bt2_new/fastq/LV7008416339_RicePanel2.bt2new.fastq.gz		Yes	tag_pool_competitive_mapping_besthit	@{unit_id}|{original_read_name}
U46EDF93D453F	angkor	angkor_qc_519				LV7008879994	shotgun		sample	shotgun	raw_qc_collapsed	/home/scratch/yinmt_rice/data/angkor_qc_collapsed/Lib_LV7008879994_collapsed.fastq.gz		No	crosswalk_if_needed_then_asian_rice_panel_extraction	@{unit_id}|{original_read_name}
U47608582A49A	angkor	old_shotgun_376	LV3006121056	LV3006121056	LV6000654717	LV7008879239	shotgun		sample	shotgun	IRGSP1_prefilter	/projects/caeg/data/production/LV7/008/879/LV7008879239/20250903_BHC5NVDSXF/v1.0.8/4ebe3d1488023a26ec5b50b4e6a71f6b		No	asian_rice_panel_extraction_or_explicit_legacy_route	@{unit_id}|{original_read_name}
U47BCA9C55810	angkor	angkor_qc_519	LV3006121016	LV3006121016	LV6000619033	LV7008879528	shotgun		sample	shotgun	raw_qc_collapsed	/home/scratch/yinmt_rice/data/angkor_qc_collapsed/Lib_LV7008879528_collapsed.fastq.gz		No	crosswalk_if_needed_then_asian_rice_panel_extraction	@{unit_id}|{original_read_name}
U47BEC61D0173	angkor	angkor_qc_519	LV3006121075	LV3006121075	LV6000654721	LV7008879254	shotgun		sample	shotgun	raw_qc_collapsed	/home/scratch/yinmt_rice/data/angkor_qc_collapsed/Lib_LV7008879254_collapsed.fastq.gz		No	crosswalk_if_needed_then_asian_rice_panel_extraction	@{unit_id}|{original_read_name}
U47E28244C07C	angkor	angkor_new_capture_64	LV3006120715	LV3006120715	LV6000620184	LV7008890331	capture	RiceEProbe20Panel1	sample	angkor_new_capture_panel1	raw_PE	/home/scratch/yinmt_rice/data/angkor_another_capture_data/LV7008890331-LV6000620184-LV3006120715-RiceEProbe20Panel1captured_S89_L006_R1_001.fastq.gz	/home/scratch/yinmt_rice/data/angkor_another_capture_data/LV7008890331-LV6000620184-LV3006120715-RiceEProbe20Panel1captured_S89_L006_R2_001.fastq.gz	No	QC_then_asian_rice_panel_extraction	@{unit_id}|{original_read_name}
U47E44A29A7CE	angkor	angkor_qc_519				LV7008879773	shotgun		sample	shotgun	raw_qc_collapsed	/home/scratch/yinmt_rice/data/angkor_qc_collapsed/Lib_LV7008879773_collapsed.fastq.gz		No	crosswalk_if_needed_then_asian_rice_panel_extraction	@{unit_id}|{original_read_name}
U480055B755D4	angkor	old_shotgun_376	LV3006120679	LV3006120679	LV6000619987	LV7008890389	shotgun		sample	shotgun	IRGSP1_prefilter	/projects/caeg/data/production/LV7/008/890/LV7008890389/20250827_BHCMGWDSXF/v1.0.8/4ebe3d1488023a26ec5b50b4e6a71f6b		No	asian_rice_panel_extraction_or_explicit_legacy_route	@{unit_id}|{original_read_name}
U48142F9AA502	angkor	angkor_qc_519	LV3006121004	LV3006121004	LV6000619502	LV7008879563	shotgun		sample	shotgun	raw_qc_collapsed	/home/scratch/yinmt_rice/data/angkor_qc_collapsed/Lib_LV7008879563_collapsed.fastq.gz		No	crosswalk_if_needed_then_asian_rice_panel_extraction	@{unit_id}|{original_read_name}
U48B93A7C973B	angkor	angkor_qc_519				LV7008879136	shotgun		sample	shotgun	raw_qc_collapsed	/home/scratch/yinmt_rice/data/angkor_qc_collapsed/Lib_LV7008879136_collapsed.fastq.gz		No	crosswalk_if_needed_then_asian_rice_panel_extraction	@{unit_id}|{original_read_name}
U48FF6114E5A2	angkor	old_shotgun_376	LV3006007184	LV3006007184	LV7008416313	LV7009024325	shotgun		sample	shotgun	IRGSP1_prefilter	/projects/caeg/data/production/LV7/009/024/LV7009024325/20240704_BH5FCVDSX7/v1.0.8/4ebe3d1488023a26ec5b50b4e6a71f6b		No	asian_rice_panel_extraction_or_explicit_legacy_route	@{unit_id}|{original_read_name}
U49369CDB7D06	angkor	angkor_original_capture_16	LV3006120633	LV3006120633	LV6000619917	LV7008879245	capture	RicePanel2	sample	angkor_legacy_capture_panel2	asian_candidate_fastq	/home/scratch/yinmt202607/tests/param_matrix_bt2_vs_bwa/00.extraction/bt2_new/fastq/LV6000619917_RicePanel2.bt2new.fastq.gz		Yes	tag_pool_competitive_mapping_besthit	@{unit_id}|{original_read_name}
U493DE3446929	angkor	angkor_qc_519	LV3006120646	LV3006120646	LV6000619894	LV7008879281	shotgun		sample	shotgun	raw_qc_collapsed	/home/scratch/yinmt_rice/data/angkor_qc_collapsed/Lib_LV7008879281_collapsed.fastq.gz		No	crosswalk_if_needed_then_asian_rice_panel_extraction	@{unit_id}|{original_read_name}
U4946652F9AC0	angkor	angkor_new_capture_64	LV3006121036	LV3006121036	LV6000654727	LV7008879201	capture	RiceEProbe20Panel2	sample	angkor_new_capture_panel2	raw_PE	/home/scratch/yinmt_rice/data/angkor_another_capture_data/LV7008879201-LV6000654727-LV3006121036-RiceEProbe20Panel2captured_S69_L005_R1_001.fastq.gz	/home/scratch/yinmt_rice/data/angkor_another_capture_data/LV7008879201-LV6000654727-LV3006121036-RiceEProbe20Panel2captured_S69_L005_R2_001.fastq.gz	No	QC_then_asian_rice_panel_extraction	@{unit_id}|{original_read_name}
U496068D0E234	angkor	angkor_qc_519				LV7008879081	shotgun		sample	shotgun	raw_qc_collapsed	/home/scratch/yinmt_rice/data/angkor_qc_collapsed/Lib_LV7008879081_collapsed.fastq.gz		No	crosswalk_if_needed_then_asian_rice_panel_extraction	@{unit_id}|{original_read_name}
U49733C4D8B1A	angkor	old_shotgun_376	LV3006007297	LV3006007297	LV7008416357	LV7009021824	shotgun		sample	shotgun	IRGSP1_prefilter	/projects/caeg/data/production/LV7/009/021/LV7009021824/20240704_BH5FCVDSX7/v1.0.8/4ebe3d1488023a26ec5b50b4e6a71f6b		No	asian_rice_panel_extraction_or_explicit_legacy_route	@{unit_id}|{original_read_name}
U499EAED0D71B	angkor	angkor_qc_519	LV3006120790	LV3006120790	LV6000200262	LV7008879569	shotgun		sample	shotgun	raw_qc_collapsed	/home/scratch/yinmt_rice/data/angkor_qc_collapsed/Lib_LV7008879569_collapsed.fastq.gz		No	crosswalk_if_needed_then_asian_rice_panel_extraction	@{unit_id}|{original_read_name}
U49EE81255253	angkor	angkor_qc_519				LV7008879073	shotgun		sample	shotgun	raw_qc_collapsed	/home/scratch/yinmt_rice/data/angkor_qc_collapsed/Lib_LV7008879073_collapsed.fastq.gz		No	crosswalk_if_needed_then_asian_rice_panel_extraction	@{unit_id}|{original_read_name}
U4A13505939AE	nanzuo	nanzuo_function_IRGSP	YWL1-A3485		LV7005227363	LV7008960265	function		sample	direct_IRGSP	IRGSP_BAM	/home/scratch/yinmt202607/6.nanzuo_function_yancheng/LV7008960265-LV7005227363-YWL1-A3485_S55.bam		No	skip_asian_besthit_use_direct_IRGSP_downstream	
U4A2519F36DCC	angkor	angkor_qc_519				LV7008879049	shotgun		sample	shotgun	raw_qc_collapsed	/home/scratch/yinmt_rice/data/angkor_qc_collapsed/Lib_LV7008879049_collapsed.fastq.gz		No	crosswalk_if_needed_then_asian_rice_panel_extraction	@{unit_id}|{original_read_name}
U4A7F4409BB63	angkor	angkor_qc_519	LV3006121077	LV3006121077	LV6000619911	LV7008879280	shotgun		sample	shotgun	raw_qc_collapsed	/home/scratch/yinmt_rice/data/angkor_qc_collapsed/Lib_LV7008879280_collapsed.fastq.gz		No	crosswalk_if_needed_then_asian_rice_panel_extraction	@{unit_id}|{original_read_name}
U4A81189901E7	angkor	old_shotgun_376	LV3006120661	LV3006120661	LV6000620045	LV7008890337	shotgun		sample	shotgun	IRGSP1_prefilter	/projects/caeg/data/production/LV7/008/890/LV7008890337/20250827_BHCMGWDSXF/v1.0.8/4ebe3d1488023a26ec5b50b4e6a71f6b		No	asian_rice_panel_extraction_or_explicit_legacy_route	@{unit_id}|{original_read_name}
U4A93C4AEDB1F	angkor	angkor_qc_519				LV7008879973	shotgun		sample	shotgun	raw_qc_collapsed	/home/scratch/yinmt_rice/data/angkor_qc_collapsed/Lib_LV7008879973_collapsed.fastq.gz		No	crosswalk_if_needed_then_asian_rice_panel_extraction	@{unit_id}|{original_read_name}
U4B15080F2DE9	angkor	angkor_qc_519				LV7008879140	shotgun		sample	shotgun	raw_qc_collapsed	/home/scratch/yinmt_rice/data/angkor_qc_collapsed/Lib_LV7008879140_collapsed.fastq.gz		No	crosswalk_if_needed_then_asian_rice_panel_extraction	@{unit_id}|{original_read_name}
U4B623FB73A5B	angkor	old_shotgun_376	LV3005273250	LV3005273250	LV7005225829	LV7001884436	shotgun		sample	shotgun	IRGSP1_prefilter	/projects/caeg/data/production/LV7/001/884/LV7001884436/20230414_BHMGMJDSX5/v1.0.8/4ebe3d1488023a26ec5b50b4e6a71f6b		No	asian_rice_panel_extraction_or_explicit_legacy_route	@{unit_id}|{original_read_name}
U4B753C399D02	angkor	angkor_new_capture_64	LV3006120647	LV3006120647	LV6000619908	LV7008879258	capture	RiceEProbe20Panel2	sample	angkor_new_capture_panel2	raw_PE	/home/scratch/yinmt_rice/data/angkor_another_capture_data/LV7008879258-LV6000619908-LV3006120647-RiceEProbe20Panel2captured_S53_L004_R1_001.fastq.gz	/home/scratch/yinmt_rice/data/angkor_another_capture_data/LV7008879258-LV6000619908-LV3006120647-RiceEProbe20Panel2captured_S53_L004_R2_001.fastq.gz	No	QC_then_asian_rice_panel_extraction	@{unit_id}|{original_read_name}
U4B7EB38382B0	nanzuo	nanzuo_asian_extract	YWL1-A3488		LV7005227366	LV7008960287	popgen		sample	nanzuo_popgen	asian_candidate_fastq	/home/scratch/yinmt_rice/data/nanzuo_extract/popgen/YWL1-A3488.bt2.primary_mapped.fastq.gz		Yes	tag_pool_competitive_mapping_besthit	@{unit_id}|{original_read_name}
U4B7F6B161087	nanzuo	nanzuo_asian_extract	YWL1-A3486				shotgun		sample	nanzuo_shotgun	asian_candidate_fastq	/home/scratch/yinmt_rice/data/nanzuo_extract/shotgun/YWL1-A3486.bt2.primary_mapped.fastq.gz		Yes	tag_pool_competitive_mapping_besthit	@{unit_id}|{original_read_name}
U4B9D7EA95423	angkor	angkor_new_capture_64	LV3006007219	LV3006007219	LV7008416376	LV7008960323	capture	RiceEProbe20Panel2	sample	angkor_new_capture_panel2	raw_PE	/home/scratch/yinmt_rice/data/angkor_another_capture_data/LV7008960323-LV7008416376-LV3006007219-RiceEProbe20Panel2captured_S98_L007_R1_001.fastq.gz	/home/scratch/yinmt_rice/data/angkor_another_capture_data/LV7008960323-LV7008416376-LV3006007219-RiceEProbe20Panel2captured_S98_L007_R2_001.fastq.gz	No	QC_then_asian_rice_panel_extraction	@{unit_id}|{original_read_name}
U4BC463A4662D	angkor	angkor_qc_519				LV7008879133	shotgun		sample	shotgun	raw_qc_collapsed	/home/scratch/yinmt_rice/data/angkor_qc_collapsed/Lib_LV7008879133_collapsed.fastq.gz		No	crosswalk_if_needed_then_asian_rice_panel_extraction	@{unit_id}|{original_read_name}
U4BCB6A5A7D12	nanzuo	nanzuo_asian_extract	YWL1-A3497				shotgun		sample	nanzuo_shotgun	asian_candidate_fastq	/home/scratch/yinmt_rice/data/nanzuo_extract/shotgun/YWL1-A3497.bt2.primary_mapped.fastq.gz		Yes	tag_pool_competitive_mapping_besthit	@{unit_id}|{original_read_name}
U4BCF46D3D0B1	angkor	old_shotgun_376	LV3006120638	LV3006120638	LV6000619906	LV7008879211	shotgun		sample	shotgun	IRGSP1_prefilter	/projects/caeg/data/production/LV7/008/879/LV7008879211/20250825_BHC7THDSXF/v1.0.8/4ebe3d1488023a26ec5b50b4e6a71f6b		No	asian_rice_panel_extraction_or_explicit_legacy_route	@{unit_id}|{original_read_name}
U4BE5CE16B3B2	angkor	old_shotgun_376	LV3006121027	LV3006121027	LV6000619514	LV7008879493	shotgun		sample	shotgun	IRGSP1_prefilter	/projects/caeg/data/production/LV7/008/879/LV7008879493/20250829_BHC5GYDSXF/v1.0.8/4ebe3d1488023a26ec5b50b4e6a71f6b		No	asian_rice_panel_extraction_or_explicit_legacy_route	@{unit_id}|{original_read_name}
U4C57BDF6B1F3	angkor	angkor_qc_519	LV3006120796	LV3006120796	LV6000200293	LV7008879545	shotgun		sample	shotgun	raw_qc_collapsed	/home/scratch/yinmt_rice/data/angkor_qc_collapsed/Lib_LV7008879545_collapsed.fastq.gz		No	crosswalk_if_needed_then_asian_rice_panel_extraction	@{unit_id}|{original_read_name}
U4CC4702E2CA0	angkor	angkor_qc_519	LV3006121071	LV3006121071	LV6000619919	LV7008879195	shotgun		sample	shotgun	raw_qc_collapsed	/home/scratch/yinmt_rice/data/angkor_qc_collapsed/Lib_LV7008879195_collapsed.fastq.gz		No	crosswalk_if_needed_then_asian_rice_panel_extraction	@{unit_id}|{original_read_name}
U4CECCA5666CC	angkor	old_shotgun_376	LV3006120688	LV3006120688	LV6000620042	LV7008890327	shotgun		sample	shotgun	IRGSP1_prefilter	/projects/caeg/data/production/LV7/008/890/LV7008890327/20250827_BHCMGWDSXF/v1.0.8/4ebe3d1488023a26ec5b50b4e6a71f6b		No	asian_rice_panel_extraction_or_explicit_legacy_route	@{unit_id}|{original_read_name}
U4D1FA1BE6CC6	angkor	angkor_qc_519				LV7008879500	shotgun		sample	shotgun	raw_qc_collapsed	/home/scratch/yinmt_rice/data/angkor_qc_collapsed/Lib_LV7008879500_collapsed.fastq.gz		No	crosswalk_if_needed_then_asian_rice_panel_extraction	@{unit_id}|{original_read_name}
U4D439792C863	angkor	angkor_qc_519				LV7008879161	shotgun		sample	shotgun	raw_qc_collapsed	/home/scratch/yinmt_rice/data/angkor_qc_collapsed/Lib_LV7008879161_collapsed.fastq.gz		No	crosswalk_if_needed_then_asian_rice_panel_extraction	@{unit_id}|{original_read_name}
U4D52A2EF15D0	angkor	angkor_qc_519				LV7008879919	shotgun		sample	shotgun	raw_qc_collapsed	/home/scratch/yinmt_rice/data/angkor_qc_collapsed/Lib_LV7008879919_collapsed.fastq.gz		No	crosswalk_if_needed_then_asian_rice_panel_extraction	@{unit_id}|{original_read_name}
U4D971EEA2ECA	angkor	old_shotgun_376	LV3006105270	LV3006105270	LV6000620188	LV7008890395	shotgun		sample	shotgun	IRGSP1_prefilter	/projects/caeg/data/production/LV7/008/890/LV7008890395/20250905_AHC7WJDSXF/v1.0.8/4ebe3d1488023a26ec5b50b4e6a71f6b		No	asian_rice_panel_extraction_or_explicit_legacy_route	@{unit_id}|{original_read_name}
U4E0A166D444B	angkor	angkor_qc_519	LV3006120670	LV3006120670	LV6000619897	LV7008879224	shotgun		sample	shotgun	raw_qc_collapsed	/home/scratch/yinmt_rice/data/angkor_qc_collapsed/Lib_LV7008879224_collapsed.fastq.gz		No	crosswalk_if_needed_then_asian_rice_panel_extraction	@{unit_id}|{original_read_name}
U4E2B455A24F0	angkor	old_shotgun_376	LV3006007230	LV3006007230	LV7008416375	LV7009022430	shotgun		sample	shotgun	IRGSP1_prefilter	/projects/caeg/data/production/LV7/009/022/LV7009022430/20240702_BH5F5KDSX7/v1.0.8/4ebe3d1488023a26ec5b50b4e6a71f6b		No	asian_rice_panel_extraction_or_explicit_legacy_route	@{unit_id}|{original_read_name}
U4E2FAC69B925	angkor	angkor_original_capture_16	LV3006006421	LV3006006421	LV7008416280	LV7008960345	capture	RicePanel2	sample	angkor_legacy_capture_panel2	asian_candidate_fastq	/home/scratch/yinmt202607/tests/param_matrix_bt2_vs_bwa/00.extraction/bt2_new/fastq/LV7008416280_RicePanel2.bt2new.fastq.gz		Yes	tag_pool_competitive_mapping_besthit	@{unit_id}|{original_read_name}
U4E5DCF99F9E8	angkor	angkor_qc_519				LV7008879899	shotgun		sample	shotgun	raw_qc_collapsed	/home/scratch/yinmt_rice/data/angkor_qc_collapsed/Lib_LV7008879899_collapsed.fastq.gz		No	crosswalk_if_needed_then_asian_rice_panel_extraction	@{unit_id}|{original_read_name}
U4E921B62F26F	angkor	angkor_qc_519				LV7008879841	shotgun		sample	shotgun	raw_qc_collapsed	/home/scratch/yinmt_rice/data/angkor_qc_collapsed/Lib_LV7008879841_collapsed.fastq.gz		No	crosswalk_if_needed_then_asian_rice_panel_extraction	@{unit_id}|{original_read_name}
U4EA103873FC6	angkor	angkor_qc_519				LV7008879110	shotgun		sample	shotgun	raw_qc_collapsed	/home/scratch/yinmt_rice/data/angkor_qc_collapsed/Lib_LV7008879110_collapsed.fastq.gz		No	crosswalk_if_needed_then_asian_rice_panel_extraction	@{unit_id}|{original_read_name}
U4EEE9624DF7B	angkor	old_shotgun_376	LV3006121040	LV3006121040	LV6000619037	LV7008879530	shotgun		sample	shotgun	IRGSP1_prefilter	/projects/caeg/data/production/LV7/008/879/LV7008879530/20250829_BHC5GYDSXF/v1.0.8/4ebe3d1488023a26ec5b50b4e6a71f6b		No	asian_rice_panel_extraction_or_explicit_legacy_route	@{unit_id}|{original_read_name}
U4F01EBEE807B	angkor	old_shotgun_376	LV3006007311	LV3006007311	LV7008416331	LV7009026424	shotgun		sample	shotgun	IRGSP1_prefilter	/projects/caeg/data/production/LV7/009/026/LV7009026424/20240704_BH5FCVDSX7/v1.0.8/4ebe3d1488023a26ec5b50b4e6a71f6b		No	asian_rice_panel_extraction_or_explicit_legacy_route	@{unit_id}|{original_read_name}
U4F089B379ECC	angkor	old_shotgun_376	LV3005273270	LV3005273270	LV7005010671	LV7009026450	shotgun		sample	shotgun	IRGSP1_prefilter	/projects/caeg/data/production/LV7/009/026/LV7009026450/20230927_AHNLW5DSX5/v1.0.8/4ebe3d1488023a26ec5b50b4e6a71f6b		No	asian_rice_panel_extraction_or_explicit_legacy_route	@{unit_id}|{original_read_name}
U4F5C74A97B1B	angkor	angkor_qc_519	LV3006121013	LV3006121013	LV6000619523	LV7008879480	shotgun		sample	shotgun	raw_qc_collapsed	/home/scratch/yinmt_rice/data/angkor_qc_collapsed/Lib_LV7008879480_collapsed.fastq.gz		No	crosswalk_if_needed_then_asian_rice_panel_extraction	@{unit_id}|{original_read_name}
U4F95EC4F0C05	angkor	angkor_qc_519	LV3006120645	LV3006120645	LV6000619902	LV7008879196	shotgun		sample	shotgun	raw_qc_collapsed	/home/scratch/yinmt_rice/data/angkor_qc_collapsed/Lib_LV7008879196_collapsed.fastq.gz		No	crosswalk_if_needed_then_asian_rice_panel_extraction	@{unit_id}|{original_read_name}
U4FDEB39A3CEA	angkor	old_shotgun_376	LV3006121081	LV3006121081	LV6000654682	LV7008879266	shotgun		sample	shotgun	IRGSP1_prefilter	/projects/caeg/data/production/LV7/008/879/LV7008879266/20250903_BHC5NVDSXF/v1.0.8/4ebe3d1488023a26ec5b50b4e6a71f6b		No	asian_rice_panel_extraction_or_explicit_legacy_route	@{unit_id}|{original_read_name}
U4FDF97FACCB1	angkor	angkor_qc_519				LV7008879066	shotgun		sample	shotgun	raw_qc_collapsed	/home/scratch/yinmt_rice/data/angkor_qc_collapsed/Lib_LV7008879066_collapsed.fastq.gz		No	crosswalk_if_needed_then_asian_rice_panel_extraction	@{unit_id}|{original_read_name}
U5052CA218F9D	angkor	angkor_qc_519				LV7008879154	shotgun		sample	shotgun	raw_qc_collapsed	/home/scratch/yinmt_rice/data/angkor_qc_collapsed/Lib_LV7008879154_collapsed.fastq.gz		No	crosswalk_if_needed_then_asian_rice_panel_extraction	@{unit_id}|{original_read_name}
U5084A92445D8	angkor	angkor_qc_519				LV7008879035	shotgun		sample	shotgun	raw_qc_collapsed	/home/scratch/yinmt_rice/data/angkor_qc_collapsed/Lib_LV7008879035_collapsed.fastq.gz		No	crosswalk_if_needed_then_asian_rice_panel_extraction	@{unit_id}|{original_read_name}
U50ED574E3743	angkor	angkor_qc_519				LV7008879018	shotgun		sample	shotgun	raw_qc_collapsed	/home/scratch/yinmt_rice/data/angkor_qc_collapsed/Lib_LV7008879018_collapsed.fastq.gz		No	crosswalk_if_needed_then_asian_rice_panel_extraction	@{unit_id}|{original_read_name}
U511EC45606B1	angkor	angkor_new_capture_64	LV3006121084	LV3006121084	LV6000619896	LV7008879231	capture	RiceEProbe20Panel1	sample	angkor_new_capture_panel1	raw_PE	/home/scratch/yinmt_rice/data/angkor_another_capture_data/LV7008879231-LV6000619896-LV3006121084-RiceEProbe20Panel1captured_S41_L003_R1_001.fastq.gz	/home/scratch/yinmt_rice/data/angkor_another_capture_data/LV7008879231-LV6000619896-LV3006121084-RiceEProbe20Panel1captured_S41_L003_R2_001.fastq.gz	No	QC_then_asian_rice_panel_extraction	@{unit_id}|{original_read_name}
U51B367669FB9	nanzuo	nanzuo_asian_extract	YWL1-A3491		LV7005227369	LV7008960230	popgen		sample	nanzuo_popgen	asian_candidate_fastq	/home/scratch/yinmt_rice/data/nanzuo_extract/popgen/YWL1-A3491.bt2.primary_mapped.fastq.gz		Yes	tag_pool_competitive_mapping_besthit	@{unit_id}|{original_read_name}
U51B54FC0FB1A	angkor	angkor_qc_519	LV3006120664	LV3006120664	LV6000619905	LV7008879236	shotgun		sample	shotgun	raw_qc_collapsed	/home/scratch/yinmt_rice/data/angkor_qc_collapsed/Lib_LV7008879236_collapsed.fastq.gz		No	crosswalk_if_needed_then_asian_rice_panel_extraction	@{unit_id}|{original_read_name}
U51D38DC8E11D	angkor	angkor_qc_519	LV3006121030	LV3006121030	LV6000654696	LV7008879225	shotgun		sample	shotgun	raw_qc_collapsed	/home/scratch/yinmt_rice/data/angkor_qc_collapsed/Lib_LV7008879225_collapsed.fastq.gz		No	crosswalk_if_needed_then_asian_rice_panel_extraction	@{unit_id}|{original_read_name}
U51EB9765C639	angkor	angkor_new_capture_64	LV3006121023	LV3006121023	LV6000619497	LV7008879494	capture	RiceEProbe20Panel1	sample	angkor_new_capture_panel1	raw_PE	/home/scratch/yinmt_rice/data/angkor_another_capture_data/LV7008879494-LV6000619497-LV3006121023-RiceEProbe20Panel1captured_S96_L006_R1_001.fastq.gz	/home/scratch/yinmt_rice/data/angkor_another_capture_data/LV7008879494-LV6000619497-LV3006121023-RiceEProbe20Panel1captured_S96_L006_R2_001.fastq.gz	No	QC_then_asian_rice_panel_extraction	@{unit_id}|{original_read_name}
U5221CE85FCBF	angkor	old_shotgun_376	LV3006121068	LV3006121068	LV6000654706	LV7008879205	shotgun		sample	shotgun	IRGSP1_prefilter	/projects/caeg/data/production/LV7/008/879/LV7008879205/20250903_BHC5NVDSXF/v1.0.8/4ebe3d1488023a26ec5b50b4e6a71f6b		No	asian_rice_panel_extraction_or_explicit_legacy_route	@{unit_id}|{original_read_name}
U522BB2F0621D	angkor	angkor_qc_519				LV7008879008	shotgun		sample	shotgun	raw_qc_collapsed	/home/scratch/yinmt_rice/data/angkor_qc_collapsed/Lib_LV7008879008_collapsed.fastq.gz		No	crosswalk_if_needed_then_asian_rice_panel_extraction	@{unit_id}|{original_read_name}
U52516A6AE86D	angkor	angkor_qc_519				LV7008879170	shotgun		sample	shotgun	raw_qc_collapsed	/home/scratch/yinmt_rice/data/angkor_qc_collapsed/Lib_LV7008879170_collapsed.fastq.gz		No	crosswalk_if_needed_then_asian_rice_panel_extraction	@{unit_id}|{original_read_name}
U529FC4422888	angkor	angkor_qc_519				LV7008879156	shotgun		sample	shotgun	raw_qc_collapsed	/home/scratch/yinmt_rice/data/angkor_qc_collapsed/Lib_LV7008879156_collapsed.fastq.gz		No	crosswalk_if_needed_then_asian_rice_panel_extraction	@{unit_id}|{original_read_name}
U53059B1B8BE5	angkor	old_shotgun_376	LV3006120676	LV3006120676	LV6000620041	LV7008890352	shotgun		sample	shotgun	IRGSP1_prefilter	/projects/caeg/data/production/LV7/008/890/LV7008890352/20250827_BHCMGWDSXF/v1.0.8/4ebe3d1488023a26ec5b50b4e6a71f6b		No	asian_rice_panel_extraction_or_explicit_legacy_route	@{unit_id}|{original_read_name}
U532C80B19C2A	angkor	old_shotgun_376	LV3006006405	LV3006006405	LV7008416338	LV7008958330	shotgun		sample	shotgun	IRGSP1_prefilter	/projects/caeg/data/production/LV7/008/958/LV7008958330/20240704_BH5FCVDSX7/v1.0.8/4ebe3d1488023a26ec5b50b4e6a71f6b		No	asian_rice_panel_extraction_or_explicit_legacy_route	@{unit_id}|{original_read_name}
U53CDF7B6783E	angkor	old_shotgun_376	LV3005273265	LV3005273265	LV7005010701	LV7009026438	shotgun		sample	shotgun	IRGSP1_prefilter	/projects/caeg/data/production/LV7/009/026/LV7009026438/20230927_AHNLW5DSX5/v1.0.8/4ebe3d1488023a26ec5b50b4e6a71f6b		No	asian_rice_panel_extraction_or_explicit_legacy_route	@{unit_id}|{original_read_name}
U53F1BD84D6FC	angkor	old_shotgun_376	LV3006007208	LV3006007208	LV7008416372	LV7009022713	shotgun		sample	shotgun	IRGSP1_prefilter	/projects/caeg/data/production/LV7/009/022/LV7009022713/20240702_BH5F5KDSX7/v1.0.8/4ebe3d1488023a26ec5b50b4e6a71f6b		No	asian_rice_panel_extraction_or_explicit_legacy_route	@{unit_id}|{original_read_name}
U547B6F86533F	angkor	old_shotgun_376	LV3006007189	LV3006007189	LV7008416337	LV7009024919	shotgun		sample	shotgun	IRGSP1_prefilter	/projects/caeg/data/production/LV7/009/024/LV7009024919/20240704_BH5FCVDSX7/v1.0.8/4ebe3d1488023a26ec5b50b4e6a71f6b		No	asian_rice_panel_extraction_or_explicit_legacy_route	@{unit_id}|{original_read_name}
U54C86AA0B1AE	angkor	old_shotgun_376	LV3006121021	LV3006121021	LV6000619506	LV7008879481	shotgun		sample	shotgun	IRGSP1_prefilter	/projects/caeg/data/production/LV7/008/879/LV7008879481/20250829_BHC5GYDSXF/v1.0.8/4ebe3d1488023a26ec5b50b4e6a71f6b		No	asian_rice_panel_extraction_or_explicit_legacy_route	@{unit_id}|{original_read_name}
U54DDA3196A95	angkor	angkor_qc_519	LV3006120745	LV3006120745	LV7008414996	LV7008879544	shotgun		sample	shotgun	raw_qc_collapsed	/home/scratch/yinmt_rice/data/angkor_qc_collapsed/Lib_LV7008879544_collapsed.fastq.gz		No	crosswalk_if_needed_then_asian_rice_panel_extraction	@{unit_id}|{original_read_name}
U5566097704A0	angkor	old_shotgun_376	LV3006121018	LV3006121018	LV6000619532	LV7008879564	shotgun		sample	shotgun	IRGSP1_prefilter	/projects/caeg/data/production/LV7/008/879/LV7008879564/20250829_BHC5GYDSXF/v1.0.8/4ebe3d1488023a26ec5b50b4e6a71f6b		No	asian_rice_panel_extraction_or_explicit_legacy_route	@{unit_id}|{original_read_name}
U5579A5974D6E	angkor	angkor_qc_519				LV7008879874	shotgun		sample	shotgun	raw_qc_collapsed	/home/scratch/yinmt_rice/data/angkor_qc_collapsed/Lib_LV7008879874_collapsed.fastq.gz		No	crosswalk_if_needed_then_asian_rice_panel_extraction	@{unit_id}|{original_read_name}
U55B0A9F898D0	angkor	angkor_qc_519				LV7008879852	shotgun		sample	shotgun	raw_qc_collapsed	/home/scratch/yinmt_rice/data/angkor_qc_collapsed/Lib_LV7008879852_collapsed.fastq.gz		No	crosswalk_if_needed_then_asian_rice_panel_extraction	@{unit_id}|{original_read_name}
U5637EDAEE6B7	angkor	angkor_qc_519				LV7008879039	shotgun		sample	shotgun	raw_qc_collapsed	/home/scratch/yinmt_rice/data/angkor_qc_collapsed/Lib_LV7008879039_collapsed.fastq.gz		No	crosswalk_if_needed_then_asian_rice_panel_extraction	@{unit_id}|{original_read_name}
U563AD7529B78	angkor	angkor_qc_519	SmplNTC	SmplNTC	LV6000619910	LV7008879208	shotgun		library_NTC	shotgun	raw_qc_collapsed	/home/scratch/yinmt_rice/data/angkor_qc_collapsed/Lib_LV7008879208_collapsed.fastq.gz		No	crosswalk_if_needed_then_asian_rice_panel_extraction	@{unit_id}|{original_read_name}
U565277BBEA1D	angkor	angkor_qc_519	LV3006120628	LV3006120628	LV6000619893	LV7008879209	shotgun		sample	shotgun	raw_qc_collapsed	/home/scratch/yinmt_rice/data/angkor_qc_collapsed/Lib_LV7008879209_collapsed.fastq.gz		No	crosswalk_if_needed_then_asian_rice_panel_extraction	@{unit_id}|{original_read_name}
U566CB91CAC8E	nanzuo	nanzuo_function_IRGSP	YWL1-A3497		LV7005227375	LV7008960274	function		sample	direct_IRGSP	IRGSP_BAM	/home/scratch/yinmt202607/6.nanzuo_function_yancheng/LV7008960274-LV7005227375-YWL1-A3497_S51.bam		No	skip_asian_besthit_use_direct_IRGSP_downstream	
U567D564F7C53	angkor	angkor_qc_519				LV7008879028	shotgun		sample	shotgun	raw_qc_collapsed	/home/scratch/yinmt_rice/data/angkor_qc_collapsed/Lib_LV7008879028_collapsed.fastq.gz		No	crosswalk_if_needed_then_asian_rice_panel_extraction	@{unit_id}|{original_read_name}
U56A42C9EFFC7	angkor	angkor_new_capture_64	LV3006121024	LV3006121024	LV6000654719	LV7008879189	capture	RiceEProbe20Panel2	sample	angkor_new_capture_panel2	raw_PE	/home/scratch/yinmt_rice/data/angkor_another_capture_data/LV7008879189-LV6000654719-LV3006121024-RiceEProbe20Panel2captured_S68_L005_R1_001.fastq.gz	/home/scratch/yinmt_rice/data/angkor_another_capture_data/LV7008879189-LV6000654719-LV3006121024-RiceEProbe20Panel2captured_S68_L005_R2_001.fastq.gz	No	QC_then_asian_rice_panel_extraction	@{unit_id}|{original_read_name}
U5789F416C6D0	angkor	angkor_qc_519	LV3006121084	LV3006121084	LV6000619896	LV7008879231	shotgun		sample	shotgun	raw_qc_collapsed	/home/scratch/yinmt_rice/data/angkor_qc_collapsed/Lib_LV7008879231_collapsed.fastq.gz		No	crosswalk_if_needed_then_asian_rice_panel_extraction	@{unit_id}|{original_read_name}
U578ACB6E9DA3	angkor	old_shotgun_376	LV3006121048	LV3006121048	LV6000654707	LV7008879277	shotgun		sample	shotgun	IRGSP1_prefilter	/projects/caeg/data/production/LV7/008/879/LV7008879277/20250903_BHC5NVDSXF/v1.0.8/4ebe3d1488023a26ec5b50b4e6a71f6b		No	asian_rice_panel_extraction_or_explicit_legacy_route	@{unit_id}|{original_read_name}
U579225173399	angkor	angkor_qc_519				LV7008879985	shotgun		sample	shotgun	raw_qc_collapsed	/home/scratch/yinmt_rice/data/angkor_qc_collapsed/Lib_LV7008879985_collapsed.fastq.gz		No	crosswalk_if_needed_then_asian_rice_panel_extraction	@{unit_id}|{original_read_name}
U579AA2EDC41D	angkor	old_shotgun_376	LV3006121011	LV3006121011	LV6000619525	LV7008879527	shotgun		sample	shotgun	IRGSP1_prefilter	/projects/caeg/data/production/LV7/008/879/LV7008879527/20250829_BHC5GYDSXF/v1.0.8/4ebe3d1488023a26ec5b50b4e6a71f6b		No	asian_rice_panel_extraction_or_explicit_legacy_route	@{unit_id}|{original_read_name}
U57AEE43E2E33	nanzuo	nanzuo_function_IRGSP	YWL1-A3484		LV7005227362	LV7008960290	function		sample	direct_IRGSP	IRGSP_BAM	/home/scratch/yinmt202607/6.nanzuo_function_yancheng/LV7008960290-LV7005227362-YWL1-A3484_S6.bam		No	skip_asian_besthit_use_direct_IRGSP_downstream	
U57C867CB6CB8	angkor	angkor_qc_519				LV7008879953	shotgun		sample	shotgun	raw_qc_collapsed	/home/scratch/yinmt_rice/data/angkor_qc_collapsed/Lib_LV7008879953_collapsed.fastq.gz		No	crosswalk_if_needed_then_asian_rice_panel_extraction	@{unit_id}|{original_read_name}
U57D2DE089088	angkor	angkor_qc_519				LV7008879022	shotgun		sample	shotgun	raw_qc_collapsed	/home/scratch/yinmt_rice/data/angkor_qc_collapsed/Lib_LV7008879022_collapsed.fastq.gz		No	crosswalk_if_needed_then_asian_rice_panel_extraction	@{unit_id}|{original_read_name}
U57D4AF0EF480	angkor	angkor_qc_519				LV7008879034	shotgun		sample	shotgun	raw_qc_collapsed	/home/scratch/yinmt_rice/data/angkor_qc_collapsed/Lib_LV7008879034_collapsed.fastq.gz		No	crosswalk_if_needed_then_asian_rice_panel_extraction	@{unit_id}|{original_read_name}
U5818D9A77647	angkor	old_shotgun_376	LV3006120660	LV3006120660	LV6000619984	LV7008890349	shotgun		sample	shotgun	IRGSP1_prefilter	/projects/caeg/data/production/LV7/008/890/LV7008890349/20250827_BHCMGWDSXF/v1.0.8/4ebe3d1488023a26ec5b50b4e6a71f6b		No	asian_rice_panel_extraction_or_explicit_legacy_route	@{unit_id}|{original_read_name}
U581D56DFCAD5	angkor	angkor_qc_519	LV3006121844	LV3006121844	LV6000200275	LV7008879571	shotgun		sample	shotgun	raw_qc_collapsed	/home/scratch/yinmt_rice/data/angkor_qc_collapsed/Lib_LV7008879571_collapsed.fastq.gz		No	crosswalk_if_needed_then_asian_rice_panel_extraction	@{unit_id}|{original_read_name}
U5836F981B650	angkor	angkor_new_capture_64	LV3006006408	LV3006006408	LV7008416279	LV7009022754	capture	RiceEProbe20Panel1	sample	angkor_new_capture_panel1	raw_PE	/home/scratch/yinmt_rice/data/angkor_another_capture_data/LV7009022754-LV7008416279-LV3006006408-RiceEProbe20Panel1captured_S81_L006_R1_001.fastq.gz	/home/scratch/yinmt_rice/data/angkor_another_capture_data/LV7009022754-LV7008416279-LV3006006408-RiceEProbe20Panel1captured_S81_L006_R2_001.fastq.gz	No	QC_then_asian_rice_panel_extraction	@{unit_id}|{original_read_name}
U5848957A1AB8	angkor	angkor_qc_519	LV3006121061	LV3006121061	LV6000654699	LV7008879265	shotgun		sample	shotgun	raw_qc_collapsed	/home/scratch/yinmt_rice/data/angkor_qc_collapsed/Lib_LV7008879265_collapsed.fastq.gz		No	crosswalk_if_needed_then_asian_rice_panel_extraction	@{unit_id}|{original_read_name}
U5858E90519C2	angkor	angkor_qc_519				LV7008879071	shotgun		sample	shotgun	raw_qc_collapsed	/home/scratch/yinmt_rice/data/angkor_qc_collapsed/Lib_LV7008879071_collapsed.fastq.gz		No	crosswalk_if_needed_then_asian_rice_panel_extraction	@{unit_id}|{original_read_name}
U58A3DB839C0C	angkor	old_shotgun_376	LV3005272702	LV3005272702	LV7005010689	LV7009026471	shotgun		sample	shotgun	IRGSP1_prefilter	/projects/caeg/data/production/LV7/009/026/LV7009026471/20230927_AHNLW5DSX5/v1.0.8/4ebe3d1488023a26ec5b50b4e6a71f6b		No	asian_rice_panel_extraction_or_explicit_legacy_route	@{unit_id}|{original_read_name}
U5985E2A7B534	angkor	old_shotgun_376	LV3006121076	LV3006121076	LV6000619888	LV7008879219	shotgun		sample	shotgun	IRGSP1_prefilter	/projects/caeg/data/production/LV7/008/879/LV7008879219/20250825_BHC7THDSXF/v1.0.8/4ebe3d1488023a26ec5b50b4e6a71f6b		No	asian_rice_panel_extraction_or_explicit_legacy_route	@{unit_id}|{original_read_name}
U59CAFD607F52	angkor	angkor_original_capture_16	LV3006120680	LV3006120680	LV6000620032	LV7008890353	capture	RicePanel1	sample	angkor_legacy_capture_panel1	asian_candidate_fastq	/home/scratch/yinmt202607/tests/param_matrix_bt2_vs_bwa/00.extraction/bt2_new/fastq/LV6000620032_RicePanel1.bt2new.fastq.gz		Yes	tag_pool_competitive_mapping_besthit	@{unit_id}|{original_read_name}
U59F1147F1E80	angkor	old_shotgun_376	LV3006121064	LV3006121064	LV6000654695	LV7008879250	shotgun		sample	shotgun	IRGSP1_prefilter	/projects/caeg/data/production/LV7/008/879/LV7008879250/20250903_BHC5NVDSXF/v1.0.8/4ebe3d1488023a26ec5b50b4e6a71f6b		No	asian_rice_panel_extraction_or_explicit_legacy_route	@{unit_id}|{original_read_name}
U5A1113DFCD14	angkor	old_shotgun_376	LV3006105277	LV3006105277	LV6000620158	LV7008890370	shotgun		sample	shotgun	IRGSP1_prefilter	/projects/caeg/data/production/LV7/008/890/LV7008890370/20250905_AHC7WJDSXF/v1.0.8/4ebe3d1488023a26ec5b50b4e6a71f6b		No	asian_rice_panel_extraction_or_explicit_legacy_route	@{unit_id}|{original_read_name}
U5A55467EF20D	angkor	old_shotgun_376	LV3006121035	LV3006121035	LV6000619034	LV7008879506	shotgun		sample	shotgun	IRGSP1_prefilter	/projects/caeg/data/production/LV7/008/879/LV7008879506/20250829_BHC5GYDSXF/v1.0.8/4ebe3d1488023a26ec5b50b4e6a71f6b		No	asian_rice_panel_extraction_or_explicit_legacy_route	@{unit_id}|{original_read_name}
U5A8975369B07	angkor	angkor_qc_519				LV7008879047	shotgun		sample	shotgun	raw_qc_collapsed	/home/scratch/yinmt_rice/data/angkor_qc_collapsed/Lib_LV7008879047_collapsed.fastq.gz		No	crosswalk_if_needed_then_asian_rice_panel_extraction	@{unit_id}|{original_read_name}
U5AD624CED8BE	angkor	old_shotgun_376	LV3006120665	LV3006120665	LV6000620016	LV7008890373	shotgun		sample	shotgun	IRGSP1_prefilter	/projects/caeg/data/production/LV7/008/890/LV7008890373/20250827_BHCMGWDSXF/v1.0.8/4ebe3d1488023a26ec5b50b4e6a71f6b		No	asian_rice_panel_extraction_or_explicit_legacy_route	@{unit_id}|{original_read_name}
U5B7285110535	angkor	angkor_qc_519				LV7008879834	shotgun		sample	shotgun	raw_qc_collapsed	/home/scratch/yinmt_rice/data/angkor_qc_collapsed/Lib_LV7008879834_collapsed.fastq.gz		No	crosswalk_if_needed_then_asian_rice_panel_extraction	@{unit_id}|{original_read_name}
U5B8DDD6040FD	angkor	angkor_qc_519				LV7008879003	shotgun		sample	shotgun	raw_qc_collapsed	/home/scratch/yinmt_rice/data/angkor_qc_collapsed/Lib_LV7008879003_collapsed.fastq.gz		No	crosswalk_if_needed_then_asian_rice_panel_extraction	@{unit_id}|{original_read_name}
U5BE654D1E17E	angkor	angkor_qc_519	LV3006120671	LV3006120671	LV6000619889	LV7008879212	shotgun		sample	shotgun	raw_qc_collapsed	/home/scratch/yinmt_rice/data/angkor_qc_collapsed/Lib_LV7008879212_collapsed.fastq.gz		No	crosswalk_if_needed_then_asian_rice_panel_extraction	@{unit_id}|{original_read_name}
U5C2776A77621	angkor	angkor_qc_519	LV3006121024	LV3006121024	LV6000654719	LV7008879189	shotgun		sample	shotgun	raw_qc_collapsed	/home/scratch/yinmt_rice/data/angkor_qc_collapsed/Lib_LV7008879189_collapsed.fastq.gz		No	crosswalk_if_needed_then_asian_rice_panel_extraction	@{unit_id}|{original_read_name}
U5C27C78567FF	angkor	angkor_qc_519	LV3006121001	LV3006121001	LV6000619516	LV7008879540	shotgun		sample	shotgun	raw_qc_collapsed	/home/scratch/yinmt_rice/data/angkor_qc_collapsed/Lib_LV7008879540_collapsed.fastq.gz		No	crosswalk_if_needed_then_asian_rice_panel_extraction	@{unit_id}|{original_read_name}
U5C3E148E1C4C	angkor	angkor_qc_519	LV3006120733	LV3006120733	LV7008415602	LV7008879568	shotgun		sample	shotgun	raw_qc_collapsed	/home/scratch/yinmt_rice/data/angkor_qc_collapsed/Lib_LV7008879568_collapsed.fastq.gz		No	crosswalk_if_needed_then_asian_rice_panel_extraction	@{unit_id}|{original_read_name}
U5CE67F690C9C	angkor	angkor_qc_519				LV7008879887	shotgun		sample	shotgun	raw_qc_collapsed	/home/scratch/yinmt_rice/data/angkor_qc_collapsed/Lib_LV7008879887_collapsed.fastq.gz		No	crosswalk_if_needed_then_asian_rice_panel_extraction	@{unit_id}|{original_read_name}
U5D1794B8A2F7	mcp	mcp_reshotgun	proxy20260303181		LV6000655557	LV7008865103	shotgun		sample	shotgun	raw_bbduk	/home/scratch/yinmt202607/4.mcp_reshotgun/data/reads/LV7008865103-LV6000655557-proxy20260303181_S114.bbduk.lowcomp_filtered.fq		No	asian_rice_panel_extraction_then_tag_pool_besthit	@{unit_id}|{original_read_name}
U5D27CAADEC24	angkor	old_shotgun_376	LV3006007224	LV3006007224	LV7008416365	LV7009022337	shotgun		sample	shotgun	IRGSP1_prefilter	/projects/caeg/data/production/LV7/009/022/LV7009022337/20240702_BH5F5KDSX7/v1.0.8/4ebe3d1488023a26ec5b50b4e6a71f6b		No	asian_rice_panel_extraction_or_explicit_legacy_route	@{unit_id}|{original_read_name}
U5D381A2D26DA	angkor	angkor_new_capture_64	LV3006120684	LV3006120684	LV6000619979	LV7008890377	capture	RiceEProbe20Panel2	sample	angkor_new_capture_panel2	raw_PE	/home/scratch/yinmt_rice/data/angkor_another_capture_data/LV7008890377-LV6000619979-LV3006120684-RiceEProbe20Panel2captured_S123_L008_R1_001.fastq.gz	/home/scratch/yinmt_rice/data/angkor_another_capture_data/LV7008890377-LV6000619979-LV3006120684-RiceEProbe20Panel2captured_S123_L008_R2_001.fastq.gz	No	QC_then_asian_rice_panel_extraction	@{unit_id}|{original_read_name}
U5D491BFD8942	angkor	angkor_qc_519	LV3006121037	LV3006121037	LV6000654589	LV7008879237	shotgun		sample	shotgun	raw_qc_collapsed	/home/scratch/yinmt_rice/data/angkor_qc_collapsed/Lib_LV7008879237_collapsed.fastq.gz		No	crosswalk_if_needed_then_asian_rice_panel_extraction	@{unit_id}|{original_read_name}
U5D52D7F387ED	angkor	angkor_qc_519	LV3006121038	LV3006121038	LV6000619491	LV7008879529	shotgun		sample	shotgun	raw_qc_collapsed	/home/scratch/yinmt_rice/data/angkor_qc_collapsed/Lib_LV7008879529_collapsed.fastq.gz		No	crosswalk_if_needed_then_asian_rice_panel_extraction	@{unit_id}|{original_read_name}
U5D6C857F4F75	angkor	old_shotgun_376	LV3006120654	LV3006120654	LV6000620037	LV7008890325	shotgun		sample	shotgun	IRGSP1_prefilter	/projects/caeg/data/production/LV7/008/890/LV7008890325/20250827_BHCMGWDSXF/v1.0.8/4ebe3d1488023a26ec5b50b4e6a71f6b		No	asian_rice_panel_extraction_or_explicit_legacy_route	@{unit_id}|{original_read_name}
U5D784F05269C	angkor	angkor_qc_519				LV7008879870	shotgun		sample	shotgun	raw_qc_collapsed	/home/scratch/yinmt_rice/data/angkor_qc_collapsed/Lib_LV7008879870_collapsed.fastq.gz		No	crosswalk_if_needed_then_asian_rice_panel_extraction	@{unit_id}|{original_read_name}
U5D90B477C3BD	angkor	old_shotgun_376	LV3005273243	LV3005273243	LV7005010696	LV7009026500	shotgun		sample	shotgun	IRGSP1_prefilter	/projects/caeg/data/production/LV7/009/026/LV7009026500/20230927_AHNLW5DSX5/v1.0.8/4ebe3d1488023a26ec5b50b4e6a71f6b		No	asian_rice_panel_extraction_or_explicit_legacy_route	@{unit_id}|{original_read_name}
U5DAA2563DEDB	angkor	old_shotgun_376	LV3006121031	LV3006121031	LV6000654711	LV7008877310	shotgun		sample	shotgun	IRGSP1_prefilter	/projects/caeg/data/production/LV7/008/877/LV7008877310/20250903_BHC5NVDSXF/v1.0.8/4ebe3d1488023a26ec5b50b4e6a71f6b		No	asian_rice_panel_extraction_or_explicit_legacy_route	@{unit_id}|{original_read_name}
U5DAA2D4C76AC	angkor	old_shotgun_376	LV3006121066	LV3006121066	LV6000654716	LV7008879264	shotgun		sample	shotgun	IRGSP1_prefilter	/projects/caeg/data/production/LV7/008/879/LV7008879264/20250903_BHC5NVDSXF/v1.0.8/4ebe3d1488023a26ec5b50b4e6a71f6b		No	asian_rice_panel_extraction_or_explicit_legacy_route	@{unit_id}|{original_read_name}
U5DB2A4D003D9	angkor	angkor_qc_519	LV3006121065	LV3006121065	LV6000654724	LV7008879276	shotgun		sample	shotgun	raw_qc_collapsed	/home/scratch/yinmt_rice/data/angkor_qc_collapsed/Lib_LV7008879276_collapsed.fastq.gz		No	crosswalk_if_needed_then_asian_rice_panel_extraction	@{unit_id}|{original_read_name}
U5DD0D335C0AA	angkor	angkor_qc_519	LV3006121054	LV3006121054	LV6000654715	LV7008879192	shotgun		sample	shotgun	raw_qc_collapsed	/home/scratch/yinmt_rice/data/angkor_qc_collapsed/Lib_LV7008879192_collapsed.fastq.gz		No	crosswalk_if_needed_then_asian_rice_panel_extraction	@{unit_id}|{original_read_name}
U5DFF30BB61ED	angkor	angkor_qc_519				LV7008879056	shotgun		sample	shotgun	raw_qc_collapsed	/home/scratch/yinmt_rice/data/angkor_qc_collapsed/Lib_LV7008879056_collapsed.fastq.gz		No	crosswalk_if_needed_then_asian_rice_panel_extraction	@{unit_id}|{original_read_name}
U5E11C3EB5440	angkor	angkor_qc_519				LV7008879188	shotgun		sample	shotgun	raw_qc_collapsed	/home/scratch/yinmt_rice/data/angkor_qc_collapsed/Lib_LV7008879188_collapsed.fastq.gz		No	crosswalk_if_needed_then_asian_rice_panel_extraction	@{unit_id}|{original_read_name}
U5E26C0C4224A	angkor	old_shotgun_376	LV3006007305	LV3006007305	LV7008416316	LV7009023730	shotgun		sample	shotgun	IRGSP1_prefilter	/projects/caeg/data/production/LV7/009/023/LV7009023730/20240704_BH5FCVDSX7/v1.0.8/4ebe3d1488023a26ec5b50b4e6a71f6b		No	asian_rice_panel_extraction_or_explicit_legacy_route	@{unit_id}|{original_read_name}
U5E2E2DA832C8	angkor	angkor_qc_519				LV7008879184	shotgun		sample	shotgun	raw_qc_collapsed	/home/scratch/yinmt_rice/data/angkor_qc_collapsed/Lib_LV7008879184_collapsed.fastq.gz		No	crosswalk_if_needed_then_asian_rice_panel_extraction	@{unit_id}|{original_read_name}
U5E3A05E18502	angkor	old_shotgun_376	LV3006007293	LV3006007293	LV7008416315	LV7008960369	shotgun		sample	shotgun	IRGSP1_prefilter	/projects/caeg/data/production/LV7/008/960/LV7008960369/20240704_BH5FCVDSX7/v1.0.8/4ebe3d1488023a26ec5b50b4e6a71f6b		No	asian_rice_panel_extraction_or_explicit_legacy_route	@{unit_id}|{original_read_name}
U5EC5823522C1	angkor	angkor_new_capture_64	LV3006121080	LV3006121080	LV6000654722	LV7008879229	capture	RiceEProbe20Panel2	sample	angkor_new_capture_panel2	raw_PE	/home/scratch/yinmt_rice/data/angkor_another_capture_data/LV7008879229-LV6000654722-LV3006121080-RiceEProbe20Panel2captured_S126_L008_R1_001.fastq.gz	/home/scratch/yinmt_rice/data/angkor_another_capture_data/LV7008879229-LV6000654722-LV3006121080-RiceEProbe20Panel2captured_S126_L008_R2_001.fastq.gz	No	QC_then_asian_rice_panel_extraction	@{unit_id}|{original_read_name}
U5EC7606E0D68	angkor	old_shotgun_376	LV3006120711	LV3006120711	LV6000620177	LV7008890381	shotgun		sample	shotgun	IRGSP1_prefilter	/projects/caeg/data/production/LV7/008/890/LV7008890381/20250905_AHC7WJDSXF/v1.0.8/4ebe3d1488023a26ec5b50b4e6a71f6b		No	asian_rice_panel_extraction_or_explicit_legacy_route	@{unit_id}|{original_read_name}
U5ED063CC5254	angkor	angkor_qc_519				LV7008879947	shotgun		sample	shotgun	raw_qc_collapsed	/home/scratch/yinmt_rice/data/angkor_qc_collapsed/Lib_LV7008879947_collapsed.fastq.gz		No	crosswalk_if_needed_then_asian_rice_panel_extraction	@{unit_id}|{original_read_name}
U5EECE6292A88	angkor	old_shotgun_376	LV3006007199	LV3006007199	LV7008416361	LV7009027318	shotgun		sample	shotgun	IRGSP1_prefilter	/projects/caeg/data/production/LV7/009/027/LV7009027318/20240702_BH5F5KDSX7/v1.0.8/4ebe3d1488023a26ec5b50b4e6a71f6b		No	asian_rice_panel_extraction_or_explicit_legacy_route	@{unit_id}|{original_read_name}
U5F3688CFE8BE	angkor	angkor_qc_519	LV3006121055	LV3006121055	LV6000654691	LV7008879253	shotgun		sample	shotgun	raw_qc_collapsed	/home/scratch/yinmt_rice/data/angkor_qc_collapsed/Lib_LV7008879253_collapsed.fastq.gz		No	crosswalk_if_needed_then_asian_rice_panel_extraction	@{unit_id}|{original_read_name}
U5FA6CA6C9768	angkor	angkor_qc_519				LV7008879995	shotgun		sample	shotgun	raw_qc_collapsed	/home/scratch/yinmt_rice/data/angkor_qc_collapsed/Lib_LV7008879995_collapsed.fastq.gz		No	crosswalk_if_needed_then_asian_rice_panel_extraction	@{unit_id}|{original_read_name}
U5FB82BEA6F57	angkor	angkor_qc_519	LV3006121079	LV3006121079	LV6000619926	LV7008879232	shotgun		sample	shotgun	raw_qc_collapsed	/home/scratch/yinmt_rice/data/angkor_qc_collapsed/Lib_LV7008879232_collapsed.fastq.gz		No	crosswalk_if_needed_then_asian_rice_panel_extraction	@{unit_id}|{original_read_name}
U5FDF3B8CC819	nanzuo	nanzuo_function_IRGSP	YWL1-A3495		LV7005227373	LV7008960227	function		sample	direct_IRGSP	IRGSP_BAM	/home/scratch/yinmt202607/6.nanzuo_function_yancheng/LV7008960227-LV7005227373-YWL1-A3495_S9.bam		No	skip_asian_besthit_use_direct_IRGSP_downstream	
U6000C5E604F9	angkor	old_shotgun_376	LV3006121060	LV3006121060	LV6000654723	LV7008879204	shotgun		sample	shotgun	IRGSP1_prefilter	/projects/caeg/data/production/LV7/008/879/LV7008879204/20250903_BHC5NVDSXF/v1.0.8/4ebe3d1488023a26ec5b50b4e6a71f6b		No	asian_rice_panel_extraction_or_explicit_legacy_route	@{unit_id}|{original_read_name}
U60525C56ECEB	angkor	old_shotgun_376	LV3006121075	LV3006121075	LV6000654721	LV7008879254	shotgun		sample	shotgun	IRGSP1_prefilter	/projects/caeg/data/production/LV7/008/879/LV7008879254/20250903_BHC5NVDSXF/v1.0.8/4ebe3d1488023a26ec5b50b4e6a71f6b		No	asian_rice_panel_extraction_or_explicit_legacy_route	@{unit_id}|{original_read_name}
U60CAFCD192D1	angkor	old_shotgun_376	LV3006007314	LV3006007314	LV7008416358	LV7008957213	shotgun		sample	shotgun	IRGSP1_prefilter	/projects/caeg/data/production/LV7/008/957/LV7008957213/20240704_BH5FCVDSX7/v1.0.8/4ebe3d1488023a26ec5b50b4e6a71f6b		No	asian_rice_panel_extraction_or_explicit_legacy_route	@{unit_id}|{original_read_name}
U60EF6C8D63BE	angkor	angkor_new_capture_64	LV3006121052	LV3006121052	LV6000654710	LV7008879202	capture	RiceEProbe20Panel1	sample	angkor_new_capture_panel1	raw_PE	/home/scratch/yinmt_rice/data/angkor_another_capture_data/LV7008879202-LV6000654710-LV3006121052-RiceEProbe20Panel1captured_S2_L001_R1_001.fastq.gz	/home/scratch/yinmt_rice/data/angkor_another_capture_data/LV7008879202-LV6000654710-LV3006121052-RiceEProbe20Panel1captured_S2_L001_R2_001.fastq.gz	No	QC_then_asian_rice_panel_extraction	@{unit_id}|{original_read_name}
U610ABC776543	angkor	old_shotgun_376	LV3006007211	LV3006007211	LV7008416369	LV7009024569	shotgun		sample	shotgun	IRGSP1_prefilter	/projects/caeg/data/production/LV7/009/024/LV7009024569/20240702_BH5F5KDSX7/v1.0.8/4ebe3d1488023a26ec5b50b4e6a71f6b		No	asian_rice_panel_extraction_or_explicit_legacy_route	@{unit_id}|{original_read_name}
U6115D26FE9EA	angkor	angkor_new_capture_64	LV3006006408	LV3006006408	LV7008416279	LV7009022754	capture	RiceEProbe20Panel2	sample	angkor_new_capture_panel2	raw_PE	/home/scratch/yinmt_rice/data/angkor_another_capture_data/LV7009022754-LV7008416279-LV3006006408-RiceEProbe20Panel2captured_S113_L008_R1_001.fastq.gz	/home/scratch/yinmt_rice/data/angkor_another_capture_data/LV7009022754-LV7008416279-LV3006006408-RiceEProbe20Panel2captured_S113_L008_R2_001.fastq.gz	No	QC_then_asian_rice_panel_extraction	@{unit_id}|{original_read_name}
U615F6D546B87	angkor	angkor_qc_519				LV7008879847	shotgun		sample	shotgun	raw_qc_collapsed	/home/scratch/yinmt_rice/data/angkor_qc_collapsed/Lib_LV7008879847_collapsed.fastq.gz		No	crosswalk_if_needed_then_asian_rice_panel_extraction	@{unit_id}|{original_read_name}
U61B6CD2E3640	angkor	angkor_new_capture_64	LV3006007204	LV3006007204	LV7008416370	LV7009024883	capture	RiceEProbe20Panel2	sample	angkor_new_capture_panel2	raw_PE	/home/scratch/yinmt_rice/data/angkor_another_capture_data/LV7009024883-LV7008416370-LV3006007204-RiceEProbe20Panel2captured_S105_L007_R1_001.fastq.gz	/home/scratch/yinmt_rice/data/angkor_another_capture_data/LV7009024883-LV7008416370-LV3006007204-RiceEProbe20Panel2captured_S105_L007_R2_001.fastq.gz	No	QC_then_asian_rice_panel_extraction	@{unit_id}|{original_read_name}
U61CCB0D155BA	angkor	old_shotgun_376	LV3006006411	LV3006006411	LV7008416347	LV7008958511	shotgun		sample	shotgun	IRGSP1_prefilter	/projects/caeg/data/production/LV7/008/958/LV7008958511/20240704_BH5FCVDSX7/v1.0.8/4ebe3d1488023a26ec5b50b4e6a71f6b		No	asian_rice_panel_extraction_or_explicit_legacy_route	@{unit_id}|{original_read_name}
U61EB9897C10B	mcp	mcp_reshotgun	proxy20260303229		LV6000655589	LV7008865151	shotgun		sample	shotgun	raw_bbduk	/home/scratch/yinmt202607/4.mcp_reshotgun/data/reads/LV7008865151-LV6000655589-proxy20260303229_S162.bbduk.lowcomp_filtered.fq		No	asian_rice_panel_extraction_then_tag_pool_besthit	@{unit_id}|{original_read_name}
U621123D1B042	angkor	angkor_qc_519	LV3006120747	LV3006120747	LV6000200280	LV7008879543	shotgun		sample	shotgun	raw_qc_collapsed	/home/scratch/yinmt_rice/data/angkor_qc_collapsed/Lib_LV7008879543_collapsed.fastq.gz		No	crosswalk_if_needed_then_asian_rice_panel_extraction	@{unit_id}|{original_read_name}
U625833E48D38	angkor	angkor_qc_519				LV7008879060	shotgun		sample	shotgun	raw_qc_collapsed	/home/scratch/yinmt_rice/data/angkor_qc_collapsed/Lib_LV7008879060_collapsed.fastq.gz		No	crosswalk_if_needed_then_asian_rice_panel_extraction	@{unit_id}|{original_read_name}
U625D21F707A4	angkor	angkor_qc_519	LV3006121091	LV3006121091	LV6000654681	LV7008879194	shotgun		sample	shotgun	raw_qc_collapsed	/home/scratch/yinmt_rice/data/angkor_qc_collapsed/Lib_LV7008879194_collapsed.fastq.gz		No	crosswalk_if_needed_then_asian_rice_panel_extraction	@{unit_id}|{original_read_name}
U6261B4972B2C	angkor	old_shotgun_376	LV3006105287	LV3006105287	LV6000620171	LV7008890346	shotgun		sample	shotgun	IRGSP1_prefilter	/projects/caeg/data/production/LV7/008/890/LV7008890346/20250905_AHC7WJDSXF/v1.0.8/4ebe3d1488023a26ec5b50b4e6a71f6b		No	asian_rice_panel_extraction_or_explicit_legacy_route	@{unit_id}|{original_read_name}
U627F6273FD3B	angkor	angkor_qc_519				LV7008879879	shotgun		sample	shotgun	raw_qc_collapsed	/home/scratch/yinmt_rice/data/angkor_qc_collapsed/Lib_LV7008879879_collapsed.fastq.gz		No	crosswalk_if_needed_then_asian_rice_panel_extraction	@{unit_id}|{original_read_name}
U62A88C98CA72	angkor	angkor_qc_519				LV7008879112	shotgun		sample	shotgun	raw_qc_collapsed	/home/scratch/yinmt_rice/data/angkor_qc_collapsed/Lib_LV7008879112_collapsed.fastq.gz		No	crosswalk_if_needed_then_asian_rice_panel_extraction	@{unit_id}|{original_read_name}
U62C4B7CB9486	angkor	angkor_new_capture_64	LV3006121050	LV3006121050	LV6000654725	LV7008879251	capture	RiceEProbe20Panel1	sample	angkor_new_capture_panel1	raw_PE	/home/scratch/yinmt_rice/data/angkor_another_capture_data/LV7008879251-LV6000654725-LV3006121050-RiceEProbe20Panel1captured_S1_L001_R1_001.fastq.gz	/home/scratch/yinmt_rice/data/angkor_another_capture_data/LV7008879251-LV6000654725-LV3006121050-RiceEProbe20Panel1captured_S1_L001_R2_001.fastq.gz	No	QC_then_asian_rice_panel_extraction	@{unit_id}|{original_read_name}
U62EC9D75D180	nanzuo	nanzuo_asian_extract	YWL1-A3490				shotgun		sample	nanzuo_shotgun	asian_candidate_fastq	/home/scratch/yinmt_rice/data/nanzuo_extract/shotgun/YWL1-A3490.bt2.primary_mapped.fastq.gz		Yes	tag_pool_competitive_mapping_besthit	@{unit_id}|{original_read_name}
U6308F41684C4	angkor	angkor_new_capture_64	LV3006120684	LV3006120684	LV6000619979	LV7008890377	capture	RiceEProbe20Panel1	sample	angkor_new_capture_panel1	raw_PE	/home/scratch/yinmt_rice/data/angkor_another_capture_data/LV7008890377-LV6000619979-LV3006120684-RiceEProbe20Panel1captured_S91_L006_R1_001.fastq.gz	/home/scratch/yinmt_rice/data/angkor_another_capture_data/LV7008890377-LV6000619979-LV3006120684-RiceEProbe20Panel1captured_S91_L006_R2_001.fastq.gz	No	QC_then_asian_rice_panel_extraction	@{unit_id}|{original_read_name}
U6339B43B9A88	angkor	angkor_qc_519				LV7008879027	shotgun		sample	shotgun	raw_qc_collapsed	/home/scratch/yinmt_rice/data/angkor_qc_collapsed/Lib_LV7008879027_collapsed.fastq.gz		No	crosswalk_if_needed_then_asian_rice_panel_extraction	@{unit_id}|{original_read_name}
U6396776068B9	angkor	old_shotgun_376	LV3006120724	LV3006120724	LV6000620186	LV7008890332	shotgun		sample	shotgun	IRGSP1_prefilter	/projects/caeg/data/production/LV7/008/890/LV7008890332/20250905_AHC7WJDSXF/v1.0.8/4ebe3d1488023a26ec5b50b4e6a71f6b		No	asian_rice_panel_extraction_or_explicit_legacy_route	@{unit_id}|{original_read_name}
U63E3C2E8F275	angkor	old_shotgun_376	LV3006007296	LV3006007296	LV7008416333	LV7008955463	shotgun		sample	shotgun	IRGSP1_prefilter	/projects/caeg/data/production/LV7/008/955/LV7008955463/20240704_BH5FCVDSX7/v1.0.8/4ebe3d1488023a26ec5b50b4e6a71f6b		No	asian_rice_panel_extraction_or_explicit_legacy_route	@{unit_id}|{original_read_name}
U640F8B4D289A	angkor	angkor_original_capture_16	LV3006120665	LV3006120665	LV6000620016	LV7008890373	capture	RicePanel2	sample	angkor_legacy_capture_panel2	asian_candidate_fastq	/home/scratch/yinmt202607/tests/param_matrix_bt2_vs_bwa/00.extraction/bt2_new/fastq/LV6000620016_RicePanel2.bt2new.fastq.gz		Yes	tag_pool_competitive_mapping_besthit	@{unit_id}|{original_read_name}
U646DCC82334C	angkor	angkor_qc_519				LV7008879037	shotgun		sample	shotgun	raw_qc_collapsed	/home/scratch/yinmt_rice/data/angkor_qc_collapsed/Lib_LV7008879037_collapsed.fastq.gz		No	crosswalk_if_needed_then_asian_rice_panel_extraction	@{unit_id}|{original_read_name}
U64CFA27465D8	angkor	old_shotgun_376	LV3006007218	LV3006007218	LV6000200426	LV7008957297	shotgun		sample	shotgun	IRGSP1_prefilter	/projects/caeg/data/production/LV7/008/957/LV7008957297/20240704_BH5FCVDSX7/v1.0.8/4ebe3d1488023a26ec5b50b4e6a71f6b		No	asian_rice_panel_extraction_or_explicit_legacy_route	@{unit_id}|{original_read_name}
U64D76481F6B3	angkor	angkor_qc_519				LV7008879167	shotgun		sample	shotgun	raw_qc_collapsed	/home/scratch/yinmt_rice/data/angkor_qc_collapsed/Lib_LV7008879167_collapsed.fastq.gz		No	crosswalk_if_needed_then_asian_rice_panel_extraction	@{unit_id}|{original_read_name}
U65633947F7BC	nanzuo	nanzuo_asian_extract	YWL1-A3490		LV7005227368	LV7008960237	popgen		sample	nanzuo_popgen	asian_candidate_fastq	/home/scratch/yinmt_rice/data/nanzuo_extract/popgen/YWL1-A3490.bt2.primary_mapped.fastq.gz		Yes	tag_pool_competitive_mapping_besthit	@{unit_id}|{original_read_name}
U65AA6C3077D8	angkor	old_shotgun_376	LV3006120701	LV3006120701	LV6000620199	LV7008890391	shotgun		sample	shotgun	IRGSP1_prefilter	/projects/caeg/data/production/LV7/008/890/LV7008890391/20250905_AHC7WJDSXF/v1.0.8/4ebe3d1488023a26ec5b50b4e6a71f6b		No	asian_rice_panel_extraction_or_explicit_legacy_route	@{unit_id}|{original_read_name}
U65F21BFE3651	mcp	mcp_reshotgun	proxy20260303228		LV6000655572	LV7008865152	shotgun		sample	shotgun	raw_bbduk	/home/scratch/yinmt202607/4.mcp_reshotgun/data/reads/LV7008865152-LV6000655572-proxy20260303228_S161.bbduk.lowcomp_filtered.fq		No	asian_rice_panel_extraction_then_tag_pool_besthit	@{unit_id}|{original_read_name}
U660ABE19F7DF	angkor	angkor_new_capture_64	LV3006121013	LV3006121013	LV6000619523	LV7008879480	capture	RiceEProbe20Panel2	sample	angkor_new_capture_panel2	raw_PE	/home/scratch/yinmt_rice/data/angkor_another_capture_data/LV7008879480-LV6000619523-LV3006121013-RiceEProbe20Panel2captured_S78_L005_R1_001.fastq.gz	/home/scratch/yinmt_rice/data/angkor_another_capture_data/LV7008879480-LV6000619523-LV3006121013-RiceEProbe20Panel2captured_S78_L005_R2_001.fastq.gz	No	QC_then_asian_rice_panel_extraction	@{unit_id}|{original_read_name}
U6616E3C69294	angkor	angkor_qc_519				LV7008879901	shotgun		sample	shotgun	raw_qc_collapsed	/home/scratch/yinmt_rice/data/angkor_qc_collapsed/Lib_LV7008879901_collapsed.fastq.gz		No	crosswalk_if_needed_then_asian_rice_panel_extraction	@{unit_id}|{original_read_name}
U663A154CC9D6	nanzuo	nanzuo_function_IRGSP	YWL1-A3490		LV7005227368	LV7008960237	function		sample	direct_IRGSP	IRGSP_BAM	/home/scratch/yinmt202607/6.nanzuo_function_yancheng/LV7008960237-LV7005227368-YWL1-A3490_S3.bam		No	skip_asian_besthit_use_direct_IRGSP_downstream	
U667C22241D2A	angkor	angkor_new_capture_64	LV3006007219	LV3006007219	LV7008416376	LV7008960323	capture	RiceEProbe20Panel1	sample	angkor_new_capture_panel1	raw_PE	/home/scratch/yinmt_rice/data/angkor_another_capture_data/LV7008960323-LV7008416376-LV3006007219-RiceEProbe20Panel1captured_S17_L002_R1_001.fastq.gz	/home/scratch/yinmt_rice/data/angkor_another_capture_data/LV7008960323-LV7008416376-LV3006007219-RiceEProbe20Panel1captured_S17_L002_R2_001.fastq.gz	No	QC_then_asian_rice_panel_extraction	@{unit_id}|{original_read_name}
U66A70E6B38EA	angkor	angkor_qc_519				LV7008879998	shotgun		sample	shotgun	raw_qc_collapsed	/home/scratch/yinmt_rice/data/angkor_qc_collapsed/Lib_LV7008879998_collapsed.fastq.gz		No	crosswalk_if_needed_then_asian_rice_panel_extraction	@{unit_id}|{original_read_name}
U66D4B6080167	angkor	old_shotgun_376	LV3005273278	LV3005273278	LV7005010663	LV7009026486	shotgun		sample	shotgun	IRGSP1_prefilter	/projects/caeg/data/production/LV7/009/026/LV7009026486/20230927_AHNLW5DSX5/v1.0.8/4ebe3d1488023a26ec5b50b4e6a71f6b		No	asian_rice_panel_extraction_or_explicit_legacy_route	@{unit_id}|{original_read_name}
U66FC9807D741	angkor	angkor_new_capture_64	LV3006121062	LV3006121062	LV6000654726	LV7008879226	capture	RiceEProbe20Panel2	sample	angkor_new_capture_panel2	raw_PE	/home/scratch/yinmt_rice/data/angkor_another_capture_data/LV7008879226-LV6000654726-LV3006121062-RiceEProbe20Panel2captured_S67_L005_R1_001.fastq.gz	/home/scratch/yinmt_rice/data/angkor_another_capture_data/LV7008879226-LV6000654726-LV3006121062-RiceEProbe20Panel2captured_S67_L005_R2_001.fastq.gz	No	QC_then_asian_rice_panel_extraction	@{unit_id}|{original_read_name}
U67FC16D2F037	angkor	old_shotgun_376	LV3006105282	LV3006105282	LV6000620157	LV7008890438	shotgun		sample	shotgun	IRGSP1_prefilter	/projects/caeg/data/production/LV7/008/890/LV7008890438/20250905_AHC7WJDSXF/v1.0.8/4ebe3d1488023a26ec5b50b4e6a71f6b		No	asian_rice_panel_extraction_or_explicit_legacy_route	@{unit_id}|{original_read_name}
U6840B31A89C3	angkor	old_shotgun_376	LV3006121087	LV3006121087	LV6000654690	LV7008879278	shotgun		sample	shotgun	IRGSP1_prefilter	/projects/caeg/data/production/LV7/008/879/LV7008879278/20250903_BHC5NVDSXF/v1.0.8/4ebe3d1488023a26ec5b50b4e6a71f6b		No	asian_rice_panel_extraction_or_explicit_legacy_route	@{unit_id}|{original_read_name}
U68E5D5045E12	angkor	angkor_qc_519	LV3006121057	LV3006121057	LV6000654718	LV7008879214	shotgun		sample	shotgun	raw_qc_collapsed	/home/scratch/yinmt_rice/data/angkor_qc_collapsed/Lib_LV7008879214_collapsed.fastq.gz		No	crosswalk_if_needed_then_asian_rice_panel_extraction	@{unit_id}|{original_read_name}
U6958DF8983B1	angkor	old_shotgun_376	LV3006120680	LV3006120680	LV6000620032	LV7008890353	shotgun		sample	shotgun	IRGSP1_prefilter	/projects/caeg/data/production/LV7/008/890/LV7008890353/20250827_BHCMGWDSXF/v1.0.8/4ebe3d1488023a26ec5b50b4e6a71f6b		No	asian_rice_panel_extraction_or_explicit_legacy_route	@{unit_id}|{original_read_name}
U6A540EB5186B	angkor	angkor_original_capture_16	LV3006120680	LV3006120680	LV6000620032	LV7008890353	capture	RicePanel2	sample	angkor_legacy_capture_panel2	asian_candidate_fastq	/home/scratch/yinmt202607/tests/param_matrix_bt2_vs_bwa/00.extraction/bt2_new/fastq/LV6000620032_RicePanel2.bt2new.fastq.gz		Yes	tag_pool_competitive_mapping_besthit	@{unit_id}|{original_read_name}
U6A65B86CE8A0	angkor	angkor_new_capture_64	LV3006007228	LV3006007228	LV7008416392	LV7009026576	capture	RiceEProbe20Panel2	sample	angkor_new_capture_panel2	raw_PE	/home/scratch/yinmt_rice/data/angkor_another_capture_data/LV7009026576-LV7008416392-LV3006007228-RiceEProbe20Panel2captured_S100_L007_R1_001.fastq.gz	/home/scratch/yinmt_rice/data/angkor_another_capture_data/LV7009026576-LV7008416392-LV3006007228-RiceEProbe20Panel2captured_S100_L007_R2_001.fastq.gz	No	QC_then_asian_rice_panel_extraction	@{unit_id}|{original_read_name}
U6A77D87D7543	angkor	old_shotgun_376	LV3005273242	LV3005273242	LV7005225812	LV7001884491	shotgun		sample	shotgun	IRGSP1_prefilter	/projects/caeg/data/production/LV7/001/884/LV7001884491/20230414_BHMGMJDSX5/v1.0.8/4ebe3d1488023a26ec5b50b4e6a71f6b		No	asian_rice_panel_extraction_or_explicit_legacy_route	@{unit_id}|{original_read_name}
U6A8749487EF8	angkor	angkor_qc_519				LV7008879842	shotgun		sample	shotgun	raw_qc_collapsed	/home/scratch/yinmt_rice/data/angkor_qc_collapsed/Lib_LV7008879842_collapsed.fastq.gz		No	crosswalk_if_needed_then_asian_rice_panel_extraction	@{unit_id}|{original_read_name}
U6AB7ADF7BD10	angkor	angkor_qc_519				LV7008879848	shotgun		sample	shotgun	raw_qc_collapsed	/home/scratch/yinmt_rice/data/angkor_qc_collapsed/Lib_LV7008879848_collapsed.fastq.gz		No	crosswalk_if_needed_then_asian_rice_panel_extraction	@{unit_id}|{original_read_name}
U6B827AD7515A	angkor	old_shotgun_376	LV3006007213	LV3006007213	LV7008416403	LV7008957587	shotgun		sample	shotgun	IRGSP1_prefilter	/projects/caeg/data/production/LV7/008/957/LV7008957587/20240702_BH5F5KDSX7/v1.0.8/4ebe3d1488023a26ec5b50b4e6a71f6b		No	asian_rice_panel_extraction_or_explicit_legacy_route	@{unit_id}|{original_read_name}
U6B8AFDB343A4	angkor	old_shotgun_376	LV3006121047	LV3006121047	LV6000654692	LV7008879228	shotgun		sample	shotgun	IRGSP1_prefilter	/projects/caeg/data/production/LV7/008/879/LV7008879228/20250903_BHC5NVDSXF/v1.0.8/4ebe3d1488023a26ec5b50b4e6a71f6b		No	asian_rice_panel_extraction_or_explicit_legacy_route	@{unit_id}|{original_read_name}
U6BFBA029AC98	angkor	angkor_qc_519				LV7008879863	shotgun		sample	shotgun	raw_qc_collapsed	/home/scratch/yinmt_rice/data/angkor_qc_collapsed/Lib_LV7008879863_collapsed.fastq.gz		No	crosswalk_if_needed_then_asian_rice_panel_extraction	@{unit_id}|{original_read_name}
U6C6BE83948DC	angkor	angkor_qc_519				LV7008879153	shotgun		sample	shotgun	raw_qc_collapsed	/home/scratch/yinmt_rice/data/angkor_qc_collapsed/Lib_LV7008879153_collapsed.fastq.gz		No	crosswalk_if_needed_then_asian_rice_panel_extraction	@{unit_id}|{original_read_name}
U6C99CB2DA288	angkor	angkor_qc_519				LV7008879885	shotgun		sample	shotgun	raw_qc_collapsed	/home/scratch/yinmt_rice/data/angkor_qc_collapsed/Lib_LV7008879885_collapsed.fastq.gz		No	crosswalk_if_needed_then_asian_rice_panel_extraction	@{unit_id}|{original_read_name}
U6CAC7735E267	angkor	old_shotgun_376	LV3006120646	LV3006120646	LV6000619894	LV7008879281	shotgun		sample	shotgun	IRGSP1_prefilter	/projects/caeg/data/production/LV7/008/879/LV7008879281/20250825_BHC7THDSXF/v1.0.8/4ebe3d1488023a26ec5b50b4e6a71f6b		No	asian_rice_panel_extraction_or_explicit_legacy_route	@{unit_id}|{original_read_name}
U6CE5D7991B9E	angkor	angkor_qc_519	LV3006121017	LV3006121017	LV6000619038	LV7008879552	shotgun		sample	shotgun	raw_qc_collapsed	/home/scratch/yinmt_rice/data/angkor_qc_collapsed/Lib_LV7008879552_collapsed.fastq.gz		No	crosswalk_if_needed_then_asian_rice_panel_extraction	@{unit_id}|{original_read_name}
U6D1103ECC9CD	angkor	angkor_qc_519				LV7008879119	shotgun		sample	shotgun	raw_qc_collapsed	/home/scratch/yinmt_rice/data/angkor_qc_collapsed/Lib_LV7008879119_collapsed.fastq.gz		No	crosswalk_if_needed_then_asian_rice_panel_extraction	@{unit_id}|{original_read_name}
U6D608DC805B4	angkor	angkor_qc_519	LV3006120785	LV3006120785	LV6000200269	LV7008879509	shotgun		sample	shotgun	raw_qc_collapsed	/home/scratch/yinmt_rice/data/angkor_qc_collapsed/Lib_LV7008879509_collapsed.fastq.gz		No	crosswalk_if_needed_then_asian_rice_panel_extraction	@{unit_id}|{original_read_name}
U6D7ADEF45690	angkor	old_shotgun_376	LV3006120682	LV3006120682	LV6000619980	LV7008890364	shotgun		sample	shotgun	IRGSP1_prefilter	/projects/caeg/data/production/LV7/008/890/LV7008890364/20250827_BHCMGWDSXF/v1.0.8/4ebe3d1488023a26ec5b50b4e6a71f6b		No	asian_rice_panel_extraction_or_explicit_legacy_route	@{unit_id}|{original_read_name}
U6D87CA5555A6	angkor	old_shotgun_376	LV3006120702	LV3006120702	LV6000620167	LV7008890392	shotgun		sample	shotgun	IRGSP1_prefilter	/projects/caeg/data/production/LV7/008/890/LV7008890392/20250905_AHC7WJDSXF/v1.0.8/4ebe3d1488023a26ec5b50b4e6a71f6b		No	asian_rice_panel_extraction_or_explicit_legacy_route	@{unit_id}|{original_read_name}
U6DABBD7FB5C5	angkor	angkor_original_capture_16	LV3006121032	LV3006121032	LV6000619499	LV7008879541	capture	RicePanel1	sample	angkor_legacy_capture_panel1	asian_candidate_fastq	/home/scratch/yinmt202607/tests/param_matrix_bt2_vs_bwa/00.extraction/bt2_new/fastq/LV6000619499_RicePanel1.bt2new.fastq.gz		Yes	tag_pool_competitive_mapping_besthit	@{unit_id}|{original_read_name}
U6DD9C29B52CF	angkor	angkor_qc_519				LV7008879041	shotgun		sample	shotgun	raw_qc_collapsed	/home/scratch/yinmt_rice/data/angkor_qc_collapsed/Lib_LV7008879041_collapsed.fastq.gz		No	crosswalk_if_needed_then_asian_rice_panel_extraction	@{unit_id}|{original_read_name}
U6DFFDE62A68F	angkor	old_shotgun_376	LV3006121069	LV3006121069	LV6000619912	LV7008879255	shotgun		sample	shotgun	IRGSP1_prefilter	/projects/caeg/data/production/LV7/008/879/LV7008879255/20250825_BHC7THDSXF/v1.0.8/4ebe3d1488023a26ec5b50b4e6a71f6b		No	asian_rice_panel_extraction_or_explicit_legacy_route	@{unit_id}|{original_read_name}
U6E0012882939	angkor	old_shotgun_376	LV3006120692	LV3006120692	LV6000620027	LV7008890413	shotgun		sample	shotgun	IRGSP1_prefilter	/projects/caeg/data/production/LV7/008/890/LV7008890413/20250827_BHCMGWDSXF/v1.0.8/4ebe3d1488023a26ec5b50b4e6a71f6b		No	asian_rice_panel_extraction_or_explicit_legacy_route	@{unit_id}|{original_read_name}
U6E384D8E5663	angkor	old_shotgun_376	LV3006006399	LV3006006399	LV7005365854	LV7008957262	shotgun		sample	shotgun	IRGSP1_prefilter	/projects/caeg/data/production/LV7/008/957/LV7008957262/20240704_BH5FCVDSX7/v1.0.8/4ebe3d1488023a26ec5b50b4e6a71f6b		No	asian_rice_panel_extraction_or_explicit_legacy_route	@{unit_id}|{original_read_name}
U6E492FA9BAC6	mcp	mcp_reshotgun	proxy20260303217		LV6000655581	LV7008865139	shotgun		sample	shotgun	raw_bbduk	/home/scratch/yinmt202607/4.mcp_reshotgun/data/reads/LV7008865139-LV6000655581-proxy20260303217_S150.bbduk.lowcomp_filtered.fq		No	asian_rice_panel_extraction_then_tag_pool_besthit	@{unit_id}|{original_read_name}
U6EBD91BDBF85	angkor	angkor_original_capture_16	LV3006120633	LV3006120633	LV6000619917	LV7008879245	capture	RicePanel1	sample	angkor_legacy_capture_panel1	asian_candidate_fastq	/home/scratch/yinmt202607/tests/param_matrix_bt2_vs_bwa/00.extraction/bt2_new/fastq/LV6000619917_RicePanel1.bt2new.fastq.gz		Yes	tag_pool_competitive_mapping_besthit	@{unit_id}|{original_read_name}
U6EC2F5CCB8B7	angkor	angkor_qc_519				LV7008879105	shotgun		sample	shotgun	raw_qc_collapsed	/home/scratch/yinmt_rice/data/angkor_qc_collapsed/Lib_LV7008879105_collapsed.fastq.gz		No	crosswalk_if_needed_then_asian_rice_panel_extraction	@{unit_id}|{original_read_name}
U6EF3A2A7E897	angkor	angkor_new_capture_64	LV3006007217	LV3006007217	LV7008416385	LV7008960430	capture	RiceEProbe20Panel1	sample	angkor_new_capture_panel1	raw_PE	/home/scratch/yinmt_rice/data/angkor_another_capture_data/LV7008960430-LV7008416385-LV3006007217-RiceEProbe20Panel1captured_S25_L002_R1_001.fastq.gz	/home/scratch/yinmt_rice/data/angkor_another_capture_data/LV7008960430-LV7008416385-LV3006007217-RiceEProbe20Panel1captured_S25_L002_R2_001.fastq.gz	No	QC_then_asian_rice_panel_extraction	@{unit_id}|{original_read_name}
U6F0C070EE830	angkor	angkor_qc_519				LV7008879172	shotgun		sample	shotgun	raw_qc_collapsed	/home/scratch/yinmt_rice/data/angkor_qc_collapsed/Lib_LV7008879172_collapsed.fastq.gz		No	crosswalk_if_needed_then_asian_rice_panel_extraction	@{unit_id}|{original_read_name}
U6F5284A05088	angkor	old_shotgun_376	LV3006120712	LV3006120712	LV6000620203	LV7008890369	shotgun		sample	shotgun	IRGSP1_prefilter	/projects/caeg/data/production/LV7/008/890/LV7008890369/20250905_AHC7WJDSXF/v1.0.8/4ebe3d1488023a26ec5b50b4e6a71f6b		No	asian_rice_panel_extraction_or_explicit_legacy_route	@{unit_id}|{original_read_name}
U6F8758BD661D	angkor	angkor_qc_519	LV3006120627	LV3006120627	LV6000619901	LV7008879221	shotgun		sample	shotgun	raw_qc_collapsed	/home/scratch/yinmt_rice/data/angkor_qc_collapsed/Lib_LV7008879221_collapsed.fastq.gz		No	crosswalk_if_needed_then_asian_rice_panel_extraction	@{unit_id}|{original_read_name}
U6F9893252A94	angkor	angkor_qc_519				LV7008879004	shotgun		sample	shotgun	raw_qc_collapsed	/home/scratch/yinmt_rice/data/angkor_qc_collapsed/Lib_LV7008879004_collapsed.fastq.gz		No	crosswalk_if_needed_then_asian_rice_panel_extraction	@{unit_id}|{original_read_name}
U6F9A4741CBAB	mcp	mcp_reshotgun	proxy20260303239		LV6000655580	LV7008865164	shotgun		sample	shotgun	raw_bbduk	/home/scratch/yinmt202607/4.mcp_reshotgun/data/reads/LV7008865164-LV6000655580-proxy20260303239_S173.bbduk.lowcomp_filtered.fq		No	asian_rice_panel_extraction_then_tag_pool_besthit	@{unit_id}|{original_read_name}
U6F9EBC1B0DBA	angkor	old_shotgun_376	LV3006121059	LV3006121059	LV6000654687	LV7008879238	shotgun		sample	shotgun	IRGSP1_prefilter	/projects/caeg/data/production/LV7/008/879/LV7008879238/20250903_BHC5NVDSXF/v1.0.8/4ebe3d1488023a26ec5b50b4e6a71f6b		No	asian_rice_panel_extraction_or_explicit_legacy_route	@{unit_id}|{original_read_name}
U7062F14183D1	angkor	old_shotgun_376	LV3006120657	LV3006120657	LV6000619990	LV7008890326	shotgun		sample	shotgun	IRGSP1_prefilter	/projects/caeg/data/production/LV7/008/890/LV7008890326/20250827_BHCMGWDSXF/v1.0.8/4ebe3d1488023a26ec5b50b4e6a71f6b		No	asian_rice_panel_extraction_or_explicit_legacy_route	@{unit_id}|{original_read_name}
U706593F84471	angkor	old_shotgun_376	LV3006105273	LV3006105273	LV6000620187	LV7008890394	shotgun		sample	shotgun	IRGSP1_prefilter	/projects/caeg/data/production/LV7/008/890/LV7008890394/20250905_AHC7WJDSXF/v1.0.8/4ebe3d1488023a26ec5b50b4e6a71f6b		No	asian_rice_panel_extraction_or_explicit_legacy_route	@{unit_id}|{original_read_name}
U70CA679B3C89	angkor	old_shotgun_376	LV3006007204	LV3006007204	LV7008416370	LV7009024883	shotgun		sample	shotgun	IRGSP1_prefilter	/projects/caeg/data/production/LV7/009/024/LV7009024883/20240702_BH5F5KDSX7/v1.0.8/4ebe3d1488023a26ec5b50b4e6a71f6b		No	asian_rice_panel_extraction_or_explicit_legacy_route	@{unit_id}|{original_read_name}
U7109ED18BBE2	angkor	angkor_qc_519				LV7008879560	shotgun		sample	shotgun	raw_qc_collapsed	/home/scratch/yinmt_rice/data/angkor_qc_collapsed/Lib_LV7008879560_collapsed.fastq.gz		No	crosswalk_if_needed_then_asian_rice_panel_extraction	@{unit_id}|{original_read_name}
U71F50AC32184	angkor	angkor_qc_519				LV7008879036	shotgun		sample	shotgun	raw_qc_collapsed	/home/scratch/yinmt_rice/data/angkor_qc_collapsed/Lib_LV7008879036_collapsed.fastq.gz		No	crosswalk_if_needed_then_asian_rice_panel_extraction	@{unit_id}|{original_read_name}
U7219E9F6AEC0	angkor	angkor_qc_519				LV7008879001	shotgun		sample	shotgun	raw_qc_collapsed	/home/scratch/yinmt_rice/data/angkor_qc_collapsed/Lib_LV7008879001_collapsed.fastq.gz		No	crosswalk_if_needed_then_asian_rice_panel_extraction	@{unit_id}|{original_read_name}
U72359AB29E37	angkor	old_shotgun_376	LV3006121062	LV3006121062	LV6000654726	LV7008879226	shotgun		sample	shotgun	IRGSP1_prefilter	/projects/caeg/data/production/LV7/008/879/LV7008879226/20250903_BHC5NVDSXF/v1.0.8/4ebe3d1488023a26ec5b50b4e6a71f6b		No	asian_rice_panel_extraction_or_explicit_legacy_route	@{unit_id}|{original_read_name}
U724BF95410F6	angkor	angkor_qc_519				LV7008879061	shotgun		sample	shotgun	raw_qc_collapsed	/home/scratch/yinmt_rice/data/angkor_qc_collapsed/Lib_LV7008879061_collapsed.fastq.gz		No	crosswalk_if_needed_then_asian_rice_panel_extraction	@{unit_id}|{original_read_name}
U725CCA111607	angkor	angkor_qc_519				LV7008879941	shotgun		sample	shotgun	raw_qc_collapsed	/home/scratch/yinmt_rice/data/angkor_qc_collapsed/Lib_LV7008879941_collapsed.fastq.gz		No	crosswalk_if_needed_then_asian_rice_panel_extraction	@{unit_id}|{original_read_name}
U727CA4E04962	angkor	angkor_qc_519				LV7008879860	shotgun		sample	shotgun	raw_qc_collapsed	/home/scratch/yinmt_rice/data/angkor_qc_collapsed/Lib_LV7008879860_collapsed.fastq.gz		No	crosswalk_if_needed_then_asian_rice_panel_extraction	@{unit_id}|{original_read_name}
U7286D6429AD1	angkor	angkor_qc_519	LV3006121036	LV3006121036	LV6000654727	LV7008879201	shotgun		sample	shotgun	raw_qc_collapsed	/home/scratch/yinmt_rice/data/angkor_qc_collapsed/Lib_LV7008879201_collapsed.fastq.gz		No	crosswalk_if_needed_then_asian_rice_panel_extraction	@{unit_id}|{original_read_name}
U72973419F31A	angkor	angkor_original_capture_16	LV3006007308	LV3006007308	LV7008416349	LV7009022707	capture	RicePanel2	sample	angkor_legacy_capture_panel2	asian_candidate_fastq	/home/scratch/yinmt202607/tests/param_matrix_bt2_vs_bwa/00.extraction/bt2_new/fastq/LV7008416349_RicePanel2.bt2new.fastq.gz		Yes	tag_pool_competitive_mapping_besthit	@{unit_id}|{original_read_name}
U72BC33FEA72E	angkor	old_shotgun_376	LV3006007294	LV3006007294	LV7008416346	LV7008957395	shotgun		sample	shotgun	IRGSP1_prefilter	/projects/caeg/data/production/LV7/008/957/LV7008957395/20240704_BH5FCVDSX7/v1.0.8/4ebe3d1488023a26ec5b50b4e6a71f6b		No	asian_rice_panel_extraction_or_explicit_legacy_route	@{unit_id}|{original_read_name}
U72C81EAF3CE4	angkor	old_shotgun_376	LV3006007303	LV3006007303	LV7008416317	LV7009023755	shotgun		sample	shotgun	IRGSP1_prefilter	/projects/caeg/data/production/LV7/009/023/LV7009023755/20240704_BH5FCVDSX7/v1.0.8/4ebe3d1488023a26ec5b50b4e6a71f6b		No	asian_rice_panel_extraction_or_explicit_legacy_route	@{unit_id}|{original_read_name}
U740A7F3671D8	angkor	old_shotgun_376	LV3006121063	LV3006121063	LV6000654709	LV7008879227	shotgun		sample	shotgun	IRGSP1_prefilter	/projects/caeg/data/production/LV7/008/879/LV7008879227/20250903_BHC5NVDSXF/v1.0.8/4ebe3d1488023a26ec5b50b4e6a71f6b		No	asian_rice_panel_extraction_or_explicit_legacy_route	@{unit_id}|{original_read_name}
U742CC55DBD71	angkor	angkor_qc_519				LV7008879093	shotgun		sample	shotgun	raw_qc_collapsed	/home/scratch/yinmt_rice/data/angkor_qc_collapsed/Lib_LV7008879093_collapsed.fastq.gz		No	crosswalk_if_needed_then_asian_rice_panel_extraction	@{unit_id}|{original_read_name}
U7435A12AF620	angkor	angkor_new_capture_64	LV3006121021	LV3006121021	LV6000619506	LV7008879481	capture	RiceEProbe20Panel2	sample	angkor_new_capture_panel2	raw_PE	/home/scratch/yinmt_rice/data/angkor_another_capture_data/LV7008879481-LV6000619506-LV3006121021-RiceEProbe20Panel2captured_S75_L005_R1_001.fastq.gz	/home/scratch/yinmt_rice/data/angkor_another_capture_data/LV7008879481-LV6000619506-LV3006121021-RiceEProbe20Panel2captured_S75_L005_R2_001.fastq.gz	No	QC_then_asian_rice_panel_extraction	@{unit_id}|{original_read_name}
U74432E170C18	angkor	old_shotgun_376	LV3006120687	LV3006120687	LV6000620039	LV7008890390	shotgun		sample	shotgun	IRGSP1_prefilter	/projects/caeg/data/production/LV7/008/890/LV7008890390/20250827_BHCMGWDSXF/v1.0.8/4ebe3d1488023a26ec5b50b4e6a71f6b		No	asian_rice_panel_extraction_or_explicit_legacy_route	@{unit_id}|{original_read_name}
U74F6B920E0B6	angkor	old_shotgun_376	LV3006007215	LV3006007215	LV7008416371	LV7009027812	shotgun		sample	shotgun	IRGSP1_prefilter	/projects/caeg/data/production/LV7/009/027/LV7009027812/20240702_BH5F5KDSX7/v1.0.8/4ebe3d1488023a26ec5b50b4e6a71f6b		No	asian_rice_panel_extraction_or_explicit_legacy_route	@{unit_id}|{original_read_name}
U751ED4E8720E	nanzuo	nanzuo_function_IRGSP	YWL1-A3496		LV7005227374	LV7008960311	function		sample	direct_IRGSP	IRGSP_BAM	/home/scratch/yinmt202607/6.nanzuo_function_yancheng/LV7008960311-LV7005227374-YWL1-A3496_S7.bam		No	skip_asian_besthit_use_direct_IRGSP_downstream	
U7524AD040C1B	angkor	old_shotgun_376	LV3006120628	LV3006120628	LV6000619893	LV7008879209	shotgun		sample	shotgun	IRGSP1_prefilter	/projects/caeg/data/production/LV7/008/879/LV7008879209/20250825_BHC7THDSXF/v1.0.8/4ebe3d1488023a26ec5b50b4e6a71f6b		No	asian_rice_panel_extraction_or_explicit_legacy_route	@{unit_id}|{original_read_name}
U754BA99E91A4	angkor	angkor_new_capture_64	LV3006007214	LV3006007214	LV7008416395	LV7008957239	capture	RiceEProbe20Panel1	sample	angkor_new_capture_panel1	raw_PE	/home/scratch/yinmt_rice/data/angkor_another_capture_data/LV7008957239-LV7008416395-LV3006007214-RiceEProbe20Panel1captured_S23_L002_R1_001.fastq.gz	/home/scratch/yinmt_rice/data/angkor_another_capture_data/LV7008957239-LV7008416395-LV3006007214-RiceEProbe20Panel1captured_S23_L002_R2_001.fastq.gz	No	QC_then_asian_rice_panel_extraction	@{unit_id}|{original_read_name}
U756C50837373	angkor	angkor_qc_519				LV7008879044	shotgun		sample	shotgun	raw_qc_collapsed	/home/scratch/yinmt_rice/data/angkor_qc_collapsed/Lib_LV7008879044_collapsed.fastq.gz		No	crosswalk_if_needed_then_asian_rice_panel_extraction	@{unit_id}|{original_read_name}
U75E51537B6E6	angkor	angkor_qc_519				LV7008879094	shotgun		sample	shotgun	raw_qc_collapsed	/home/scratch/yinmt_rice/data/angkor_qc_collapsed/Lib_LV7008879094_collapsed.fastq.gz		No	crosswalk_if_needed_then_asian_rice_panel_extraction	@{unit_id}|{original_read_name}
U765A6D8B7C5E	angkor	angkor_new_capture_64	LV3006120718	LV3006120718	LV6000620194	LV7008890357	capture	RiceEProbe20Panel1	sample	angkor_new_capture_panel1	raw_PE	/home/scratch/yinmt_rice/data/angkor_another_capture_data/LV7008890357-LV6000620194-LV3006120718-RiceEProbe20Panel1captured_S84_L006_R1_001.fastq.gz	/home/scratch/yinmt_rice/data/angkor_another_capture_data/LV7008890357-LV6000620194-LV3006120718-RiceEProbe20Panel1captured_S84_L006_R2_001.fastq.gz	No	QC_then_asian_rice_panel_extraction	@{unit_id}|{original_read_name}
U76F5D205A8B7	angkor	old_shotgun_376	LV3006120686	LV3006120686	LV6000620040	LV7008890365	shotgun		sample	shotgun	IRGSP1_prefilter	/projects/caeg/data/production/LV7/008/890/LV7008890365/20250827_BHCMGWDSXF/v1.0.8/4ebe3d1488023a26ec5b50b4e6a71f6b		No	asian_rice_panel_extraction_or_explicit_legacy_route	@{unit_id}|{original_read_name}
U772A59AACE03	angkor	old_shotgun_376	LV3006007220	LV3006007220	LV7008416384	LV7009022746	shotgun		sample	shotgun	IRGSP1_prefilter	/projects/caeg/data/production/LV7/009/022/LV7009022746/20240702_BH5F5KDSX7/v1.0.8/4ebe3d1488023a26ec5b50b4e6a71f6b		No	asian_rice_panel_extraction_or_explicit_legacy_route	@{unit_id}|{original_read_name}
U7756CCA04BC2	angkor	angkor_qc_519				LV7008879144	shotgun		sample	shotgun	raw_qc_collapsed	/home/scratch/yinmt_rice/data/angkor_qc_collapsed/Lib_LV7008879144_collapsed.fastq.gz		No	crosswalk_if_needed_then_asian_rice_panel_extraction	@{unit_id}|{original_read_name}
U777353331751	angkor	old_shotgun_376	LV3006007219	LV3006007219	LV7008416376	LV7008960323	shotgun		sample	shotgun	IRGSP1_prefilter	/projects/caeg/data/production/LV7/008/960/LV7008960323/20240702_BH5F5KDSX7/v1.0.8/4ebe3d1488023a26ec5b50b4e6a71f6b		No	asian_rice_panel_extraction_or_explicit_legacy_route	@{unit_id}|{original_read_name}
U778728A32114	angkor	angkor_new_capture_64	LV3006007185	LV3006007185	LV7008416320	LV7008955282	capture	RiceEProbe20Panel2	sample	angkor_new_capture_panel2	raw_PE	/home/scratch/yinmt_rice/data/angkor_another_capture_data/LV7008955282-LV7008416320-LV3006007185-RiceEProbe20Panel2captured_S108_L007_R1_001.fastq.gz	/home/scratch/yinmt_rice/data/angkor_another_capture_data/LV7008955282-LV7008416320-LV3006007185-RiceEProbe20Panel2captured_S108_L007_R2_001.fastq.gz	No	QC_then_asian_rice_panel_extraction	@{unit_id}|{original_read_name}
U778AE141A960	angkor	angkor_qc_519				LV7008879776	shotgun		sample	shotgun	raw_qc_collapsed	/home/scratch/yinmt_rice/data/angkor_qc_collapsed/Lib_LV7008879776_collapsed.fastq.gz		No	crosswalk_if_needed_then_asian_rice_panel_extraction	@{unit_id}|{original_read_name}
U77E90306DECD	angkor	angkor_new_capture_64	LV3006121084	LV3006121084	LV6000619896	LV7008879231	capture	RiceEProbe20Panel2	sample	angkor_new_capture_panel2	raw_PE	/home/scratch/yinmt_rice/data/angkor_another_capture_data/LV7008879231-LV6000619896-LV3006121084-RiceEProbe20Panel2captured_S58_L004_R1_001.fastq.gz	/home/scratch/yinmt_rice/data/angkor_another_capture_data/LV7008879231-LV6000619896-LV3006121084-RiceEProbe20Panel2captured_S58_L004_R2_001.fastq.gz	No	QC_then_asian_rice_panel_extraction	@{unit_id}|{original_read_name}
U77EC0217DFEB	angkor	angkor_qc_519				LV7008879051	shotgun		sample	shotgun	raw_qc_collapsed	/home/scratch/yinmt_rice/data/angkor_qc_collapsed/Lib_LV7008879051_collapsed.fastq.gz		No	crosswalk_if_needed_then_asian_rice_panel_extraction	@{unit_id}|{original_read_name}
U782E68FC79E4	angkor	angkor_qc_519				LV7008879007	shotgun		sample	shotgun	raw_qc_collapsed	/home/scratch/yinmt_rice/data/angkor_qc_collapsed/Lib_LV7008879007_collapsed.fastq.gz		No	crosswalk_if_needed_then_asian_rice_panel_extraction	@{unit_id}|{original_read_name}
U784C2E6DB302	angkor	old_shotgun_376	LV3006007242	LV3006007242	LV7008416398	LV7008957394	shotgun		sample	shotgun	IRGSP1_prefilter	/projects/caeg/data/production/LV7/008/957/LV7008957394/20240702_BH5F5KDSX7/v1.0.8/4ebe3d1488023a26ec5b50b4e6a71f6b		No	asian_rice_panel_extraction_or_explicit_legacy_route	@{unit_id}|{original_read_name}
U7857371E9403	angkor	angkor_qc_519				LV7008879916	shotgun		sample	shotgun	raw_qc_collapsed	/home/scratch/yinmt_rice/data/angkor_qc_collapsed/Lib_LV7008879916_collapsed.fastq.gz		No	crosswalk_if_needed_then_asian_rice_panel_extraction	@{unit_id}|{original_read_name}
U789B318E3908	angkor	old_shotgun_376	LV3006007174	LV3006007174	LV7008416351	LV7009026097	shotgun		sample	shotgun	IRGSP1_prefilter	/projects/caeg/data/production/LV7/009/026/LV7009026097/20240704_BH5FCVDSX7/v1.0.8/4ebe3d1488023a26ec5b50b4e6a71f6b		No	asian_rice_panel_extraction_or_explicit_legacy_route	@{unit_id}|{original_read_name}
U78CDD20D8599	mcp	mcp_reshotgun	proxy20260303249		LV6000655588	LV7008865176	shotgun		sample	shotgun	raw_bbduk	/home/scratch/yinmt202607/4.mcp_reshotgun/data/reads/LV7008865176-LV6000655588-proxy20260303249_S185.bbduk.lowcomp_filtered.fq		No	asian_rice_panel_extraction_then_tag_pool_besthit	@{unit_id}|{original_read_name}
U78D1CAD13901	angkor	angkor_qc_519				LV7008879793	shotgun		sample	shotgun	raw_qc_collapsed	/home/scratch/yinmt_rice/data/angkor_qc_collapsed/Lib_LV7008879793_collapsed.fastq.gz		No	crosswalk_if_needed_then_asian_rice_panel_extraction	@{unit_id}|{original_read_name}
U78D1D4FAFA1C	angkor	old_shotgun_376	LV3006007201	LV3006007201	LV7008416396	LV7009024091	shotgun		sample	shotgun	IRGSP1_prefilter	/projects/caeg/data/production/LV7/009/024/LV7009024091/20240702_BH5F5KDSX7/v1.0.8/4ebe3d1488023a26ec5b50b4e6a71f6b		No	asian_rice_panel_extraction_or_explicit_legacy_route	@{unit_id}|{original_read_name}
U78E6DB6F3582	angkor	old_shotgun_376	LV3006007202	LV3006007202	LV7008416364	LV7008954795	shotgun		sample	shotgun	IRGSP1_prefilter	/projects/caeg/data/production/LV7/008/954/LV7008954795/20240702_BH5F5KDSX7/v1.0.8/4ebe3d1488023a26ec5b50b4e6a71f6b		No	asian_rice_panel_extraction_or_explicit_legacy_route	@{unit_id}|{original_read_name}
U793448B40F93	angkor	angkor_qc_519				LV7008879076	shotgun		sample	shotgun	raw_qc_collapsed	/home/scratch/yinmt_rice/data/angkor_qc_collapsed/Lib_LV7008879076_collapsed.fastq.gz		No	crosswalk_if_needed_then_asian_rice_panel_extraction	@{unit_id}|{original_read_name}
U7937F85CFBFD	angkor	old_shotgun_376	LV3005273256	LV3005273256	LV7005010668	LV7009026485	shotgun		sample	shotgun	IRGSP1_prefilter	/projects/caeg/data/production/LV7/009/026/LV7009026485/20230927_AHNLW5DSX5/v1.0.8/4ebe3d1488023a26ec5b50b4e6a71f6b		No	asian_rice_panel_extraction_or_explicit_legacy_route	@{unit_id}|{original_read_name}
U79628C843577	angkor	angkor_qc_519				LV7008879063	shotgun		sample	shotgun	raw_qc_collapsed	/home/scratch/yinmt_rice/data/angkor_qc_collapsed/Lib_LV7008879063_collapsed.fastq.gz		No	crosswalk_if_needed_then_asian_rice_panel_extraction	@{unit_id}|{original_read_name}
U7973127A0DA9	angkor	old_shotgun_376	LV3006121052	LV3006121052	LV6000654710	LV7008879202	shotgun		sample	shotgun	IRGSP1_prefilter	/projects/caeg/data/production/LV7/008/879/LV7008879202/20250903_BHC5NVDSXF/v1.0.8/4ebe3d1488023a26ec5b50b4e6a71f6b		No	asian_rice_panel_extraction_or_explicit_legacy_route	@{unit_id}|{original_read_name}
U7991403D60C5	angkor	old_shotgun_376	LV3006120681	LV3006120681	LV6000620019	LV7008890341	shotgun		sample	shotgun	IRGSP1_prefilter	/projects/caeg/data/production/LV7/008/890/LV7008890341/20250827_BHCMGWDSXF/v1.0.8/4ebe3d1488023a26ec5b50b4e6a71f6b		No	asian_rice_panel_extraction_or_explicit_legacy_route	@{unit_id}|{original_read_name}
U7994104BDB83	angkor	old_shotgun_376	LV3006105269	LV3006105269	LV6000620197	LV7008890371	shotgun		sample	shotgun	IRGSP1_prefilter	/projects/caeg/data/production/LV7/008/890/LV7008890371/20250905_AHC7WJDSXF/v1.0.8/4ebe3d1488023a26ec5b50b4e6a71f6b		No	asian_rice_panel_extraction_or_explicit_legacy_route	@{unit_id}|{original_read_name}
U79A7363411A4	angkor	old_shotgun_376	LV3005273276	LV3005273276	LV7005010669	LV7009026437	shotgun		sample	shotgun	IRGSP1_prefilter	/projects/caeg/data/production/LV7/009/026/LV7009026437/20230927_AHNLW5DSX5/v1.0.8/4ebe3d1488023a26ec5b50b4e6a71f6b		No	asian_rice_panel_extraction_or_explicit_legacy_route	@{unit_id}|{original_read_name}
U7A03A65468A7	nanzuo	nanzuo_function_IRGSP	YWL1-A3493		LV7005225728	LV7008960277	function		sample	direct_IRGSP	IRGSP_BAM	/home/scratch/yinmt202607/6.nanzuo_function_yancheng/LV7008960277-LV7005225728-YWL1-A3493_S11.bam		No	skip_asian_besthit_use_direct_IRGSP_downstream	
U7A28094A4E75	angkor	old_shotgun_376	LV3006105281	LV3006105281	LV6000620170	LV7008890358	shotgun		sample	shotgun	IRGSP1_prefilter	/projects/caeg/data/production/LV7/008/890/LV7008890358/20250905_AHC7WJDSXF/v1.0.8/4ebe3d1488023a26ec5b50b4e6a71f6b		No	asian_rice_panel_extraction_or_explicit_legacy_route	@{unit_id}|{original_read_name}
U7A8FEA9E085E	angkor	old_shotgun_376	LV3006120677	LV3006120677	LV6000620012	LV7008890388	shotgun		sample	shotgun	IRGSP1_prefilter	/projects/caeg/data/production/LV7/008/890/LV7008890388/20250827_BHCMGWDSXF/v1.0.8/4ebe3d1488023a26ec5b50b4e6a71f6b		No	asian_rice_panel_extraction_or_explicit_legacy_route	@{unit_id}|{original_read_name}
U7AA611B2314A	angkor	old_shotgun_376	LV3006007212	LV3006007212	LV6000200417	LV7008960346	shotgun		sample	shotgun	IRGSP1_prefilter	/projects/caeg/data/production/LV7/008/960/LV7008960346/20240702_BH5F5KDSX7/v1.0.8/4ebe3d1488023a26ec5b50b4e6a71f6b		No	asian_rice_panel_extraction_or_explicit_legacy_route	@{unit_id}|{original_read_name}
U7AD46A046010	angkor	angkor_qc_519	LV3006120795	LV3006120795	LV6000200230	LV7008879557	shotgun		sample	shotgun	raw_qc_collapsed	/home/scratch/yinmt_rice/data/angkor_qc_collapsed/Lib_LV7008879557_collapsed.fastq.gz		No	crosswalk_if_needed_then_asian_rice_panel_extraction	@{unit_id}|{original_read_name}
U7AD91E34A50F	angkor	angkor_qc_519				LV7008879819	shotgun		sample	shotgun	raw_qc_collapsed	/home/scratch/yinmt_rice/data/angkor_qc_collapsed/Lib_LV7008879819_collapsed.fastq.gz		No	crosswalk_if_needed_then_asian_rice_panel_extraction	@{unit_id}|{original_read_name}
U7B66448DE842	angkor	angkor_qc_519				LV7008879902	shotgun		sample	shotgun	raw_qc_collapsed	/home/scratch/yinmt_rice/data/angkor_qc_collapsed/Lib_LV7008879902_collapsed.fastq.gz		No	crosswalk_if_needed_then_asian_rice_panel_extraction	@{unit_id}|{original_read_name}
U7B7D9E6A09F6	angkor	old_shotgun_376	LV3005573876	LV3005573876	LV7005225823	LV7001903292	shotgun		sample	shotgun	IRGSP1_prefilter	/projects/caeg/data/production/LV7/001/903/LV7001903292/20230414_BHMGMJDSX5/v1.0.8/4ebe3d1488023a26ec5b50b4e6a71f6b		No	asian_rice_panel_extraction_or_explicit_legacy_route	@{unit_id}|{original_read_name}
U7B82DA178DB7	angkor	angkor_qc_519				LV7008879536	shotgun		sample	shotgun	raw_qc_collapsed	/home/scratch/yinmt_rice/data/angkor_qc_collapsed/Lib_LV7008879536_collapsed.fastq.gz		No	crosswalk_if_needed_then_asian_rice_panel_extraction	@{unit_id}|{original_read_name}
U7B931D436CD7	nanzuo	nanzuo_asian_extract	YWL1-A3497		LV7005227375	LV7008960274	popgen		sample	nanzuo_popgen	asian_candidate_fastq	/home/scratch/yinmt_rice/data/nanzuo_extract/popgen/YWL1-A3497.bt2.primary_mapped.fastq.gz		Yes	tag_pool_competitive_mapping_besthit	@{unit_id}|{original_read_name}
U7BCA50FDD5AA	angkor	angkor_new_capture_64	LV3006120718	LV3006120718	LV6000620194	LV7008890357	capture	RiceEProbe20Panel2	sample	angkor_new_capture_panel2	raw_PE	/home/scratch/yinmt_rice/data/angkor_another_capture_data/LV7008890357-LV6000620194-LV3006120718-RiceEProbe20Panel2captured_S116_L008_R1_001.fastq.gz	/home/scratch/yinmt_rice/data/angkor_another_capture_data/LV7008890357-LV6000620194-LV3006120718-RiceEProbe20Panel2captured_S116_L008_R2_001.fastq.gz	No	QC_then_asian_rice_panel_extraction	@{unit_id}|{original_read_name}
U7BF4E257CFBC	angkor	angkor_original_capture_16	LV3006007198	LV3006007198	LV7008416379	LV7008961151	capture	RicePanel1	sample	angkor_legacy_capture_panel1	asian_candidate_fastq	/home/scratch/yinmt202607/tests/param_matrix_bt2_vs_bwa/00.extraction/bt2_new/fastq/LV7008416379_RicePanel1.bt2new.fastq.gz		Yes	tag_pool_competitive_mapping_besthit	@{unit_id}|{original_read_name}
U7C2B659EAA28	angkor	angkor_new_capture_64	LV3006121035	LV3006121035	LV6000619034	LV7008879506	capture	RiceEProbe20Panel2	sample	angkor_new_capture_panel2	raw_PE	/home/scratch/yinmt_rice/data/angkor_another_capture_data/LV7008879506-LV6000619034-LV3006121035-RiceEProbe20Panel2captured_S73_L005_R1_001.fastq.gz	/home/scratch/yinmt_rice/data/angkor_another_capture_data/LV7008879506-LV6000619034-LV3006121035-RiceEProbe20Panel2captured_S73_L005_R2_001.fastq.gz	No	QC_then_asian_rice_panel_extraction	@{unit_id}|{original_read_name}
U7C3ED9FD0324	angkor	old_shotgun_376	LV3006105276	LV3006105276	LV6000620195	LV7008890333	shotgun		sample	shotgun	IRGSP1_prefilter	/projects/caeg/data/production/LV7/008/890/LV7008890333/20250905_AHC7WJDSXF/v1.0.8/4ebe3d1488023a26ec5b50b4e6a71f6b		No	asian_rice_panel_extraction_or_explicit_legacy_route	@{unit_id}|{original_read_name}
U7C901A7E9A57	angkor	old_shotgun_376	LV3006121077	LV3006121077	LV6000619911	LV7008879280	shotgun		sample	shotgun	IRGSP1_prefilter	/projects/caeg/data/production/LV7/008/879/LV7008879280/20250825_BHC7THDSXF/v1.0.8/4ebe3d1488023a26ec5b50b4e6a71f6b		No	asian_rice_panel_extraction_or_explicit_legacy_route	@{unit_id}|{original_read_name}
U7CC35A3E030C	angkor	angkor_qc_519				LV7008879774	shotgun		sample	shotgun	raw_qc_collapsed	/home/scratch/yinmt_rice/data/angkor_qc_collapsed/Lib_LV7008879774_collapsed.fastq.gz		No	crosswalk_if_needed_then_asian_rice_panel_extraction	@{unit_id}|{original_read_name}
U7CCE2734BFC2	angkor	angkor_qc_519				LV7008879943	shotgun		sample	shotgun	raw_qc_collapsed	/home/scratch/yinmt_rice/data/angkor_qc_collapsed/Lib_LV7008879943_collapsed.fastq.gz		No	crosswalk_if_needed_then_asian_rice_panel_extraction	@{unit_id}|{original_read_name}
U7D4B69E4AD77	angkor	angkor_new_capture_64	LV3006120712	LV3006120712	LV6000620203	LV7008890369	capture	RiceEProbe20Panel1	sample	angkor_new_capture_panel1	raw_PE	/home/scratch/yinmt_rice/data/angkor_another_capture_data/LV7008890369-LV6000620203-LV3006120712-RiceEProbe20Panel1captured_S85_L006_R1_001.fastq.gz	/home/scratch/yinmt_rice/data/angkor_another_capture_data/LV7008890369-LV6000620203-LV3006120712-RiceEProbe20Panel1captured_S85_L006_R2_001.fastq.gz	No	QC_then_asian_rice_panel_extraction	@{unit_id}|{original_read_name}
U7D4D1ECABF45	angkor	old_shotgun_376	LV3006006406	LV3006006406	LV7008416288	LV7008961125	shotgun		sample	shotgun	IRGSP1_prefilter	/projects/caeg/data/production/LV7/008/961/LV7008961125/20240724_BH5F2GDSX7/v1.0.8/4ebe3d1488023a26ec5b50b4e6a71f6b		No	asian_rice_panel_extraction_or_explicit_legacy_route	@{unit_id}|{original_read_name}
U7D4E5B5CE712	angkor	angkor_original_capture_16	LV3006105274	LV3006105274	LV6000620172	LV7008890359	capture	RicePanel2	sample	angkor_legacy_capture_panel2	asian_candidate_fastq	/home/scratch/yinmt202607/tests/param_matrix_bt2_vs_bwa/00.extraction/bt2_new/fastq/LV6000620172_RicePanel2.bt2new.fastq.gz		Yes	tag_pool_competitive_mapping_besthit	@{unit_id}|{original_read_name}
U7DB97536DB8E	angkor	old_shotgun_376	LV3005273269	LV3005273269	LV7005010667	LV7009026460	shotgun		sample	shotgun	IRGSP1_prefilter	/projects/caeg/data/production/LV7/009/026/LV7009026460/20230927_AHNLW5DSX5/v1.0.8/4ebe3d1488023a26ec5b50b4e6a71f6b		No	asian_rice_panel_extraction_or_explicit_legacy_route	@{unit_id}|{original_read_name}
U7DBA90DF5A65	angkor	angkor_qc_519				LV7008879993	shotgun		sample	shotgun	raw_qc_collapsed	/home/scratch/yinmt_rice/data/angkor_qc_collapsed/Lib_LV7008879993_collapsed.fastq.gz		No	crosswalk_if_needed_then_asian_rice_panel_extraction	@{unit_id}|{original_read_name}
U7DD14433CB81	angkor	angkor_qc_519				LV7008879997	shotgun		sample	shotgun	raw_qc_collapsed	/home/scratch/yinmt_rice/data/angkor_qc_collapsed/Lib_LV7008879997_collapsed.fastq.gz		No	crosswalk_if_needed_then_asian_rice_panel_extraction	@{unit_id}|{original_read_name}
U7DD7CFEF35C1	angkor	angkor_qc_519				LV7008879143	shotgun		sample	shotgun	raw_qc_collapsed	/home/scratch/yinmt_rice/data/angkor_qc_collapsed/Lib_LV7008879143_collapsed.fastq.gz		No	crosswalk_if_needed_then_asian_rice_panel_extraction	@{unit_id}|{original_read_name}
U7DF9D7EB943C	angkor	angkor_qc_519				LV7008879914	shotgun		sample	shotgun	raw_qc_collapsed	/home/scratch/yinmt_rice/data/angkor_qc_collapsed/Lib_LV7008879914_collapsed.fastq.gz		No	crosswalk_if_needed_then_asian_rice_panel_extraction	@{unit_id}|{original_read_name}
U7E2E5B4C84B0	angkor	old_shotgun_376	LV3006121079	LV3006121079	LV6000619926	LV7008879232	shotgun		sample	shotgun	IRGSP1_prefilter	/projects/caeg/data/production/LV7/008/879/LV7008879232/20250825_BHC7THDSXF/v1.0.8/4ebe3d1488023a26ec5b50b4e6a71f6b		No	asian_rice_panel_extraction_or_explicit_legacy_route	@{unit_id}|{original_read_name}
U7E6232083C6D	angkor	angkor_new_capture_64	LV3006007195	LV3006007195	LV7008416404	LV7009024391	capture	RiceEProbe20Panel1	sample	angkor_new_capture_panel1	raw_PE	/home/scratch/yinmt_rice/data/angkor_another_capture_data/LV7009024391-LV7008416404-LV3006007195-RiceEProbe20Panel1captured_S20_L002_R1_001.fastq.gz	/home/scratch/yinmt_rice/data/angkor_another_capture_data/LV7009024391-LV7008416404-LV3006007195-RiceEProbe20Panel1captured_S20_L002_R2_001.fastq.gz	No	QC_then_asian_rice_panel_extraction	@{unit_id}|{original_read_name}
U7E9AC4E241DB	angkor	angkor_qc_519	LV3006121073	LV3006121073	LV6000619918	LV7008879220	shotgun		sample	shotgun	raw_qc_collapsed	/home/scratch/yinmt_rice/data/angkor_qc_collapsed/Lib_LV7008879220_collapsed.fastq.gz		No	crosswalk_if_needed_then_asian_rice_panel_extraction	@{unit_id}|{original_read_name}
U7EE35299DA54	angkor	old_shotgun_376	LV3006006408	LV3006006408	LV7008416279	LV7009022754	shotgun		sample	shotgun	IRGSP1_prefilter	/projects/caeg/data/production/LV7/009/022/LV7009022754/20240724_BH5F2GDSX7/v1.0.8/4ebe3d1488023a26ec5b50b4e6a71f6b		No	asian_rice_panel_extraction_or_explicit_legacy_route	@{unit_id}|{original_read_name}
U7F358B8252D9	mcp	mcp_reshotgun	proxy20260303216		LV6000655564	LV7008865140	shotgun		sample	shotgun	raw_bbduk	/home/scratch/yinmt202607/4.mcp_reshotgun/data/reads/LV7008865140-LV6000655564-proxy20260303216_S149.bbduk.lowcomp_filtered.fq		No	asian_rice_panel_extraction_then_tag_pool_besthit	@{unit_id}|{original_read_name}
U7FA999431C9F	angkor	angkor_qc_519				LV7008879085	shotgun		sample	shotgun	raw_qc_collapsed	/home/scratch/yinmt_rice/data/angkor_qc_collapsed/Lib_LV7008879085_collapsed.fastq.gz		No	crosswalk_if_needed_then_asian_rice_panel_extraction	@{unit_id}|{original_read_name}
U7FC4CDC2B39E	angkor	angkor_original_capture_16	LV3006121074	LV3006121074	LV6000654698	LV7008879193	capture	RicePanel1	sample	angkor_legacy_capture_panel1	asian_candidate_fastq	/home/scratch/yinmt202607/tests/param_matrix_bt2_vs_bwa/00.extraction/bt2_new/fastq/LV6000654698_RicePanel1.bt2new.fastq.gz		Yes	tag_pool_competitive_mapping_besthit	@{unit_id}|{original_read_name}
U7FE715A7D889	angkor	angkor_qc_519	LV3006121076	LV3006121076	LV6000619888	LV7008879219	shotgun		sample	shotgun	raw_qc_collapsed	/home/scratch/yinmt_rice/data/angkor_qc_collapsed/Lib_LV7008879219_collapsed.fastq.gz		No	crosswalk_if_needed_then_asian_rice_panel_extraction	@{unit_id}|{original_read_name}
U80C65DDE7D63	angkor	old_shotgun_376	LV3005273253	LV3005273253	LV7005010675	LV7009026436	shotgun		sample	shotgun	IRGSP1_prefilter	/projects/caeg/data/production/LV7/009/026/LV7009026436/20230927_AHNLW5DSX5/v1.0.8/4ebe3d1488023a26ec5b50b4e6a71f6b		No	asian_rice_panel_extraction_or_explicit_legacy_route	@{unit_id}|{original_read_name}
U80EBB21841F1	angkor	old_shotgun_376	LV3006120721	LV3006120721	LV6000620018	LV7008890366	shotgun		sample	shotgun	IRGSP1_prefilter	/projects/caeg/data/production/LV7/008/890/LV7008890366/20250827_BHCMGWDSXF/v1.0.8/4ebe3d1488023a26ec5b50b4e6a71f6b		No	asian_rice_panel_extraction_or_explicit_legacy_route	@{unit_id}|{original_read_name}
U8100D3E686F0	angkor	old_shotgun_376	LV3006121067	LV3006121067	LV6000654693	LV7008879203	shotgun		sample	shotgun	IRGSP1_prefilter	/projects/caeg/data/production/LV7/008/879/LV7008879203/20250903_BHC5NVDSXF/v1.0.8/4ebe3d1488023a26ec5b50b4e6a71f6b		No	asian_rice_panel_extraction_or_explicit_legacy_route	@{unit_id}|{original_read_name}
U81138EBDE1A2	angkor	angkor_qc_519	LV3006121856	LV3006121856	LV6000200227	LV7008879535	shotgun		sample	shotgun	raw_qc_collapsed	/home/scratch/yinmt_rice/data/angkor_qc_collapsed/Lib_LV7008879535_collapsed.fastq.gz		No	crosswalk_if_needed_then_asian_rice_panel_extraction	@{unit_id}|{original_read_name}
U8123761C30F6	angkor	angkor_new_capture_64	LV3006007214	LV3006007214	LV7008416395	LV7008957239	capture	RiceEProbe20Panel2	sample	angkor_new_capture_panel2	raw_PE	/home/scratch/yinmt_rice/data/angkor_another_capture_data/LV7008957239-LV7008416395-LV3006007214-RiceEProbe20Panel2captured_S104_L007_R1_001.fastq.gz	/home/scratch/yinmt_rice/data/angkor_another_capture_data/LV7008957239-LV7008416395-LV3006007214-RiceEProbe20Panel2captured_S104_L007_R2_001.fastq.gz	No	QC_then_asian_rice_panel_extraction	@{unit_id}|{original_read_name}
U8125F5F168DB	angkor	angkor_qc_519	LV3006121027	LV3006121027	LV6000619514	LV7008879493	shotgun		sample	shotgun	raw_qc_collapsed	/home/scratch/yinmt_rice/data/angkor_qc_collapsed/Lib_LV7008879493_collapsed.fastq.gz		No	crosswalk_if_needed_then_asian_rice_panel_extraction	@{unit_id}|{original_read_name}
U81343B0EE6B8	angkor	angkor_qc_519				LV7008879952	shotgun		sample	shotgun	raw_qc_collapsed	/home/scratch/yinmt_rice/data/angkor_qc_collapsed/Lib_LV7008879952_collapsed.fastq.gz		No	crosswalk_if_needed_then_asian_rice_panel_extraction	@{unit_id}|{original_read_name}
U81D84DE3B51E	angkor	angkor_qc_519	LV3006121012	LV3006121012	LV6000619501	LV7008879491	shotgun		sample	shotgun	raw_qc_collapsed	/home/scratch/yinmt_rice/data/angkor_qc_collapsed/Lib_LV7008879491_collapsed.fastq.gz		No	crosswalk_if_needed_then_asian_rice_panel_extraction	@{unit_id}|{original_read_name}
U820946729DDB	angkor	angkor_qc_519				LV7008879183	shotgun		sample	shotgun	raw_qc_collapsed	/home/scratch/yinmt_rice/data/angkor_qc_collapsed/Lib_LV7008879183_collapsed.fastq.gz		No	crosswalk_if_needed_then_asian_rice_panel_extraction	@{unit_id}|{original_read_name}
U824610710661	angkor	old_shotgun_376	LV3006120690	LV3006120690	LV6000620024	LV7008890375	shotgun		sample	shotgun	IRGSP1_prefilter	/projects/caeg/data/production/LV7/008/890/LV7008890375/20250827_BHCMGWDSXF/v1.0.8/4ebe3d1488023a26ec5b50b4e6a71f6b		No	asian_rice_panel_extraction_or_explicit_legacy_route	@{unit_id}|{original_read_name}
U83550E88D625	angkor	angkor_qc_519				LV7008879048	shotgun		sample	shotgun	raw_qc_collapsed	/home/scratch/yinmt_rice/data/angkor_qc_collapsed/Lib_LV7008879048_collapsed.fastq.gz		No	crosswalk_if_needed_then_asian_rice_panel_extraction	@{unit_id}|{original_read_name}
U835EA5CC53E3	angkor	angkor_qc_519	LV3006121069	LV3006121069	LV6000619912	LV7008879255	shotgun		sample	shotgun	raw_qc_collapsed	/home/scratch/yinmt_rice/data/angkor_qc_collapsed/Lib_LV7008879255_collapsed.fastq.gz		No	crosswalk_if_needed_then_asian_rice_panel_extraction	@{unit_id}|{original_read_name}
U837384994CFB	angkor	angkor_qc_519				LV7008879942	shotgun		sample	shotgun	raw_qc_collapsed	/home/scratch/yinmt_rice/data/angkor_qc_collapsed/Lib_LV7008879942_collapsed.fastq.gz		No	crosswalk_if_needed_then_asian_rice_panel_extraction	@{unit_id}|{original_read_name}
U8390AFC127A1	angkor	angkor_qc_519				LV7008879954	shotgun		sample	shotgun	raw_qc_collapsed	/home/scratch/yinmt_rice/data/angkor_qc_collapsed/Lib_LV7008879954_collapsed.fastq.gz		No	crosswalk_if_needed_then_asian_rice_panel_extraction	@{unit_id}|{original_read_name}
U83B921972F42	angkor	old_shotgun_376	LV3005273244	LV3005273244	LV7005010704	LV7009026464	shotgun		sample	shotgun	IRGSP1_prefilter	/projects/caeg/data/production/LV7/009/026/LV7009026464/20230927_AHNLW5DSX5/v1.0.8/4ebe3d1488023a26ec5b50b4e6a71f6b		No	asian_rice_panel_extraction_or_explicit_legacy_route	@{unit_id}|{original_read_name}
U83BD7AC9D308	angkor	angkor_qc_519	LV3006121090	LV3006121090	LV6000654697	LV7008879218	shotgun		sample	shotgun	raw_qc_collapsed	/home/scratch/yinmt_rice/data/angkor_qc_collapsed/Lib_LV7008879218_collapsed.fastq.gz		No	crosswalk_if_needed_then_asian_rice_panel_extraction	@{unit_id}|{original_read_name}
U84032E9B4921	angkor	angkor_new_capture_64	LV3006121021	LV3006121021	LV6000619506	LV7008879481	capture	RiceEProbe20Panel1	sample	angkor_new_capture_panel1	raw_PE	/home/scratch/yinmt_rice/data/angkor_another_capture_data/LV7008879481-LV6000619506-LV3006121021-RiceEProbe20Panel1captured_S11_L001_R1_001.fastq.gz	/home/scratch/yinmt_rice/data/angkor_another_capture_data/LV7008879481-LV6000619506-LV3006121021-RiceEProbe20Panel1captured_S11_L001_R2_001.fastq.gz	No	QC_then_asian_rice_panel_extraction	@{unit_id}|{original_read_name}
U8497FF1AAE1B	angkor	angkor_qc_519				LV7008879079	shotgun		sample	shotgun	raw_qc_collapsed	/home/scratch/yinmt_rice/data/angkor_qc_collapsed/Lib_LV7008879079_collapsed.fastq.gz		No	crosswalk_if_needed_then_asian_rice_panel_extraction	@{unit_id}|{original_read_name}
U84A017EEBC21	angkor	old_shotgun_376	LV3005273255	LV3005273255	LV7005010670	LV7009026474	shotgun		sample	shotgun	IRGSP1_prefilter	/projects/caeg/data/production/LV7/009/026/LV7009026474/20230927_AHNLW5DSX5/v1.0.8/4ebe3d1488023a26ec5b50b4e6a71f6b		No	asian_rice_panel_extraction_or_explicit_legacy_route	@{unit_id}|{original_read_name}
U84F6D90074FD	angkor	old_shotgun_376	LV3006121010	LV3006121010	LV6000619517	LV7008879515	shotgun		sample	shotgun	IRGSP1_prefilter	/projects/caeg/data/production/LV7/008/879/LV7008879515/20250829_BHC5GYDSXF/v1.0.8/4ebe3d1488023a26ec5b50b4e6a71f6b		No	asian_rice_panel_extraction_or_explicit_legacy_route	@{unit_id}|{original_read_name}
U85211CCE069F	angkor	old_shotgun_376	LV3006120717	LV3006120717	LV6000620205	LV7008890368	shotgun		sample	shotgun	IRGSP1_prefilter	/projects/caeg/data/production/LV7/008/890/LV7008890368/20250905_AHC7WJDSXF/v1.0.8/4ebe3d1488023a26ec5b50b4e6a71f6b		No	asian_rice_panel_extraction_or_explicit_legacy_route	@{unit_id}|{original_read_name}
U854F62F30AC0	angkor	angkor_qc_519				LV7008879893	shotgun		sample	shotgun	raw_qc_collapsed	/home/scratch/yinmt_rice/data/angkor_qc_collapsed/Lib_LV7008879893_collapsed.fastq.gz		No	crosswalk_if_needed_then_asian_rice_panel_extraction	@{unit_id}|{original_read_name}
U85BBF119D016	angkor	angkor_qc_519				LV7008879179	shotgun		sample	shotgun	raw_qc_collapsed	/home/scratch/yinmt_rice/data/angkor_qc_collapsed/Lib_LV7008879179_collapsed.fastq.gz		No	crosswalk_if_needed_then_asian_rice_panel_extraction	@{unit_id}|{original_read_name}
U8653E53577F0	angkor	angkor_qc_519				LV7008879512	shotgun		sample	shotgun	raw_qc_collapsed	/home/scratch/yinmt_rice/data/angkor_qc_collapsed/Lib_LV7008879512_collapsed.fastq.gz		No	crosswalk_if_needed_then_asian_rice_panel_extraction	@{unit_id}|{original_read_name}
U865AEC9A2C1A	angkor	angkor_qc_519				LV7008879775	shotgun		sample	shotgun	raw_qc_collapsed	/home/scratch/yinmt_rice/data/angkor_qc_collapsed/Lib_LV7008879775_collapsed.fastq.gz		No	crosswalk_if_needed_then_asian_rice_panel_extraction	@{unit_id}|{original_read_name}
U865D941C0743	angkor	old_shotgun_376	LV3006007173	LV3006007173	LV7008416344	LV7009022397	shotgun		sample	shotgun	IRGSP1_prefilter	/projects/caeg/data/production/LV7/009/022/LV7009022397/20240704_BH5FCVDSX7/v1.0.8/4ebe3d1488023a26ec5b50b4e6a71f6b		No	asian_rice_panel_extraction_or_explicit_legacy_route	@{unit_id}|{original_read_name}
U866B2710FC54	angkor	angkor_qc_519	LV3006121078	LV3006121078	LV6000619895	LV7008879256	shotgun		sample	shotgun	raw_qc_collapsed	/home/scratch/yinmt_rice/data/angkor_qc_collapsed/Lib_LV7008879256_collapsed.fastq.gz		No	crosswalk_if_needed_then_asian_rice_panel_extraction	@{unit_id}|{original_read_name}
U86B5569ED104	angkor	angkor_qc_519				LV7008879928	shotgun		sample	shotgun	raw_qc_collapsed	/home/scratch/yinmt_rice/data/angkor_qc_collapsed/Lib_LV7008879928_collapsed.fastq.gz		No	crosswalk_if_needed_then_asian_rice_panel_extraction	@{unit_id}|{original_read_name}
U871DB9BB550F	angkor	angkor_new_capture_64	LV3006120672	LV3006120672	LV6000619882	LV7008879272	capture	RiceEProbe20Panel1	sample	angkor_new_capture_panel1	raw_PE	/home/scratch/yinmt_rice/data/angkor_another_capture_data/LV7008879272-LV6000619882-LV3006120672-RiceEProbe20Panel1captured_S34_L003_R1_001.fastq.gz	/home/scratch/yinmt_rice/data/angkor_another_capture_data/LV7008879272-LV6000619882-LV3006120672-RiceEProbe20Panel1captured_S34_L003_R2_001.fastq.gz	No	QC_then_asian_rice_panel_extraction	@{unit_id}|{original_read_name}
U877E80B243E7	nanzuo	nanzuo_asian_extract	YWL1-A3500				shotgun		sample	nanzuo_shotgun	asian_candidate_fastq	/home/scratch/yinmt_rice/data/nanzuo_extract/shotgun/YWL1-A3500.bt2.primary_mapped.fastq.gz		Yes	tag_pool_competitive_mapping_besthit	@{unit_id}|{original_read_name}
U87DC1903E4A0	angkor	old_shotgun_376	LV3006009104	LV3006009104	LV7008416381	LV7008960326	shotgun		sample	shotgun	IRGSP1_prefilter	/projects/caeg/data/production/LV7/008/960/LV7008960326/20240702_BH5F5KDSX7/v1.0.8/4ebe3d1488023a26ec5b50b4e6a71f6b		No	asian_rice_panel_extraction_or_explicit_legacy_route	@{unit_id}|{original_read_name}
U8855DD0B43AE	angkor	angkor_qc_519	SmplNTC	SmplNTC	LV6000619899	LV7008879271	shotgun		library_NTC	shotgun	raw_qc_collapsed	/home/scratch/yinmt_rice/data/angkor_qc_collapsed/Lib_LV7008879271_collapsed.fastq.gz		No	crosswalk_if_needed_then_asian_rice_panel_extraction	@{unit_id}|{original_read_name}
U88735082EB06	angkor	angkor_qc_519				LV7008879152	shotgun		sample	shotgun	raw_qc_collapsed	/home/scratch/yinmt_rice/data/angkor_qc_collapsed/Lib_LV7008879152_collapsed.fastq.gz		No	crosswalk_if_needed_then_asian_rice_panel_extraction	@{unit_id}|{original_read_name}
U88BA4F8D32FA	angkor	angkor_qc_519				LV7008879180	shotgun		sample	shotgun	raw_qc_collapsed	/home/scratch/yinmt_rice/data/angkor_qc_collapsed/Lib_LV7008879180_collapsed.fastq.gz		No	crosswalk_if_needed_then_asian_rice_panel_extraction	@{unit_id}|{original_read_name}
U88CA9107F312	angkor	angkor_qc_519				LV7008879806	shotgun		sample	shotgun	raw_qc_collapsed	/home/scratch/yinmt_rice/data/angkor_qc_collapsed/Lib_LV7008879806_collapsed.fastq.gz		No	crosswalk_if_needed_then_asian_rice_panel_extraction	@{unit_id}|{original_read_name}
U88D49C821616	angkor	old_shotgun_376	LV3006120705	LV3006120705	LV6000620185	LV7008890393	shotgun		sample	shotgun	IRGSP1_prefilter	/projects/caeg/data/production/LV7/008/890/LV7008890393/20250905_AHC7WJDSXF/v1.0.8/4ebe3d1488023a26ec5b50b4e6a71f6b		No	asian_rice_panel_extraction_or_explicit_legacy_route	@{unit_id}|{original_read_name}
U891BAF8FE7D3	angkor	angkor_qc_519	LV3006121850	LV3006121850	LV6000200282	LV7008879511	shotgun		sample	shotgun	raw_qc_collapsed	/home/scratch/yinmt_rice/data/angkor_qc_collapsed/Lib_LV7008879511_collapsed.fastq.gz		No	crosswalk_if_needed_then_asian_rice_panel_extraction	@{unit_id}|{original_read_name}
U89380CADDB7C	angkor	old_shotgun_376	LV3006120689	LV3006120689	LV6000620023	LV7008890400	shotgun		sample	shotgun	IRGSP1_prefilter	/projects/caeg/data/production/LV7/008/890/LV7008890400/20250827_BHCMGWDSXF/v1.0.8/4ebe3d1488023a26ec5b50b4e6a71f6b		No	asian_rice_panel_extraction_or_explicit_legacy_route	@{unit_id}|{original_read_name}
U894917B96794	angkor	angkor_qc_519	LV3006120667	LV3006120667	LV6000619890	LV7008879284	shotgun		sample	shotgun	raw_qc_collapsed	/home/scratch/yinmt_rice/data/angkor_qc_collapsed/Lib_LV7008879284_collapsed.fastq.gz		No	crosswalk_if_needed_then_asian_rice_panel_extraction	@{unit_id}|{original_read_name}
U8967A4AD7AA1	angkor	angkor_qc_519				LV7008879050	shotgun		sample	shotgun	raw_qc_collapsed	/home/scratch/yinmt_rice/data/angkor_qc_collapsed/Lib_LV7008879050_collapsed.fastq.gz		No	crosswalk_if_needed_then_asian_rice_panel_extraction	@{unit_id}|{original_read_name}
U8969E62B2654	angkor	old_shotgun_376	LV3006120635	LV3006120635	LV6000619924	LV7008879282	shotgun		sample	shotgun	IRGSP1_prefilter	/projects/caeg/data/production/LV7/008/879/LV7008879282/20250825_BHC7THDSXF/v1.0.8/4ebe3d1488023a26ec5b50b4e6a71f6b		No	asian_rice_panel_extraction_or_explicit_legacy_route	@{unit_id}|{original_read_name}
U899151EB1D85	angkor	angkor_qc_519				LV7008879089	shotgun		sample	shotgun	raw_qc_collapsed	/home/scratch/yinmt_rice/data/angkor_qc_collapsed/Lib_LV7008879089_collapsed.fastq.gz		No	crosswalk_if_needed_then_asian_rice_panel_extraction	@{unit_id}|{original_read_name}
U89DEE340B706	angkor	angkor_qc_519				LV7008879175	shotgun		sample	shotgun	raw_qc_collapsed	/home/scratch/yinmt_rice/data/angkor_qc_collapsed/Lib_LV7008879175_collapsed.fastq.gz		No	crosswalk_if_needed_then_asian_rice_panel_extraction	@{unit_id}|{original_read_name}
U8A1A6078D995	angkor	angkor_qc_519	LV3006121858	LV3006121858	LV6000200267	LV7008879559	shotgun		sample	shotgun	raw_qc_collapsed	/home/scratch/yinmt_rice/data/angkor_qc_collapsed/Lib_LV7008879559_collapsed.fastq.gz		No	crosswalk_if_needed_then_asian_rice_panel_extraction	@{unit_id}|{original_read_name}
U8B084C524B06	angkor	angkor_qc_519				LV7008879810	shotgun		sample	shotgun	raw_qc_collapsed	/home/scratch/yinmt_rice/data/angkor_qc_collapsed/Lib_LV7008879810_collapsed.fastq.gz		No	crosswalk_if_needed_then_asian_rice_panel_extraction	@{unit_id}|{original_read_name}
U8B0DD743D4B9	angkor	angkor_qc_519				LV7008879931	shotgun		sample	shotgun	raw_qc_collapsed	/home/scratch/yinmt_rice/data/angkor_qc_collapsed/Lib_LV7008879931_collapsed.fastq.gz		No	crosswalk_if_needed_then_asian_rice_panel_extraction	@{unit_id}|{original_read_name}
U8B70511F1EC1	angkor	old_shotgun_376	LV3006120707	LV3006120707	LV6000620183	LV7008890367	shotgun		sample	shotgun	IRGSP1_prefilter	/projects/caeg/data/production/LV7/008/890/LV7008890367/20250905_AHC7WJDSXF/v1.0.8/4ebe3d1488023a26ec5b50b4e6a71f6b		No	asian_rice_panel_extraction_or_explicit_legacy_route	@{unit_id}|{original_read_name}
U8B9DF52DB0F2	angkor	angkor_new_capture_64	LV3006120722	LV3006120722	LV6000620175	LV7008890343	capture	RiceEProbe20Panel2	sample	angkor_new_capture_panel2	raw_PE	/home/scratch/yinmt_rice/data/angkor_another_capture_data/LV7008890343-LV6000620175-LV3006120722-RiceEProbe20Panel2captured_S122_L008_R1_001.fastq.gz	/home/scratch/yinmt_rice/data/angkor_another_capture_data/LV7008890343-LV6000620175-LV3006120722-RiceEProbe20Panel2captured_S122_L008_R2_001.fastq.gz	No	QC_then_asian_rice_panel_extraction	@{unit_id}|{original_read_name}
U8BDC671E1A6C	angkor	angkor_qc_519				LV7008879913	shotgun		sample	shotgun	raw_qc_collapsed	/home/scratch/yinmt_rice/data/angkor_qc_collapsed/Lib_LV7008879913_collapsed.fastq.gz		No	crosswalk_if_needed_then_asian_rice_panel_extraction	@{unit_id}|{original_read_name}
U8C2A257F2D9B	angkor	angkor_qc_519				LV7008879969	shotgun		sample	shotgun	raw_qc_collapsed	/home/scratch/yinmt_rice/data/angkor_qc_collapsed/Lib_LV7008879969_collapsed.fastq.gz		No	crosswalk_if_needed_then_asian_rice_panel_extraction	@{unit_id}|{original_read_name}
U8C82D4164CB3	angkor	angkor_qc_519				LV7008879828	shotgun		sample	shotgun	raw_qc_collapsed	/home/scratch/yinmt_rice/data/angkor_qc_collapsed/Lib_LV7008879828_collapsed.fastq.gz		No	crosswalk_if_needed_then_asian_rice_panel_extraction	@{unit_id}|{original_read_name}
U8C8C20AA2F85	angkor	old_shotgun_376	LV3005273262	LV3005273262	LV7005010677	LV7009026510	shotgun		sample	shotgun	IRGSP1_prefilter	/projects/caeg/data/production/LV7/009/026/LV7009026510/20230927_AHNLW5DSX5/v1.0.8/4ebe3d1488023a26ec5b50b4e6a71f6b		No	asian_rice_panel_extraction_or_explicit_legacy_route	@{unit_id}|{original_read_name}
U8C8E17EB44E5	nanzuo	nanzuo_asian_extract	YWL1-A3489		LV7005227367	LV7008960262	popgen		sample	nanzuo_popgen	asian_candidate_fastq	/home/scratch/yinmt_rice/data/nanzuo_extract/popgen/YWL1-A3489.bt2.primary_mapped.fastq.gz		Yes	tag_pool_competitive_mapping_besthit	@{unit_id}|{original_read_name}
U8C926A09BA7A	angkor	old_shotgun_376	LV3005272703	LV3005272703	LV7005010673	LV7009026483	shotgun		sample	shotgun	IRGSP1_prefilter	/projects/caeg/data/production/LV7/009/026/LV7009026483/20230927_AHNLW5DSX5/v1.0.8/4ebe3d1488023a26ec5b50b4e6a71f6b		No	asian_rice_panel_extraction_or_explicit_legacy_route	@{unit_id}|{original_read_name}
U8C978EB31FB5	angkor	angkor_qc_519	LV3006121021	LV3006121021	LV6000619506	LV7008879481	shotgun		sample	shotgun	raw_qc_collapsed	/home/scratch/yinmt_rice/data/angkor_qc_collapsed/Lib_LV7008879481_collapsed.fastq.gz		No	crosswalk_if_needed_then_asian_rice_panel_extraction	@{unit_id}|{original_read_name}
U8D062674CD69	angkor	angkor_qc_519				LV7008879548	shotgun		sample	shotgun	raw_qc_collapsed	/home/scratch/yinmt_rice/data/angkor_qc_collapsed/Lib_LV7008879548_collapsed.fastq.gz		No	crosswalk_if_needed_then_asian_rice_panel_extraction	@{unit_id}|{original_read_name}
U8D252549D822	angkor	angkor_qc_519				LV7008879082	shotgun		sample	shotgun	raw_qc_collapsed	/home/scratch/yinmt_rice/data/angkor_qc_collapsed/Lib_LV7008879082_collapsed.fastq.gz		No	crosswalk_if_needed_then_asian_rice_panel_extraction	@{unit_id}|{original_read_name}
U8D2CC9B26B49	angkor	old_shotgun_376	LV3006007239	LV3006007239	LV7008416382	LV7008955428	shotgun		sample	shotgun	IRGSP1_prefilter	/projects/caeg/data/production/LV7/008/955/LV7008955428/20240702_BH5F5KDSX7/v1.0.8/4ebe3d1488023a26ec5b50b4e6a71f6b		No	asian_rice_panel_extraction_or_explicit_legacy_route	@{unit_id}|{original_read_name}
U8D4221C5069E	angkor	angkor_new_capture_64	LV3006121080	LV3006121080	LV6000654722	LV7008879229	capture	RiceEProbe20Panel1	sample	angkor_new_capture_panel1	raw_PE	/home/scratch/yinmt_rice/data/angkor_another_capture_data/LV7008879229-LV6000654722-LV3006121080-RiceEProbe20Panel1captured_S94_L006_R1_001.fastq.gz	/home/scratch/yinmt_rice/data/angkor_another_capture_data/LV7008879229-LV6000654722-LV3006121080-RiceEProbe20Panel1captured_S94_L006_R2_001.fastq.gz	No	QC_then_asian_rice_panel_extraction	@{unit_id}|{original_read_name}
U8D86C53FDAB4	nanzuo	nanzuo_function_IRGSP	YWL1-A3489		LV7005227367	LV7008960262	function		sample	direct_IRGSP	IRGSP_BAM	/home/scratch/yinmt202607/6.nanzuo_function_yancheng/LV7008960262-LV7005227367-YWL1-A3489_S53.bam		No	skip_asian_besthit_use_direct_IRGSP_downstream	
U8DC31F76900D	angkor	angkor_new_capture_64	LV3006121016	LV3006121016	LV6000619033	LV7008879528	capture	RiceEProbe20Panel1	sample	angkor_new_capture_panel1	raw_PE	/home/scratch/yinmt_rice/data/angkor_another_capture_data/LV7008879528-LV6000619033-LV3006121016-RiceEProbe20Panel1captured_S15_L001_R1_001.fastq.gz	/home/scratch/yinmt_rice/data/angkor_another_capture_data/LV7008879528-LV6000619033-LV3006121016-RiceEProbe20Panel1captured_S15_L001_R2_001.fastq.gz	No	QC_then_asian_rice_panel_extraction	@{unit_id}|{original_read_name}
U8DE0C54A98EB	angkor	angkor_original_capture_16	LV3006007231	LV3006007231	LV7008416407	LV7009024089	capture	RicePanel2	sample	angkor_legacy_capture_panel2	asian_candidate_fastq	/home/scratch/yinmt202607/tests/param_matrix_bt2_vs_bwa/00.extraction/bt2_new/fastq/LV7008416407_RicePanel2.bt2new.fastq.gz		Yes	tag_pool_competitive_mapping_besthit	@{unit_id}|{original_read_name}
U8E335FC575E5	angkor	angkor_new_capture_64	LV3006007218	LV3006007218	LV6000200426	LV7008957297	capture	RiceEProbe20Panel1	sample	angkor_new_capture_panel1	raw_PE	/home/scratch/yinmt_rice/data/angkor_another_capture_data/LV7008957297-LV6000200426-LV3006007218-RiceEProbe20Panel1captured_S26_L002_R1_001.fastq.gz	/home/scratch/yinmt_rice/data/angkor_another_capture_data/LV7008957297-LV6000200426-LV3006007218-RiceEProbe20Panel1captured_S26_L002_R2_001.fastq.gz	No	QC_then_asian_rice_panel_extraction	@{unit_id}|{original_read_name}
U8E4197C1CD83	angkor	angkor_qc_519				LV7008879856	shotgun		sample	shotgun	raw_qc_collapsed	/home/scratch/yinmt_rice/data/angkor_qc_collapsed/Lib_LV7008879856_collapsed.fastq.gz		No	crosswalk_if_needed_then_asian_rice_panel_extraction	@{unit_id}|{original_read_name}
U8E72A1FB9407	angkor	angkor_qc_519				LV7008879832	shotgun		sample	shotgun	raw_qc_collapsed	/home/scratch/yinmt_rice/data/angkor_qc_collapsed/Lib_LV7008879832_collapsed.fastq.gz		No	crosswalk_if_needed_then_asian_rice_panel_extraction	@{unit_id}|{original_read_name}
U8EFBC7DE1819	angkor	old_shotgun_376	LV3006007227	LV3006007227	LV7008416405	LV7009024845	shotgun		sample	shotgun	IRGSP1_prefilter	/projects/caeg/data/production/LV7/009/024/LV7009024845/20240702_BH5F5KDSX7/v1.0.8/4ebe3d1488023a26ec5b50b4e6a71f6b		No	asian_rice_panel_extraction_or_explicit_legacy_route	@{unit_id}|{original_read_name}
U8F13C5F53A2E	angkor	angkor_qc_519				LV7008879045	shotgun		sample	shotgun	raw_qc_collapsed	/home/scratch/yinmt_rice/data/angkor_qc_collapsed/Lib_LV7008879045_collapsed.fastq.gz		No	crosswalk_if_needed_then_asian_rice_panel_extraction	@{unit_id}|{original_read_name}
U8F176CBA151A	angkor	old_shotgun_376	LV3005273235	LV3005273235	LV7005225785	LV7001884448	shotgun		sample	shotgun	IRGSP1_prefilter	/projects/caeg/data/production/LV7/001/884/LV7001884448/20230414_BHMGMJDSX5/v1.0.8/4ebe3d1488023a26ec5b50b4e6a71f6b		No	asian_rice_panel_extraction_or_explicit_legacy_route	@{unit_id}|{original_read_name}
U8F432335ED24	angkor	old_shotgun_376	LV3006007206	LV3006007206	LV6000200433	LV7008958558	shotgun		sample	shotgun	IRGSP1_prefilter	/projects/caeg/data/production/LV7/008/958/LV7008958558/20240702_BH5F5KDSX7/v1.0.8/4ebe3d1488023a26ec5b50b4e6a71f6b		No	asian_rice_panel_extraction_or_explicit_legacy_route	@{unit_id}|{original_read_name}
U8F5668A80D66	angkor	angkor_original_capture_16	LV3006120708	LV3006120708	LV6000620166	LV7008890404	capture	RicePanel2	sample	angkor_legacy_capture_panel2	asian_candidate_fastq	/home/scratch/yinmt202607/tests/param_matrix_bt2_vs_bwa/00.extraction/bt2_new/fastq/LV6000620166_RicePanel2.bt2new.fastq.gz		Yes	tag_pool_competitive_mapping_besthit	@{unit_id}|{original_read_name}
U8F8EFD7F874B	angkor	angkor_original_capture_16	LV3006007198	LV3006007198	LV7008416379	LV7008961151	capture	RicePanel2	sample	angkor_legacy_capture_panel2	asian_candidate_fastq	/home/scratch/yinmt202607/tests/param_matrix_bt2_vs_bwa/00.extraction/bt2_new/fastq/LV7008416379_RicePanel2.bt2new.fastq.gz		Yes	tag_pool_competitive_mapping_besthit	@{unit_id}|{original_read_name}
U8F98C6895878	angkor	old_shotgun_376	LV3006006422	LV3006006422	LV7008416311	LV7009022733	shotgun		sample	shotgun	IRGSP1_prefilter	/projects/caeg/data/production/LV7/009/022/LV7009022733/20240724_BH5F2GDSX7/v1.0.8/4ebe3d1488023a26ec5b50b4e6a71f6b		No	asian_rice_panel_extraction_or_explicit_legacy_route	@{unit_id}|{original_read_name}
U90F93E9CE32A	angkor	angkor_new_capture_64	LV3006007213	LV3006007213	LV7008416403	LV7008957587	capture	RiceEProbe20Panel2	sample	angkor_new_capture_panel2	raw_PE	/home/scratch/yinmt_rice/data/angkor_another_capture_data/LV7008957587-LV7008416403-LV3006007213-RiceEProbe20Panel2captured_S102_L007_R1_001.fastq.gz	/home/scratch/yinmt_rice/data/angkor_another_capture_data/LV7008957587-LV7008416403-LV3006007213-RiceEProbe20Panel2captured_S102_L007_R2_001.fastq.gz	No	QC_then_asian_rice_panel_extraction	@{unit_id}|{original_read_name}
U90FF2ADECB5F	angkor	old_shotgun_376	LV3006120630	LV3006120630	LV6000619915	LV7008879198	shotgun		sample	shotgun	IRGSP1_prefilter	/projects/caeg/data/production/LV7/008/879/LV7008879198/20250825_BHC7THDSXF/v1.0.8/4ebe3d1488023a26ec5b50b4e6a71f6b		No	asian_rice_panel_extraction_or_explicit_legacy_route	@{unit_id}|{original_read_name}
U913DD34D7380	angkor	angkor_new_capture_64	LV3006120722	LV3006120722	LV6000620175	LV7008890343	capture	RiceEProbe20Panel1	sample	angkor_new_capture_panel1	raw_PE	/home/scratch/yinmt_rice/data/angkor_another_capture_data/LV7008890343-LV6000620175-LV3006120722-RiceEProbe20Panel1captured_S90_L006_R1_001.fastq.gz	/home/scratch/yinmt_rice/data/angkor_another_capture_data/LV7008890343-LV6000620175-LV3006120722-RiceEProbe20Panel1captured_S90_L006_R2_001.fastq.gz	No	QC_then_asian_rice_panel_extraction	@{unit_id}|{original_read_name}
U91B1852A3246	nanzuo	nanzuo_function_IRGSP	YWL1-A3492		LV7005227370	LV7008960314	function		sample	direct_IRGSP	IRGSP_BAM	/home/scratch/yinmt202607/6.nanzuo_function_yancheng/LV7008960314-LV7005227370-YWL1-A3492_S8.bam		No	skip_asian_besthit_use_direct_IRGSP_downstream	
U91B78AF16B80	angkor	angkor_qc_519	LV3006120641	LV3006120641	LV6000619916	LV7008879270	shotgun		sample	shotgun	raw_qc_collapsed	/home/scratch/yinmt_rice/data/angkor_qc_collapsed/Lib_LV7008879270_collapsed.fastq.gz		No	crosswalk_if_needed_then_asian_rice_panel_extraction	@{unit_id}|{original_read_name}
U91E5F6EBCBBF	angkor	angkor_qc_519				LV7008879062	shotgun		sample	shotgun	raw_qc_collapsed	/home/scratch/yinmt_rice/data/angkor_qc_collapsed/Lib_LV7008879062_collapsed.fastq.gz		No	crosswalk_if_needed_then_asian_rice_panel_extraction	@{unit_id}|{original_read_name}
U91F0B085D3AC	angkor	angkor_qc_519	LV3006120791	LV3006120791	LV6000200277	LV7008879521	shotgun		sample	shotgun	raw_qc_collapsed	/home/scratch/yinmt_rice/data/angkor_qc_collapsed/Lib_LV7008879521_collapsed.fastq.gz		No	crosswalk_if_needed_then_asian_rice_panel_extraction	@{unit_id}|{original_read_name}
U920A7FD3A322	angkor	old_shotgun_376	LV3006007229	LV3006007229	LV7008416367	LV7008957561	shotgun		sample	shotgun	IRGSP1_prefilter	/projects/caeg/data/production/LV7/008/957/LV7008957561/20240702_BH5F5KDSX7/v1.0.8/4ebe3d1488023a26ec5b50b4e6a71f6b		No	asian_rice_panel_extraction_or_explicit_legacy_route	@{unit_id}|{original_read_name}
U9233239B8811	angkor	old_shotgun_376	LV3006120655	LV3006120655	LV6000620029	LV7008890410	shotgun		sample	shotgun	IRGSP1_prefilter	/projects/caeg/data/production/LV7/008/890/LV7008890410/20250827_BHCMGWDSXF/v1.0.8/4ebe3d1488023a26ec5b50b4e6a71f6b		No	asian_rice_panel_extraction_or_explicit_legacy_route	@{unit_id}|{original_read_name}
U924EC3A85F37	angkor	angkor_original_capture_16	LV3006120665	LV3006120665	LV6000620016	LV7008890373	capture	RicePanel1	sample	angkor_legacy_capture_panel1	asian_candidate_fastq	/home/scratch/yinmt202607/tests/param_matrix_bt2_vs_bwa/00.extraction/bt2_new/fastq/LV6000620016_RicePanel1.bt2new.fastq.gz		Yes	tag_pool_competitive_mapping_besthit	@{unit_id}|{original_read_name}
U92733D9C5099	angkor	angkor_qc_519				LV7008879845	shotgun		sample	shotgun	raw_qc_collapsed	/home/scratch/yinmt_rice/data/angkor_qc_collapsed/Lib_LV7008879845_collapsed.fastq.gz		No	crosswalk_if_needed_then_asian_rice_panel_extraction	@{unit_id}|{original_read_name}
U92A94D68C2C3	angkor	old_shotgun_376	LV3006121039	LV3006121039	LV6000619522	LV7008879505	shotgun		sample	shotgun	IRGSP1_prefilter	/projects/caeg/data/production/LV7/008/879/LV7008879505/20250829_BHC5GYDSXF/v1.0.8/4ebe3d1488023a26ec5b50b4e6a71f6b		No	asian_rice_panel_extraction_or_explicit_legacy_route	@{unit_id}|{original_read_name}
U92F60C798DEA	angkor	old_shotgun_376	LV3005573878	LV3005573878	LV7005225803	LV7001884449	shotgun		sample	shotgun	IRGSP1_prefilter	/projects/caeg/data/production/LV7/001/884/LV7001884449/20230414_BHMGMJDSX5/v1.0.8/4ebe3d1488023a26ec5b50b4e6a71f6b		No	asian_rice_panel_extraction_or_explicit_legacy_route	@{unit_id}|{original_read_name}
U930BEFC0A47E	angkor	old_shotgun_376	LV3006120634	LV3006120634	LV6000619909	LV7008879233	shotgun		sample	shotgun	IRGSP1_prefilter	/projects/caeg/data/production/LV7/008/879/LV7008879233/20250825_BHC7THDSXF/v1.0.8/4ebe3d1488023a26ec5b50b4e6a71f6b		No	asian_rice_panel_extraction_or_explicit_legacy_route	@{unit_id}|{original_read_name}
U9331021A422B	angkor	old_shotgun_376	LV3006120715	LV3006120715	LV6000620184	LV7008890331	shotgun		sample	shotgun	IRGSP1_prefilter	/projects/caeg/data/production/LV7/008/890/LV7008890331/20250905_AHC7WJDSXF/v1.0.8/4ebe3d1488023a26ec5b50b4e6a71f6b		No	asian_rice_panel_extraction_or_explicit_legacy_route	@{unit_id}|{original_read_name}
U935E4C1A08C6	angkor	angkor_qc_519				LV7008879788	shotgun		sample	shotgun	raw_qc_collapsed	/home/scratch/yinmt_rice/data/angkor_qc_collapsed/Lib_LV7008879788_collapsed.fastq.gz		No	crosswalk_if_needed_then_asian_rice_panel_extraction	@{unit_id}|{original_read_name}
U936088DFA7D6	angkor	angkor_qc_519				LV7008879817	shotgun		sample	shotgun	raw_qc_collapsed	/home/scratch/yinmt_rice/data/angkor_qc_collapsed/Lib_LV7008879817_collapsed.fastq.gz		No	crosswalk_if_needed_then_asian_rice_panel_extraction	@{unit_id}|{original_read_name}
U938072B7EDD4	angkor	angkor_original_capture_16	LV3006007231	LV3006007231	LV7008416407	LV7009024089	capture	RicePanel1	sample	angkor_legacy_capture_panel1	asian_candidate_fastq	/home/scratch/yinmt202607/tests/param_matrix_bt2_vs_bwa/00.extraction/bt2_new/fastq/LV7008416407_RicePanel1.bt2new.fastq.gz		Yes	tag_pool_competitive_mapping_besthit	@{unit_id}|{original_read_name}
U9394329A0433	angkor	angkor_qc_519				LV7008879169	shotgun		sample	shotgun	raw_qc_collapsed	/home/scratch/yinmt_rice/data/angkor_qc_collapsed/Lib_LV7008879169_collapsed.fastq.gz		No	crosswalk_if_needed_then_asian_rice_panel_extraction	@{unit_id}|{original_read_name}
U943F1B26B2C8	angkor	angkor_qc_519	LV3006121050	LV3006121050	LV6000654725	LV7008879251	shotgun		sample	shotgun	raw_qc_collapsed	/home/scratch/yinmt_rice/data/angkor_qc_collapsed/Lib_LV7008879251_collapsed.fastq.gz		No	crosswalk_if_needed_then_asian_rice_panel_extraction	@{unit_id}|{original_read_name}
U94BDF5FD5E98	angkor	angkor_qc_519				LV7008879937	shotgun		sample	shotgun	raw_qc_collapsed	/home/scratch/yinmt_rice/data/angkor_qc_collapsed/Lib_LV7008879937_collapsed.fastq.gz		No	crosswalk_if_needed_then_asian_rice_panel_extraction	@{unit_id}|{original_read_name}
U94F484A14B05	angkor	angkor_qc_519				LV7008879135	shotgun		sample	shotgun	raw_qc_collapsed	/home/scratch/yinmt_rice/data/angkor_qc_collapsed/Lib_LV7008879135_collapsed.fastq.gz		No	crosswalk_if_needed_then_asian_rice_panel_extraction	@{unit_id}|{original_read_name}
U9504B4E44050	angkor	angkor_new_capture_64	LV3006007204	LV3006007204	LV7008416370	LV7009024883	capture	RiceEProbe20Panel1	sample	angkor_new_capture_panel1	raw_PE	/home/scratch/yinmt_rice/data/angkor_another_capture_data/LV7009024883-LV7008416370-LV3006007204-RiceEProbe20Panel1captured_S24_L002_R1_001.fastq.gz	/home/scratch/yinmt_rice/data/angkor_another_capture_data/LV7009024883-LV7008416370-LV3006007204-RiceEProbe20Panel1captured_S24_L002_R2_001.fastq.gz	No	QC_then_asian_rice_panel_extraction	@{unit_id}|{original_read_name}
U952D744B31CF	angkor	angkor_qc_519	LV3006121070	LV3006121070	LV6000619927	LV7008879207	shotgun		sample	shotgun	raw_qc_collapsed	/home/scratch/yinmt_rice/data/angkor_qc_collapsed/Lib_LV7008879207_collapsed.fastq.gz		No	crosswalk_if_needed_then_asian_rice_panel_extraction	@{unit_id}|{original_read_name}
U954A651B22AC	angkor	old_shotgun_376	LV3006120706	LV3006120706	LV6000620191	LV7008890379	shotgun		sample	shotgun	IRGSP1_prefilter	/projects/caeg/data/production/LV7/008/890/LV7008890379/20250905_AHC7WJDSXF/v1.0.8/4ebe3d1488023a26ec5b50b4e6a71f6b		No	asian_rice_panel_extraction_or_explicit_legacy_route	@{unit_id}|{original_read_name}
U95824E7F160E	angkor	angkor_qc_519				LV7008879011	shotgun		sample	shotgun	raw_qc_collapsed	/home/scratch/yinmt_rice/data/angkor_qc_collapsed/Lib_LV7008879011_collapsed.fastq.gz		No	crosswalk_if_needed_then_asian_rice_panel_extraction	@{unit_id}|{original_read_name}
U959BB7E75607	angkor	angkor_new_capture_64	LV3006121016	LV3006121016	LV6000619033	LV7008879528	capture	RiceEProbe20Panel2	sample	angkor_new_capture_panel2	raw_PE	/home/scratch/yinmt_rice/data/angkor_another_capture_data/LV7008879528-LV6000619033-LV3006121016-RiceEProbe20Panel2captured_S79_L005_R1_001.fastq.gz	/home/scratch/yinmt_rice/data/angkor_another_capture_data/LV7008879528-LV6000619033-LV3006121016-RiceEProbe20Panel2captured_S79_L005_R2_001.fastq.gz	No	QC_then_asian_rice_panel_extraction	@{unit_id}|{original_read_name}
U95A06EAA622F	angkor	old_shotgun_376	LV3006121073	LV3006121073	LV6000619918	LV7008879220	shotgun		sample	shotgun	IRGSP1_prefilter	/projects/caeg/data/production/LV7/008/879/LV7008879220/20250825_BHC7THDSXF/v1.0.8/4ebe3d1488023a26ec5b50b4e6a71f6b		No	asian_rice_panel_extraction_or_explicit_legacy_route	@{unit_id}|{original_read_name}
U96CFE2F3743C	angkor	angkor_qc_519				LV7008879042	shotgun		sample	shotgun	raw_qc_collapsed	/home/scratch/yinmt_rice/data/angkor_qc_collapsed/Lib_LV7008879042_collapsed.fastq.gz		No	crosswalk_if_needed_then_asian_rice_panel_extraction	@{unit_id}|{original_read_name}
U96E3D19B27A6	angkor	angkor_qc_519				LV7008879986	shotgun		sample	shotgun	raw_qc_collapsed	/home/scratch/yinmt_rice/data/angkor_qc_collapsed/Lib_LV7008879986_collapsed.fastq.gz		No	crosswalk_if_needed_then_asian_rice_panel_extraction	@{unit_id}|{original_read_name}
U96FF79CCE6A0	angkor	angkor_qc_519	SmplNTC	SmplNTC	LV6000654694	LV7008879275	shotgun		library_NTC	shotgun	raw_qc_collapsed	/home/scratch/yinmt_rice/data/angkor_qc_collapsed/Lib_LV7008879275_collapsed.fastq.gz		No	crosswalk_if_needed_then_asian_rice_panel_extraction	@{unit_id}|{original_read_name}
U973E36AD5F20	angkor	angkor_qc_519	LV3006121039	LV3006121039	LV6000619522	LV7008879505	shotgun		sample	shotgun	raw_qc_collapsed	/home/scratch/yinmt_rice/data/angkor_qc_collapsed/Lib_LV7008879505_collapsed.fastq.gz		No	crosswalk_if_needed_then_asian_rice_panel_extraction	@{unit_id}|{original_read_name}
U9745B645B415	nanzuo	nanzuo_asian_extract	YWL1-A3489				shotgun		sample	nanzuo_shotgun	asian_candidate_fastq	/home/scratch/yinmt_rice/data/nanzuo_extract/shotgun/YWL1-A3489.bt2.primary_mapped.fastq.gz		Yes	tag_pool_competitive_mapping_besthit	@{unit_id}|{original_read_name}
U97847DF0929A	angkor	angkor_qc_519				LV7008879769	shotgun		sample	shotgun	raw_qc_collapsed	/home/scratch/yinmt_rice/data/angkor_qc_collapsed/Lib_LV7008879769_collapsed.fastq.gz		No	crosswalk_if_needed_then_asian_rice_panel_extraction	@{unit_id}|{original_read_name}
U9799D09D50E5	angkor	old_shotgun_376	LV3005573877	LV3005573877	LV7005225786	LV7001902952	shotgun		sample	shotgun	IRGSP1_prefilter	/projects/caeg/data/production/LV7/001/902/LV7001902952/20230414_BHMGMJDSX5/v1.0.8/4ebe3d1488023a26ec5b50b4e6a71f6b		No	asian_rice_panel_extraction_or_explicit_legacy_route	@{unit_id}|{original_read_name}
U97E3391B6E0F	angkor	old_shotgun_376	LV3006105280	LV3006105280	LV6000620160	LV7008890347	shotgun		sample	shotgun	IRGSP1_prefilter	/projects/caeg/data/production/LV7/008/890/LV7008890347/20250905_AHC7WJDSXF/v1.0.8/4ebe3d1488023a26ec5b50b4e6a71f6b		No	asian_rice_panel_extraction_or_explicit_legacy_route	@{unit_id}|{original_read_name}
U98154F592C6C	angkor	angkor_qc_519				LV7008879159	shotgun		sample	shotgun	raw_qc_collapsed	/home/scratch/yinmt_rice/data/angkor_qc_collapsed/Lib_LV7008879159_collapsed.fastq.gz		No	crosswalk_if_needed_then_asian_rice_panel_extraction	@{unit_id}|{original_read_name}
U983AD46F998E	nanzuo	nanzuo_asian_extract	YWL1-A3493				shotgun		sample	nanzuo_shotgun	asian_candidate_fastq	/home/scratch/yinmt_rice/data/nanzuo_extract/shotgun/YWL1-A3493.bt2.primary_mapped.fastq.gz		Yes	tag_pool_competitive_mapping_besthit	@{unit_id}|{original_read_name}
U98410837ED67	angkor	angkor_qc_519				LV7008879134	shotgun		sample	shotgun	raw_qc_collapsed	/home/scratch/yinmt_rice/data/angkor_qc_collapsed/Lib_LV7008879134_collapsed.fastq.gz		No	crosswalk_if_needed_then_asian_rice_panel_extraction	@{unit_id}|{original_read_name}
U9882302F5D30	angkor	old_shotgun_376	LV3006007233	LV3006007233	LV7008416389	LV7009022736	shotgun		sample	shotgun	IRGSP1_prefilter	/projects/caeg/data/production/LV7/009/022/LV7009022736/20240702_BH5F5KDSX7/v1.0.8/4ebe3d1488023a26ec5b50b4e6a71f6b		No	asian_rice_panel_extraction_or_explicit_legacy_route	@{unit_id}|{original_read_name}
U98C4400E1112	angkor	angkor_new_capture_64	LV3006121076	LV3006121076	LV6000619888	LV7008879219	capture	RiceEProbe20Panel2	sample	angkor_new_capture_panel2	raw_PE	/home/scratch/yinmt_rice/data/angkor_another_capture_data/LV7008879219-LV6000619888-LV3006121076-RiceEProbe20Panel2captured_S57_L004_R1_001.fastq.gz	/home/scratch/yinmt_rice/data/angkor_another_capture_data/LV7008879219-LV6000619888-LV3006121076-RiceEProbe20Panel2captured_S57_L004_R2_001.fastq.gz	No	QC_then_asian_rice_panel_extraction	@{unit_id}|{original_read_name}
U9914432D62B3	angkor	angkor_qc_519				LV7008879880	shotgun		sample	shotgun	raw_qc_collapsed	/home/scratch/yinmt_rice/data/angkor_qc_collapsed/Lib_LV7008879880_collapsed.fastq.gz		No	crosswalk_if_needed_then_asian_rice_panel_extraction	@{unit_id}|{original_read_name}
U993C225736CB	angkor	old_shotgun_376	LV3006120636	LV3006120636	LV6000619892	LV7008879234	shotgun		sample	shotgun	IRGSP1_prefilter	/projects/caeg/data/production/LV7/008/879/LV7008879234/20250825_BHC7THDSXF/v1.0.8/4ebe3d1488023a26ec5b50b4e6a71f6b		No	asian_rice_panel_extraction_or_explicit_legacy_route	@{unit_id}|{original_read_name}
U994762D7F37C	angkor	angkor_qc_519				LV7008879858	shotgun		sample	shotgun	raw_qc_collapsed	/home/scratch/yinmt_rice/data/angkor_qc_collapsed/Lib_LV7008879858_collapsed.fastq.gz		No	crosswalk_if_needed_then_asian_rice_panel_extraction	@{unit_id}|{original_read_name}
U9966F148AB5B	angkor	old_shotgun_376	LV3006120666	LV3006120666	LV6000619913	LV7008879248	shotgun		sample	shotgun	IRGSP1_prefilter	/projects/caeg/data/production/LV7/008/879/LV7008879248/20250825_BHC7THDSXF/v1.0.8/4ebe3d1488023a26ec5b50b4e6a71f6b		No	asian_rice_panel_extraction_or_explicit_legacy_route	@{unit_id}|{original_read_name}
U99909461D308	angkor	old_shotgun_376	LV3006121042	LV3006121042	LV6000654628	LV7008879249	shotgun		sample	shotgun	IRGSP1_prefilter	/projects/caeg/data/production/LV7/008/879/LV7008879249/20250903_BHC5NVDSXF/v1.0.8/4ebe3d1488023a26ec5b50b4e6a71f6b		No	asian_rice_panel_extraction_or_explicit_legacy_route	@{unit_id}|{original_read_name}
U9A3E7C60E4A7	angkor	old_shotgun_376	LV3006007302	LV3006007302	LV7008416341	LV7009021866	shotgun		sample	shotgun	IRGSP1_prefilter	/projects/caeg/data/production/LV7/009/021/LV7009021866/20240704_BH5FCVDSX7/v1.0.8/4ebe3d1488023a26ec5b50b4e6a71f6b		No	asian_rice_panel_extraction_or_explicit_legacy_route	@{unit_id}|{original_read_name}
U9A41EC6890E9	angkor	angkor_qc_519	LV3006120779	LV3006120779	LV6000200261	LV7008879497	shotgun		sample	shotgun	raw_qc_collapsed	/home/scratch/yinmt_rice/data/angkor_qc_collapsed/Lib_LV7008879497_collapsed.fastq.gz		No	crosswalk_if_needed_then_asian_rice_panel_extraction	@{unit_id}|{original_read_name}
U9A8AFB1FF516	angkor	old_shotgun_376	LV3006006425	LV3006006425	LV7008416293	LV7009024562	shotgun		sample	shotgun	IRGSP1_prefilter	/projects/caeg/data/production/LV7/009/024/LV7009024562/20240724_BH5F2GDSX7/v1.0.8/4ebe3d1488023a26ec5b50b4e6a71f6b		No	asian_rice_panel_extraction_or_explicit_legacy_route	@{unit_id}|{original_read_name}
U9B6F4156E752	angkor	old_shotgun_376	LV3006121043	LV3006121043	LV6000654688	LV7008879213	shotgun		sample	shotgun	IRGSP1_prefilter	/projects/caeg/data/production/LV7/008/879/LV7008879213/20250903_BHC5NVDSXF/v1.0.8/4ebe3d1488023a26ec5b50b4e6a71f6b		No	asian_rice_panel_extraction_or_explicit_legacy_route	@{unit_id}|{original_read_name}
U9C0656A5319A	angkor	old_shotgun_376	LV3006121028	LV3006121028	LV6000619529	LV7008879542	shotgun		sample	shotgun	IRGSP1_prefilter	/projects/caeg/data/production/LV7/008/879/LV7008879542/20250829_BHC5GYDSXF/v1.0.8/4ebe3d1488023a26ec5b50b4e6a71f6b		No	asian_rice_panel_extraction_or_explicit_legacy_route	@{unit_id}|{original_read_name}
U9C0C2161C906	angkor	old_shotgun_376	LV3006120663	LV3006120663	LV6000619982	LV7008890411	shotgun		sample	shotgun	IRGSP1_prefilter	/projects/caeg/data/production/LV7/008/890/LV7008890411/20250827_BHCMGWDSXF/v1.0.8/4ebe3d1488023a26ec5b50b4e6a71f6b		No	asian_rice_panel_extraction_or_explicit_legacy_route	@{unit_id}|{original_read_name}
U9C64FFD65A35	angkor	angkor_qc_519				LV7008879150	shotgun		sample	shotgun	raw_qc_collapsed	/home/scratch/yinmt_rice/data/angkor_qc_collapsed/Lib_LV7008879150_collapsed.fastq.gz		No	crosswalk_if_needed_then_asian_rice_panel_extraction	@{unit_id}|{original_read_name}
U9C7B88B1D83D	angkor	angkor_qc_519				LV7008879964	shotgun		sample	shotgun	raw_qc_collapsed	/home/scratch/yinmt_rice/data/angkor_qc_collapsed/Lib_LV7008879964_collapsed.fastq.gz		No	crosswalk_if_needed_then_asian_rice_panel_extraction	@{unit_id}|{original_read_name}
U9C83A4895373	angkor	angkor_new_capture_64	LV3006121083	LV3006121083	LV6000619904	LV7008879243	capture	RiceEProbe20Panel2	sample	angkor_new_capture_panel2	raw_PE	/home/scratch/yinmt_rice/data/angkor_another_capture_data/LV7008879243-LV6000619904-LV3006121083-RiceEProbe20Panel2captured_S59_L004_R1_001.fastq.gz	/home/scratch/yinmt_rice/data/angkor_another_capture_data/LV7008879243-LV6000619904-LV3006121083-RiceEProbe20Panel2captured_S59_L004_R2_001.fastq.gz	No	QC_then_asian_rice_panel_extraction	@{unit_id}|{original_read_name}
U9C8A447C0843	nanzuo	nanzuo_asian_extract	YWL1-A3487				shotgun		sample	nanzuo_shotgun	asian_candidate_fastq	/home/scratch/yinmt_rice/data/nanzuo_extract/shotgun/YWL1-A3487.bt2.primary_mapped.fastq.gz		Yes	tag_pool_competitive_mapping_besthit	@{unit_id}|{original_read_name}
U9C8CF737C8DC	angkor	old_shotgun_376	LV3006007295	LV3006007295	LV7008416356	LV7008957215	shotgun		sample	shotgun	IRGSP1_prefilter	/projects/caeg/data/production/LV7/008/957/LV7008957215/20240704_BH5FCVDSX7/v1.0.8/4ebe3d1488023a26ec5b50b4e6a71f6b		No	asian_rice_panel_extraction_or_explicit_legacy_route	@{unit_id}|{original_read_name}
U9CBE9BD6E68C	angkor	old_shotgun_376	LV3006121080	LV3006121080	LV6000654722	LV7008879229	shotgun		sample	shotgun	IRGSP1_prefilter	/projects/caeg/data/production/LV7/008/879/LV7008879229/20250903_BHC5NVDSXF/v1.0.8/4ebe3d1488023a26ec5b50b4e6a71f6b		No	asian_rice_panel_extraction_or_explicit_legacy_route	@{unit_id}|{original_read_name}
U9CE01D8ECBD1	angkor	angkor_qc_519	LV3006120781	LV3006120781	LV6000200268	LV7008879534	shotgun		sample	shotgun	raw_qc_collapsed	/home/scratch/yinmt_rice/data/angkor_qc_collapsed/Lib_LV7008879534_collapsed.fastq.gz		No	crosswalk_if_needed_then_asian_rice_panel_extraction	@{unit_id}|{original_read_name}
U9D1FBDB68596	angkor	angkor_qc_519	LV3006121089	LV3006121089	LV6000654689	LV7008879206	shotgun		sample	shotgun	raw_qc_collapsed	/home/scratch/yinmt_rice/data/angkor_qc_collapsed/Lib_LV7008879206_collapsed.fastq.gz		No	crosswalk_if_needed_then_asian_rice_panel_extraction	@{unit_id}|{original_read_name}
U9DA4AF2C2E1F	angkor	angkor_new_capture_64	LV3006007185	LV3006007185	LV7008416320	LV7008955282	capture	RiceEProbe20Panel1	sample	angkor_new_capture_panel1	raw_PE	/home/scratch/yinmt_rice/data/angkor_another_capture_data/LV7008955282-LV7008416320-LV3006007185-RiceEProbe20Panel1captured_S27_L002_R1_001.fastq.gz	/home/scratch/yinmt_rice/data/angkor_another_capture_data/LV7008955282-LV7008416320-LV3006007185-RiceEProbe20Panel1captured_S27_L002_R2_001.fastq.gz	No	QC_then_asian_rice_panel_extraction	@{unit_id}|{original_read_name}
U9DB758524B4A	angkor	angkor_qc_519	LV3006120740	LV3006120740	LV6000202538	LV7008879507	shotgun		sample	shotgun	raw_qc_collapsed	/home/scratch/yinmt_rice/data/angkor_qc_collapsed/Lib_LV7008879507_collapsed.fastq.gz		No	crosswalk_if_needed_then_asian_rice_panel_extraction	@{unit_id}|{original_read_name}
U9DC899C4C1D4	nanzuo	nanzuo_asian_extract	YWL1-A3500		LV7005227378	LV7008960217	popgen		sample	nanzuo_popgen	asian_candidate_fastq	/home/scratch/yinmt_rice/data/nanzuo_extract/popgen/YWL1-A3500.bt2.primary_mapped.fastq.gz		Yes	tag_pool_competitive_mapping_besthit	@{unit_id}|{original_read_name}
U9DF04413E130	angkor	old_shotgun_376	LV3006007191	LV3006007191	LV7008416328	LV7008957310	shotgun		sample	shotgun	IRGSP1_prefilter	/projects/caeg/data/production/LV7/008/957/LV7008957310/20240704_BH5FCVDSX7/v1.0.8/4ebe3d1488023a26ec5b50b4e6a71f6b		No	asian_rice_panel_extraction_or_explicit_legacy_route	@{unit_id}|{original_read_name}
U9E2100DD0DC9	angkor	angkor_qc_519				LV7008879111	shotgun		sample	shotgun	raw_qc_collapsed	/home/scratch/yinmt_rice/data/angkor_qc_collapsed/Lib_LV7008879111_collapsed.fastq.gz		No	crosswalk_if_needed_then_asian_rice_panel_extraction	@{unit_id}|{original_read_name}
U9E411C6570E2	angkor	angkor_qc_519				LV7008879877	shotgun		sample	shotgun	raw_qc_collapsed	/home/scratch/yinmt_rice/data/angkor_qc_collapsed/Lib_LV7008879877_collapsed.fastq.gz		No	crosswalk_if_needed_then_asian_rice_panel_extraction	@{unit_id}|{original_read_name}
U9E5E9DBB2BC3	angkor	angkor_qc_519				LV7008879909	shotgun		sample	shotgun	raw_qc_collapsed	/home/scratch/yinmt_rice/data/angkor_qc_collapsed/Lib_LV7008879909_collapsed.fastq.gz		No	crosswalk_if_needed_then_asian_rice_panel_extraction	@{unit_id}|{original_read_name}
U9E8BB8A60829	angkor	old_shotgun_376	LV3006121014	LV3006121014	LV6000619500	LV7008879516	shotgun		sample	shotgun	IRGSP1_prefilter	/projects/caeg/data/production/LV7/008/879/LV7008879516/20250829_BHC5GYDSXF/v1.0.8/4ebe3d1488023a26ec5b50b4e6a71f6b		No	asian_rice_panel_extraction_or_explicit_legacy_route	@{unit_id}|{original_read_name}
U9E91CF4ED2E4	angkor	angkor_qc_519				LV7008879125	shotgun		sample	shotgun	raw_qc_collapsed	/home/scratch/yinmt_rice/data/angkor_qc_collapsed/Lib_LV7008879125_collapsed.fastq.gz		No	crosswalk_if_needed_then_asian_rice_panel_extraction	@{unit_id}|{original_read_name}
U9EA70156F525	angkor	angkor_qc_519	LV3006121067	LV3006121067	LV6000654693	LV7008879203	shotgun		sample	shotgun	raw_qc_collapsed	/home/scratch/yinmt_rice/data/angkor_qc_collapsed/Lib_LV7008879203_collapsed.fastq.gz		No	crosswalk_if_needed_then_asian_rice_panel_extraction	@{unit_id}|{original_read_name}
U9EFB6940C9C1	angkor	old_shotgun_376	LV3006121019	LV3006121019	LV6000619493	LV7008877323	shotgun		sample	shotgun	IRGSP1_prefilter	/projects/caeg/data/production/LV7/008/877/LV7008877323/20250829_BHC5GYDSXF/v1.0.8/4ebe3d1488023a26ec5b50b4e6a71f6b		No	asian_rice_panel_extraction_or_explicit_legacy_route	@{unit_id}|{original_read_name}
U9F6104ECA0D9	angkor	angkor_new_capture_64	LV3006120647	LV3006120647	LV6000619908	LV7008879258	capture	RiceEProbe20Panel1	sample	angkor_new_capture_panel1	raw_PE	/home/scratch/yinmt_rice/data/angkor_another_capture_data/LV7008879258-LV6000619908-LV3006120647-RiceEProbe20Panel1captured_S36_L003_R1_001.fastq.gz	/home/scratch/yinmt_rice/data/angkor_another_capture_data/LV7008879258-LV6000619908-LV3006120647-RiceEProbe20Panel1captured_S36_L003_R2_001.fastq.gz	No	QC_then_asian_rice_panel_extraction	@{unit_id}|{original_read_name}
U9FD6B4AC3933	angkor	angkor_qc_519				LV7008879178	shotgun		sample	shotgun	raw_qc_collapsed	/home/scratch/yinmt_rice/data/angkor_qc_collapsed/Lib_LV7008879178_collapsed.fastq.gz		No	crosswalk_if_needed_then_asian_rice_panel_extraction	@{unit_id}|{original_read_name}
UA007CEDE4A28	angkor	old_shotgun_376	LV3006105289	LV3006105289	LV6000620190	LV7008890348	shotgun		sample	shotgun	IRGSP1_prefilter	/projects/caeg/data/production/LV7/008/890/LV7008890348/20250905_AHC7WJDSXF/v1.0.8/4ebe3d1488023a26ec5b50b4e6a71f6b		No	asian_rice_panel_extraction_or_explicit_legacy_route	@{unit_id}|{original_read_name}
UA01AE8ABA1C2	angkor	old_shotgun_376	LV3006121016	LV3006121016	LV6000619033	LV7008879528	shotgun		sample	shotgun	IRGSP1_prefilter	/projects/caeg/data/production/LV7/008/879/LV7008879528/20250829_BHC5GYDSXF/v1.0.8/4ebe3d1488023a26ec5b50b4e6a71f6b		No	asian_rice_panel_extraction_or_explicit_legacy_route	@{unit_id}|{original_read_name}
UA029D188902E	angkor	angkor_qc_519				LV7008879853	shotgun		sample	shotgun	raw_qc_collapsed	/home/scratch/yinmt_rice/data/angkor_qc_collapsed/Lib_LV7008879853_collapsed.fastq.gz		No	crosswalk_if_needed_then_asian_rice_panel_extraction	@{unit_id}|{original_read_name}
UA06AB25A49C2	angkor	old_shotgun_376	LV3006120649	LV3006120649	LV6000619923	LV7008879210	shotgun		sample	shotgun	IRGSP1_prefilter	/projects/caeg/data/production/LV7/008/879/LV7008879210/20250825_BHC7THDSXF/v1.0.8/4ebe3d1488023a26ec5b50b4e6a71f6b		No	asian_rice_panel_extraction_or_explicit_legacy_route	@{unit_id}|{original_read_name}
UA16F2B93DEF9	angkor	old_shotgun_376	LV3006006392	LV3006006392	LV7008416284	LV7008958343	shotgun		sample	shotgun	IRGSP1_prefilter	/projects/caeg/data/production/LV7/008/958/LV7008958343/20240724_BH5F2GDSX7/v1.0.8/4ebe3d1488023a26ec5b50b4e6a71f6b		No	asian_rice_panel_extraction_or_explicit_legacy_route	@{unit_id}|{original_read_name}
UA1892216C440	angkor	old_shotgun_376	LV3006121041	LV3006121041	LV6000619513	LV7008879518	shotgun		sample	shotgun	IRGSP1_prefilter	/projects/caeg/data/production/LV7/008/879/LV7008879518/20250829_BHC5GYDSXF/v1.0.8/4ebe3d1488023a26ec5b50b4e6a71f6b		No	asian_rice_panel_extraction_or_explicit_legacy_route	@{unit_id}|{original_read_name}
UA1E60B022D14	angkor	angkor_qc_519				LV7008879958	shotgun		sample	shotgun	raw_qc_collapsed	/home/scratch/yinmt_rice/data/angkor_qc_collapsed/Lib_LV7008879958_collapsed.fastq.gz		No	crosswalk_if_needed_then_asian_rice_panel_extraction	@{unit_id}|{original_read_name}
UA24FABF0D7B6	angkor	old_shotgun_376	LV3006120720	LV3006120720	LV6000619977	LV7008890330	shotgun		sample	shotgun	IRGSP1_prefilter	/projects/caeg/data/production/LV7/008/890/LV7008890330/20250827_BHCMGWDSXF/v1.0.8/4ebe3d1488023a26ec5b50b4e6a71f6b		No	asian_rice_panel_extraction_or_explicit_legacy_route	@{unit_id}|{original_read_name}
UA2C5133FEDF5	angkor	angkor_qc_519				LV7008879883	shotgun		sample	shotgun	raw_qc_collapsed	/home/scratch/yinmt_rice/data/angkor_qc_collapsed/Lib_LV7008879883_collapsed.fastq.gz		No	crosswalk_if_needed_then_asian_rice_panel_extraction	@{unit_id}|{original_read_name}
UA2E271777D10	angkor	angkor_qc_519				LV7008879868	shotgun		sample	shotgun	raw_qc_collapsed	/home/scratch/yinmt_rice/data/angkor_qc_collapsed/Lib_LV7008879868_collapsed.fastq.gz		No	crosswalk_if_needed_then_asian_rice_panel_extraction	@{unit_id}|{original_read_name}
UA2FCFD9220C9	angkor	angkor_qc_519				LV7008879891	shotgun		sample	shotgun	raw_qc_collapsed	/home/scratch/yinmt_rice/data/angkor_qc_collapsed/Lib_LV7008879891_collapsed.fastq.gz		No	crosswalk_if_needed_then_asian_rice_panel_extraction	@{unit_id}|{original_read_name}
UA30878913266	angkor	angkor_qc_519				LV7008879956	shotgun		sample	shotgun	raw_qc_collapsed	/home/scratch/yinmt_rice/data/angkor_qc_collapsed/Lib_LV7008879956_collapsed.fastq.gz		No	crosswalk_if_needed_then_asian_rice_panel_extraction	@{unit_id}|{original_read_name}
UA3139D26F266	angkor	angkor_qc_519	LV3006122002	LV3006122002	LV6000200259	LV7008879547	shotgun		sample	shotgun	raw_qc_collapsed	/home/scratch/yinmt_rice/data/angkor_qc_collapsed/Lib_LV7008879547_collapsed.fastq.gz		No	crosswalk_if_needed_then_asian_rice_panel_extraction	@{unit_id}|{original_read_name}
UA338B458C7D9	angkor	old_shotgun_376	LV3006105274	LV3006105274	LV6000620172	LV7008890359	shotgun		sample	shotgun	IRGSP1_prefilter	/projects/caeg/data/production/LV7/008/890/LV7008890359/20250905_AHC7WJDSXF/v1.0.8/4ebe3d1488023a26ec5b50b4e6a71f6b		No	asian_rice_panel_extraction_or_explicit_legacy_route	@{unit_id}|{original_read_name}
UA357998A61F7	angkor	old_shotgun_376	LV3006006400	LV3006006400	LV7008416303	LV7009027833	shotgun		sample	shotgun	IRGSP1_prefilter	/projects/caeg/data/production/LV7/009/027/LV7009027833/20240724_BH5F2GDSX7/v1.0.8/4ebe3d1488023a26ec5b50b4e6a71f6b		No	asian_rice_panel_extraction_or_explicit_legacy_route	@{unit_id}|{original_read_name}
UA371F2F37349	angkor	angkor_new_capture_64	LV3006105276	LV3006105276	LV6000620195	LV7008890333	capture	RiceEProbe20Panel2	sample	angkor_new_capture_panel2	raw_PE	/home/scratch/yinmt_rice/data/angkor_another_capture_data/LV7008890333-LV6000620195-LV3006105276-RiceEProbe20Panel2captured_S114_L008_R1_001.fastq.gz	/home/scratch/yinmt_rice/data/angkor_another_capture_data/LV7008890333-LV6000620195-LV3006105276-RiceEProbe20Panel2captured_S114_L008_R2_001.fastq.gz	No	QC_then_asian_rice_panel_extraction	@{unit_id}|{original_read_name}
UA3766C2A9402	angkor	angkor_qc_519				LV7008879126	shotgun		sample	shotgun	raw_qc_collapsed	/home/scratch/yinmt_rice/data/angkor_qc_collapsed/Lib_LV7008879126_collapsed.fastq.gz		No	crosswalk_if_needed_then_asian_rice_panel_extraction	@{unit_id}|{original_read_name}
UA394F7E43F65	angkor	angkor_qc_519	LV3006121042	LV3006121042	LV6000654628	LV7008879249	shotgun		sample	shotgun	raw_qc_collapsed	/home/scratch/yinmt_rice/data/angkor_qc_collapsed/Lib_LV7008879249_collapsed.fastq.gz		No	crosswalk_if_needed_then_asian_rice_panel_extraction	@{unit_id}|{original_read_name}
UA3CB926C0056	angkor	old_shotgun_376	LV3006009966	LV3006009966	LV7008416390	LV7009024105	shotgun		sample	shotgun	IRGSP1_prefilter	/projects/caeg/data/production/LV7/009/024/LV7009024105/20240702_BH5F5KDSX7/v1.0.8/4ebe3d1488023a26ec5b50b4e6a71f6b		No	asian_rice_panel_extraction_or_explicit_legacy_route	@{unit_id}|{original_read_name}
UA3D1EC15343A	nanzuo	nanzuo_asian_extract	YWL1-A3485		LV7005227363	LV7008960265	popgen		sample	nanzuo_popgen	asian_candidate_fastq	/home/scratch/yinmt_rice/data/nanzuo_extract/popgen/YWL1-A3485.bt2.primary_mapped.fastq.gz		Yes	tag_pool_competitive_mapping_besthit	@{unit_id}|{original_read_name}
UA41620DABE6D	angkor	angkor_qc_519				LV7008879918	shotgun		sample	shotgun	raw_qc_collapsed	/home/scratch/yinmt_rice/data/angkor_qc_collapsed/Lib_LV7008879918_collapsed.fastq.gz		No	crosswalk_if_needed_then_asian_rice_panel_extraction	@{unit_id}|{original_read_name}
UA45941ACE893	angkor	angkor_qc_519				LV7008879054	shotgun		sample	shotgun	raw_qc_collapsed	/home/scratch/yinmt_rice/data/angkor_qc_collapsed/Lib_LV7008879054_collapsed.fastq.gz		No	crosswalk_if_needed_then_asian_rice_panel_extraction	@{unit_id}|{original_read_name}
UA49C2372F7D9	mcp	mcp_reshotgun	proxy20260303205		LV6000655573	LV7008865127	shotgun		sample	shotgun	raw_bbduk	/home/scratch/yinmt202607/4.mcp_reshotgun/data/reads/LV7008865127-LV6000655573-proxy20260303205_S138.bbduk.lowcomp_filtered.fq		No	asian_rice_panel_extraction_then_tag_pool_besthit	@{unit_id}|{original_read_name}
UA534E9A1DE13	angkor	old_shotgun_376	LV3006121054	LV3006121054	LV6000654715	LV7008879192	shotgun		sample	shotgun	IRGSP1_prefilter	/projects/caeg/data/production/LV7/008/879/LV7008879192/20250903_BHC5NVDSXF/v1.0.8/4ebe3d1488023a26ec5b50b4e6a71f6b		No	asian_rice_panel_extraction_or_explicit_legacy_route	@{unit_id}|{original_read_name}
UA53AED358757	angkor	old_shotgun_376	LV3006120713	LV3006120713	LV6000620009	LV7008890354	shotgun		sample	shotgun	IRGSP1_prefilter	/projects/caeg/data/production/LV7/008/890/LV7008890354/20250827_BHCMGWDSXF/v1.0.8/4ebe3d1488023a26ec5b50b4e6a71f6b		No	asian_rice_panel_extraction_or_explicit_legacy_route	@{unit_id}|{original_read_name}
UA55FB3E614F6	angkor	angkor_qc_519				LV7008879981	shotgun		sample	shotgun	raw_qc_collapsed	/home/scratch/yinmt_rice/data/angkor_qc_collapsed/Lib_LV7008879981_collapsed.fastq.gz		No	crosswalk_if_needed_then_asian_rice_panel_extraction	@{unit_id}|{original_read_name}
UA56EBF6AC064	angkor	angkor_qc_519	LV3006121009	LV3006121009	LV6000619509	LV7008879503	shotgun		sample	shotgun	raw_qc_collapsed	/home/scratch/yinmt_rice/data/angkor_qc_collapsed/Lib_LV7008879503_collapsed.fastq.gz		No	crosswalk_if_needed_then_asian_rice_panel_extraction	@{unit_id}|{original_read_name}
UA594DFCB467D	angkor	angkor_new_capture_64	LV3006121023	LV3006121023	LV6000619497	LV7008879494	capture	RiceEProbe20Panel2	sample	angkor_new_capture_panel2	raw_PE	/home/scratch/yinmt_rice/data/angkor_another_capture_data/LV7008879494-LV6000619497-LV3006121023-RiceEProbe20Panel2captured_S128_L008_R1_001.fastq.gz	/home/scratch/yinmt_rice/data/angkor_another_capture_data/LV7008879494-LV6000619497-LV3006121023-RiceEProbe20Panel2captured_S128_L008_R2_001.fastq.gz	No	QC_then_asian_rice_panel_extraction	@{unit_id}|{original_read_name}
UA5A00AC5065E	angkor	angkor_original_capture_16	LV3006006423	LV3006006423	LV7008416294	LV7009026578	capture	RicePanel1	sample	angkor_legacy_capture_panel1	asian_candidate_fastq	/home/scratch/yinmt202607/tests/param_matrix_bt2_vs_bwa/00.extraction/bt2_new/fastq/LV7008416294_RicePanel1.bt2new.fastq.gz		Yes	tag_pool_competitive_mapping_besthit	@{unit_id}|{original_read_name}
UA5B6E5C107B3	angkor	angkor_qc_519				LV7008879988	shotgun		sample	shotgun	raw_qc_collapsed	/home/scratch/yinmt_rice/data/angkor_qc_collapsed/Lib_LV7008879988_collapsed.fastq.gz		No	crosswalk_if_needed_then_asian_rice_panel_extraction	@{unit_id}|{original_read_name}
UA5D509D7FB84	angkor	old_shotgun_376	LV3006121023	LV3006121023	LV6000619497	LV7008879494	shotgun		sample	shotgun	IRGSP1_prefilter	/projects/caeg/data/production/LV7/008/879/LV7008879494/20250829_BHC5GYDSXF/v1.0.8/4ebe3d1488023a26ec5b50b4e6a71f6b		No	asian_rice_panel_extraction_or_explicit_legacy_route	@{unit_id}|{original_read_name}
UA6DED728DA1C	angkor	old_shotgun_376	LV3006121013	LV3006121013	LV6000619523	LV7008879480	shotgun		sample	shotgun	IRGSP1_prefilter	/projects/caeg/data/production/LV7/008/879/LV7008879480/20250829_BHC5GYDSXF/v1.0.8/4ebe3d1488023a26ec5b50b4e6a71f6b		No	asian_rice_panel_extraction_or_explicit_legacy_route	@{unit_id}|{original_read_name}
UA7C059FC4DE8	angkor	old_shotgun_376	LV3006120644	LV3006120644	LV6000619914	LV7008879223	shotgun		sample	shotgun	IRGSP1_prefilter	/projects/caeg/data/production/LV7/008/879/LV7008879223/20250825_BHC7THDSXF/v1.0.8/4ebe3d1488023a26ec5b50b4e6a71f6b		No	asian_rice_panel_extraction_or_explicit_legacy_route	@{unit_id}|{original_read_name}
UA80FA7DDE691	angkor	angkor_new_capture_64	LV3006121060	LV3006121060	LV6000654723	LV7008879204	capture	RiceEProbe20Panel1	sample	angkor_new_capture_panel1	raw_PE	/home/scratch/yinmt_rice/data/angkor_another_capture_data/LV7008879204-LV6000654723-LV3006121060-RiceEProbe20Panel1captured_S45_L003_R1_001.fastq.gz	/home/scratch/yinmt_rice/data/angkor_another_capture_data/LV7008879204-LV6000654723-LV3006121060-RiceEProbe20Panel1captured_S45_L003_R2_001.fastq.gz	No	QC_then_asian_rice_panel_extraction	@{unit_id}|{original_read_name}
UA824300B676C	angkor	angkor_qc_519				LV7008879836	shotgun		sample	shotgun	raw_qc_collapsed	/home/scratch/yinmt_rice/data/angkor_qc_collapsed/Lib_LV7008879836_collapsed.fastq.gz		No	crosswalk_if_needed_then_asian_rice_panel_extraction	@{unit_id}|{original_read_name}
UA8DE25B7ABA8	angkor	angkor_new_capture_64	LV3006121027	LV3006121027	LV6000619514	LV7008879493	capture	RiceEProbe20Panel2	sample	angkor_new_capture_panel2	raw_PE	/home/scratch/yinmt_rice/data/angkor_another_capture_data/LV7008879493-LV6000619514-LV3006121027-RiceEProbe20Panel2captured_S76_L005_R1_001.fastq.gz	/home/scratch/yinmt_rice/data/angkor_another_capture_data/LV7008879493-LV6000619514-LV3006121027-RiceEProbe20Panel2captured_S76_L005_R2_001.fastq.gz	No	QC_then_asian_rice_panel_extraction	@{unit_id}|{original_read_name}
UA916F50A40D9	angkor	old_shotgun_376	LV3006120629	LV3006120629	LV6000619885	LV7008879197	shotgun		sample	shotgun	IRGSP1_prefilter	/projects/caeg/data/production/LV7/008/879/LV7008879197/20250825_BHC7THDSXF/v1.0.8/4ebe3d1488023a26ec5b50b4e6a71f6b		No	asian_rice_panel_extraction_or_explicit_legacy_route	@{unit_id}|{original_read_name}
UA95E9733DF12	angkor	angkor_qc_519				LV7008879955	shotgun		sample	shotgun	raw_qc_collapsed	/home/scratch/yinmt_rice/data/angkor_qc_collapsed/Lib_LV7008879955_collapsed.fastq.gz		No	crosswalk_if_needed_then_asian_rice_panel_extraction	@{unit_id}|{original_read_name}
UA97047D8271E	angkor	old_shotgun_376	LV3006121012	LV3006121012	LV6000619501	LV7008879491	shotgun		sample	shotgun	IRGSP1_prefilter	/projects/caeg/data/production/LV7/008/879/LV7008879491/20250829_BHC5GYDSXF/v1.0.8/4ebe3d1488023a26ec5b50b4e6a71f6b		No	asian_rice_panel_extraction_or_explicit_legacy_route	@{unit_id}|{original_read_name}
UA97CB37F2F2A	angkor	angkor_qc_519				LV7008879131	shotgun		sample	shotgun	raw_qc_collapsed	/home/scratch/yinmt_rice/data/angkor_qc_collapsed/Lib_LV7008879131_collapsed.fastq.gz		No	crosswalk_if_needed_then_asian_rice_panel_extraction	@{unit_id}|{original_read_name}
UA99321757D37	angkor	angkor_qc_519	LV3006121033	LV3006121033	LV6000619530	LV7008879517	shotgun		sample	shotgun	raw_qc_collapsed	/home/scratch/yinmt_rice/data/angkor_qc_collapsed/Lib_LV7008879517_collapsed.fastq.gz		No	crosswalk_if_needed_then_asian_rice_panel_extraction	@{unit_id}|{original_read_name}
UA99F70ECA9E3	angkor	old_shotgun_376	LV3006121022	LV3006121022	LV6000619498	LV7008879566	shotgun		sample	shotgun	IRGSP1_prefilter	/projects/caeg/data/production/LV7/008/879/LV7008879566/20250829_BHC5GYDSXF/v1.0.8/4ebe3d1488023a26ec5b50b4e6a71f6b		No	asian_rice_panel_extraction_or_explicit_legacy_route	@{unit_id}|{original_read_name}
UA9B8E5268A17	angkor	angkor_qc_519				LV7008879100	shotgun		sample	shotgun	raw_qc_collapsed	/home/scratch/yinmt_rice/data/angkor_qc_collapsed/Lib_LV7008879100_collapsed.fastq.gz		No	crosswalk_if_needed_then_asian_rice_panel_extraction	@{unit_id}|{original_read_name}
UA9C3CFA03071	angkor	angkor_qc_519	LV3006121028	LV3006121028	LV6000619529	LV7008879542	shotgun		sample	shotgun	raw_qc_collapsed	/home/scratch/yinmt_rice/data/angkor_qc_collapsed/Lib_LV7008879542_collapsed.fastq.gz		No	crosswalk_if_needed_then_asian_rice_panel_extraction	@{unit_id}|{original_read_name}
UA9D2F2EDB3AE	angkor	angkor_qc_519	LV3006120780	LV3006120780	LV6000200229	LV7008879485	shotgun		sample	shotgun	raw_qc_collapsed	/home/scratch/yinmt_rice/data/angkor_qc_collapsed/Lib_LV7008879485_collapsed.fastq.gz		No	crosswalk_if_needed_then_asian_rice_panel_extraction	@{unit_id}|{original_read_name}
UAA47F3B574C6	angkor	old_shotgun_376	LV3006120669	LV3006120669	LV6000620043	LV7008890399	shotgun		sample	shotgun	IRGSP1_prefilter	/projects/caeg/data/production/LV7/008/890/LV7008890399/20250827_BHCMGWDSXF/v1.0.8/4ebe3d1488023a26ec5b50b4e6a71f6b		No	asian_rice_panel_extraction_or_explicit_legacy_route	@{unit_id}|{original_read_name}
UAA977B8FF1D6	angkor	old_shotgun_376	LV3006121038	LV3006121038	LV6000619491	LV7008879529	shotgun		sample	shotgun	IRGSP1_prefilter	/projects/caeg/data/production/LV7/008/879/LV7008879529/20250829_BHC5GYDSXF/v1.0.8/4ebe3d1488023a26ec5b50b4e6a71f6b		No	asian_rice_panel_extraction_or_explicit_legacy_route	@{unit_id}|{original_read_name}
UAAA206B3F005	angkor	angkor_qc_519				LV7008879884	shotgun		sample	shotgun	raw_qc_collapsed	/home/scratch/yinmt_rice/data/angkor_qc_collapsed/Lib_LV7008879884_collapsed.fastq.gz		No	crosswalk_if_needed_then_asian_rice_panel_extraction	@{unit_id}|{original_read_name}
UAAABE59F9857	angkor	angkor_qc_519	LV3006120786	LV3006120786	LV6000200284	LV7008879558	shotgun		sample	shotgun	raw_qc_collapsed	/home/scratch/yinmt_rice/data/angkor_qc_collapsed/Lib_LV7008879558_collapsed.fastq.gz		No	crosswalk_if_needed_then_asian_rice_panel_extraction	@{unit_id}|{original_read_name}
UAB1098981A4F	angkor	angkor_qc_519	LV3006120640	LV3006120640	LV6000619886	LV7008879269	shotgun		sample	shotgun	raw_qc_collapsed	/home/scratch/yinmt_rice/data/angkor_qc_collapsed/Lib_LV7008879269_collapsed.fastq.gz		No	crosswalk_if_needed_then_asian_rice_panel_extraction	@{unit_id}|{original_read_name}
UAB836A0A88FB	angkor	angkor_qc_519				LV7008879873	shotgun		sample	shotgun	raw_qc_collapsed	/home/scratch/yinmt_rice/data/angkor_qc_collapsed/Lib_LV7008879873_collapsed.fastq.gz		No	crosswalk_if_needed_then_asian_rice_panel_extraction	@{unit_id}|{original_read_name}
UABB890D1C082	angkor	old_shotgun_376	LV3005573872	LV3005573872	LV7005225802	LV7001897394	shotgun		sample	shotgun	IRGSP1_prefilter	/projects/caeg/data/production/LV7/001/897/LV7001897394/20230414_BHMGMJDSX5/v1.0.8/4ebe3d1488023a26ec5b50b4e6a71f6b		No	asian_rice_panel_extraction_or_explicit_legacy_route	@{unit_id}|{original_read_name}
UABBDDE0AB288	nanzuo	nanzuo_asian_extract	YWL1-A3491				shotgun		sample	nanzuo_shotgun	asian_candidate_fastq	/home/scratch/yinmt_rice/data/nanzuo_extract/shotgun/YWL1-A3491.bt2.primary_mapped.fastq.gz		Yes	tag_pool_competitive_mapping_besthit	@{unit_id}|{original_read_name}
UABCD6ADC03AA	angkor	angkor_new_capture_64	LV3006120635	LV3006120635	LV6000619924	LV7008879282	capture	RiceEProbe20Panel2	sample	angkor_new_capture_panel2	raw_PE	/home/scratch/yinmt_rice/data/angkor_another_capture_data/LV7008879282-LV6000619924-LV3006120635-RiceEProbe20Panel2captured_S54_L004_R1_001.fastq.gz	/home/scratch/yinmt_rice/data/angkor_another_capture_data/LV7008879282-LV6000619924-LV3006120635-RiceEProbe20Panel2captured_S54_L004_R2_001.fastq.gz	No	QC_then_asian_rice_panel_extraction	@{unit_id}|{original_read_name}
UAC91D3C28D6E	angkor	angkor_qc_519	LV3006120797	LV3006120797	LV6000200285	LV7008879533	shotgun		sample	shotgun	raw_qc_collapsed	/home/scratch/yinmt_rice/data/angkor_qc_collapsed/Lib_LV7008879533_collapsed.fastq.gz		No	crosswalk_if_needed_then_asian_rice_panel_extraction	@{unit_id}|{original_read_name}
UACD1F2EB31A4	angkor	angkor_qc_519				LV7008879906	shotgun		sample	shotgun	raw_qc_collapsed	/home/scratch/yinmt_rice/data/angkor_qc_collapsed/Lib_LV7008879906_collapsed.fastq.gz		No	crosswalk_if_needed_then_asian_rice_panel_extraction	@{unit_id}|{original_read_name}
UAD0672E6CEFF	angkor	angkor_new_capture_64	LV3006120703	LV3006120703	LV6000620193	LV7008890380	capture	RiceEProbe20Panel2	sample	angkor_new_capture_panel2	raw_PE	/home/scratch/yinmt_rice/data/angkor_another_capture_data/LV7008890380-LV6000620193-LV3006120703-RiceEProbe20Panel2captured_S120_L008_R1_001.fastq.gz	/home/scratch/yinmt_rice/data/angkor_another_capture_data/LV7008890380-LV6000620193-LV3006120703-RiceEProbe20Panel2captured_S120_L008_R2_001.fastq.gz	No	QC_then_asian_rice_panel_extraction	@{unit_id}|{original_read_name}
UAD7292A2973C	angkor	angkor_new_capture_64	LV3006121030	LV3006121030	LV6000654696	LV7008879225	capture	RiceEProbe20Panel2	sample	angkor_new_capture_panel2	raw_PE	/home/scratch/yinmt_rice/data/angkor_another_capture_data/LV7008879225-LV6000654696-LV3006121030-RiceEProbe20Panel2captured_S71_L005_R1_001.fastq.gz	/home/scratch/yinmt_rice/data/angkor_another_capture_data/LV7008879225-LV6000654696-LV3006121030-RiceEProbe20Panel2captured_S71_L005_R2_001.fastq.gz	No	QC_then_asian_rice_panel_extraction	@{unit_id}|{original_read_name}
UAD811F935396	angkor	angkor_qc_519				LV7008879821	shotgun		sample	shotgun	raw_qc_collapsed	/home/scratch/yinmt_rice/data/angkor_qc_collapsed/Lib_LV7008879821_collapsed.fastq.gz		No	crosswalk_if_needed_then_asian_rice_panel_extraction	@{unit_id}|{original_read_name}
UAE038C38921B	angkor	angkor_qc_519				LV7008879025	shotgun		sample	shotgun	raw_qc_collapsed	/home/scratch/yinmt_rice/data/angkor_qc_collapsed/Lib_LV7008879025_collapsed.fastq.gz		No	crosswalk_if_needed_then_asian_rice_panel_extraction	@{unit_id}|{original_read_name}
UAE665EC056CC	angkor	angkor_new_capture_64	LV3006121077	LV3006121077	LV6000619911	LV7008879280	capture	RiceEProbe20Panel1	sample	angkor_new_capture_panel1	raw_PE	/home/scratch/yinmt_rice/data/angkor_another_capture_data/LV7008879280-LV6000619911-LV3006121077-RiceEProbe20Panel1captured_S39_L003_R1_001.fastq.gz	/home/scratch/yinmt_rice/data/angkor_another_capture_data/LV7008879280-LV6000619911-LV3006121077-RiceEProbe20Panel1captured_S39_L003_R2_001.fastq.gz	No	QC_then_asian_rice_panel_extraction	@{unit_id}|{original_read_name}
UAE752DB9813B	angkor	old_shotgun_376	LV3006007203	LV3006007203	LV7008416363	LV7008957553	shotgun		sample	shotgun	IRGSP1_prefilter	/projects/caeg/data/production/LV7/008/957/LV7008957553/20240702_BH5F5KDSX7/v1.0.8/4ebe3d1488023a26ec5b50b4e6a71f6b		No	asian_rice_panel_extraction_or_explicit_legacy_route	@{unit_id}|{original_read_name}
UAE8B2402C9AB	nanzuo	nanzuo_function_IRGSP	YWL1-A3483		LV7005227361	LV7008960218	function		sample	direct_IRGSP	IRGSP_BAM	/home/scratch/yinmt202607/6.nanzuo_function_yancheng/LV7008960218-LV7005227361-YWL1-A3483_S2.bam		No	skip_asian_besthit_use_direct_IRGSP_downstream	
UAEE9B7A6FD58	angkor	old_shotgun_376	LV3006121024	LV3006121024	LV6000654719	LV7008879189	shotgun		sample	shotgun	IRGSP1_prefilter	/projects/caeg/data/production/LV7/008/879/LV7008879189/20250903_BHC5NVDSXF/v1.0.8/4ebe3d1488023a26ec5b50b4e6a71f6b		No	asian_rice_panel_extraction_or_explicit_legacy_route	@{unit_id}|{original_read_name}
UAEF3DE7D0ED4	angkor	angkor_qc_519				LV7008879857	shotgun		sample	shotgun	raw_qc_collapsed	/home/scratch/yinmt_rice/data/angkor_qc_collapsed/Lib_LV7008879857_collapsed.fastq.gz		No	crosswalk_if_needed_then_asian_rice_panel_extraction	@{unit_id}|{original_read_name}
UAF0DAB619E3E	angkor	angkor_new_capture_64	LV3006007225	LV3006007225	LV7008416368	LV7009022379	capture	RiceEProbe20Panel1	sample	angkor_new_capture_panel1	raw_PE	/home/scratch/yinmt_rice/data/angkor_another_capture_data/LV7009022379-LV7008416368-LV3006007225-RiceEProbe20Panel1captured_S16_L002_R1_001.fastq.gz	/home/scratch/yinmt_rice/data/angkor_another_capture_data/LV7009022379-LV7008416368-LV3006007225-RiceEProbe20Panel1captured_S16_L002_R2_001.fastq.gz	No	QC_then_asian_rice_panel_extraction	@{unit_id}|{original_read_name}
UAF45C988A338	nanzuo	nanzuo_asian_extract	YWL1-A3501		LV7005227379	LV7008960289	popgen		sample	nanzuo_popgen	asian_candidate_fastq	/home/scratch/yinmt_rice/data/nanzuo_extract/popgen/YWL1-A3501.bt2.primary_mapped.fastq.gz		Yes	tag_pool_competitive_mapping_besthit	@{unit_id}|{original_read_name}
UAF67963A0141	angkor	old_shotgun_376	LV3005273268	LV3005273268	LV7005010692	LV7009026498	shotgun		sample	shotgun	IRGSP1_prefilter	/projects/caeg/data/production/LV7/009/026/LV7009026498/20230927_AHNLW5DSX5/v1.0.8/4ebe3d1488023a26ec5b50b4e6a71f6b		No	asian_rice_panel_extraction_or_explicit_legacy_route	@{unit_id}|{original_read_name}
UAF9B90ECC34B	angkor	angkor_qc_519				LV7008879894	shotgun		sample	shotgun	raw_qc_collapsed	/home/scratch/yinmt_rice/data/angkor_qc_collapsed/Lib_LV7008879894_collapsed.fastq.gz		No	crosswalk_if_needed_then_asian_rice_panel_extraction	@{unit_id}|{original_read_name}
UAFDE757EA112	angkor	angkor_qc_519				LV7008879129	shotgun		sample	shotgun	raw_qc_collapsed	/home/scratch/yinmt_rice/data/angkor_qc_collapsed/Lib_LV7008879129_collapsed.fastq.gz		No	crosswalk_if_needed_then_asian_rice_panel_extraction	@{unit_id}|{original_read_name}
UAFE579A3FEF3	angkor	old_shotgun_376	LV3005273228	LV3005273228	LV7005010680	LV7009026439	shotgun		sample	shotgun	IRGSP1_prefilter	/projects/caeg/data/production/LV7/009/026/LV7009026439/20230927_AHNLW5DSX5/v1.0.8/4ebe3d1488023a26ec5b50b4e6a71f6b		No	asian_rice_panel_extraction_or_explicit_legacy_route	@{unit_id}|{original_read_name}
UB01142013126	angkor	angkor_new_capture_64	LV3006120632	LV3006120632	LV6000619898	LV7008879199	capture	RiceEProbe20Panel1	sample	angkor_new_capture_panel1	raw_PE	/home/scratch/yinmt_rice/data/angkor_another_capture_data/LV7008879199-LV6000619898-LV3006120632-RiceEProbe20Panel1captured_S35_L003_R1_001.fastq.gz	/home/scratch/yinmt_rice/data/angkor_another_capture_data/LV7008879199-LV6000619898-LV3006120632-RiceEProbe20Panel1captured_S35_L003_R2_001.fastq.gz	No	QC_then_asian_rice_panel_extraction	@{unit_id}|{original_read_name}
UB04DBB15F0E8	angkor	old_shotgun_376	LV3005273263	LV3005273263	LV7005010700	LV7009026473	shotgun		sample	shotgun	IRGSP1_prefilter	/projects/caeg/data/production/LV7/009/026/LV7009026473/20230927_AHNLW5DSX5/v1.0.8/4ebe3d1488023a26ec5b50b4e6a71f6b		No	asian_rice_panel_extraction_or_explicit_legacy_route	@{unit_id}|{original_read_name}
UB053F427D842	nanzuo	nanzuo_function_IRGSP	YWL1-A3502		LV7005226560	LV7008960264	function		sample	direct_IRGSP	IRGSP_BAM	/home/scratch/yinmt202607/6.nanzuo_function_yancheng/LV7008960264-LV7005226560-YWL1-A3502_S10.bam		No	skip_asian_besthit_use_direct_IRGSP_downstream	
UB1BF3E9F72A4	angkor	old_shotgun_376	LV3006007241	LV3006007241	LV7008416399	LV7008957423	shotgun		sample	shotgun	IRGSP1_prefilter	/projects/caeg/data/production/LV7/008/957/LV7008957423/20240702_BH5F5KDSX7/v1.0.8/4ebe3d1488023a26ec5b50b4e6a71f6b		No	asian_rice_panel_extraction_or_explicit_legacy_route	@{unit_id}|{original_read_name}
UB1F06659FE51	angkor	old_shotgun_376	LV3006105268	LV3006105268	LV6000620181	LV7008890335	shotgun		sample	shotgun	IRGSP1_prefilter	/projects/caeg/data/production/LV7/008/890/LV7008890335/20250905_AHC7WJDSXF/v1.0.8/4ebe3d1488023a26ec5b50b4e6a71f6b		No	asian_rice_panel_extraction_or_explicit_legacy_route	@{unit_id}|{original_read_name}
UB2517F3AB549	angkor	angkor_new_capture_64	LV3006006406	LV3006006406	LV7008416288	LV7008961125	capture	RiceEProbe20Panel2	sample	angkor_new_capture_panel2	raw_PE	/home/scratch/yinmt_rice/data/angkor_another_capture_data/LV7008961125-LV7008416288-LV3006006406-RiceEProbe20Panel2captured_S111_L007_R1_001.fastq.gz	/home/scratch/yinmt_rice/data/angkor_another_capture_data/LV7008961125-LV7008416288-LV3006006406-RiceEProbe20Panel2captured_S111_L007_R2_001.fastq.gz	No	QC_then_asian_rice_panel_extraction	@{unit_id}|{original_read_name}
UB27E7144A57F	angkor	angkor_qc_519				LV7008879797	shotgun		sample	shotgun	raw_qc_collapsed	/home/scratch/yinmt_rice/data/angkor_qc_collapsed/Lib_LV7008879797_collapsed.fastq.gz		No	crosswalk_if_needed_then_asian_rice_panel_extraction	@{unit_id}|{original_read_name}
UB28891374BAB	angkor	angkor_qc_519				LV7008879174	shotgun		sample	shotgun	raw_qc_collapsed	/home/scratch/yinmt_rice/data/angkor_qc_collapsed/Lib_LV7008879174_collapsed.fastq.gz		No	crosswalk_if_needed_then_asian_rice_panel_extraction	@{unit_id}|{original_read_name}
UB2D4FDB06616	angkor	angkor_new_capture_64	LV3006120659	LV3006120659	LV6000619992	LV7008890361	capture	RiceEProbe20Panel1	sample	angkor_new_capture_panel1	raw_PE	/home/scratch/yinmt_rice/data/angkor_another_capture_data/LV7008890361-LV6000619992-LV3006120659-RiceEProbe20Panel1captured_S33_L003_R1_001.fastq.gz	/home/scratch/yinmt_rice/data/angkor_another_capture_data/LV7008890361-LV6000619992-LV3006120659-RiceEProbe20Panel1captured_S33_L003_R2_001.fastq.gz	No	QC_then_asian_rice_panel_extraction	@{unit_id}|{original_read_name}
UB341EF166C78	nanzuo	nanzuo_function_IRGSP	YWL1-A3486		LV7005226553	LV7008960240	function		sample	direct_IRGSP	IRGSP_BAM	/home/scratch/yinmt202607/6.nanzuo_function_yancheng/LV7008960240-LV7005226553-YWL1-A3486_S4.bam		No	skip_asian_besthit_use_direct_IRGSP_downstream	
UB34655F9F44A	angkor	angkor_new_capture_64	LV3006007217	LV3006007217	LV7008416385	LV7008960430	capture	RiceEProbe20Panel2	sample	angkor_new_capture_panel2	raw_PE	/home/scratch/yinmt_rice/data/angkor_another_capture_data/LV7008960430-LV7008416385-LV3006007217-RiceEProbe20Panel2captured_S106_L007_R1_001.fastq.gz	/home/scratch/yinmt_rice/data/angkor_another_capture_data/LV7008960430-LV7008416385-LV3006007217-RiceEProbe20Panel2captured_S106_L007_R2_001.fastq.gz	No	QC_then_asian_rice_panel_extraction	@{unit_id}|{original_read_name}
UB35D75163034	angkor	angkor_qc_519	LV3006121056	LV3006121056	LV6000654717	LV7008879239	shotgun		sample	shotgun	raw_qc_collapsed	/home/scratch/yinmt_rice/data/angkor_qc_collapsed/Lib_LV7008879239_collapsed.fastq.gz		No	crosswalk_if_needed_then_asian_rice_panel_extraction	@{unit_id}|{original_read_name}
UB39B2878B92F	angkor	angkor_qc_519				LV7008879867	shotgun		sample	shotgun	raw_qc_collapsed	/home/scratch/yinmt_rice/data/angkor_qc_collapsed/Lib_LV7008879867_collapsed.fastq.gz		No	crosswalk_if_needed_then_asian_rice_panel_extraction	@{unit_id}|{original_read_name}
UB3F6D86DB2B1	angkor	angkor_qc_519	LV3006121040	LV3006121040	LV6000619037	LV7008879530	shotgun		sample	shotgun	raw_qc_collapsed	/home/scratch/yinmt_rice/data/angkor_qc_collapsed/Lib_LV7008879530_collapsed.fastq.gz		No	crosswalk_if_needed_then_asian_rice_panel_extraction	@{unit_id}|{original_read_name}
UB478F65D1CA2	angkor	angkor_qc_519				LV7008879032	shotgun		sample	shotgun	raw_qc_collapsed	/home/scratch/yinmt_rice/data/angkor_qc_collapsed/Lib_LV7008879032_collapsed.fastq.gz		No	crosswalk_if_needed_then_asian_rice_panel_extraction	@{unit_id}|{original_read_name}
UB4E8E3452B2F	angkor	angkor_qc_519				LV7008879072	shotgun		sample	shotgun	raw_qc_collapsed	/home/scratch/yinmt_rice/data/angkor_qc_collapsed/Lib_LV7008879072_collapsed.fastq.gz		No	crosswalk_if_needed_then_asian_rice_panel_extraction	@{unit_id}|{original_read_name}
UB533DB4549AD	angkor	angkor_qc_519				LV7008879962	shotgun		sample	shotgun	raw_qc_collapsed	/home/scratch/yinmt_rice/data/angkor_qc_collapsed/Lib_LV7008879962_collapsed.fastq.gz		No	crosswalk_if_needed_then_asian_rice_panel_extraction	@{unit_id}|{original_read_name}
UB53BD91D1BAA	angkor	angkor_new_capture_64	LV3006007225	LV3006007225	LV7008416368	LV7009022379	capture	RiceEProbe20Panel2	sample	angkor_new_capture_panel2	raw_PE	/home/scratch/yinmt_rice/data/angkor_another_capture_data/LV7009022379-LV7008416368-LV3006007225-RiceEProbe20Panel2captured_S97_L007_R1_001.fastq.gz	/home/scratch/yinmt_rice/data/angkor_another_capture_data/LV7009022379-LV7008416368-LV3006007225-RiceEProbe20Panel2captured_S97_L007_R2_001.fastq.gz	No	QC_then_asian_rice_panel_extraction	@{unit_id}|{original_read_name}
UB55024604539	angkor	old_shotgun_376	LV3006006398	LV3006006398	LV7008416269	LV7008961126	shotgun		sample	shotgun	IRGSP1_prefilter	/projects/caeg/data/production/LV7/008/961/LV7008961126/20240724_BH5F2GDSX7/v1.0.8/4ebe3d1488023a26ec5b50b4e6a71f6b		No	asian_rice_panel_extraction_or_explicit_legacy_route	@{unit_id}|{original_read_name}
UB58E6E9F1109	angkor	angkor_new_capture_64	LV3006007229	LV3006007229	LV7008416367	LV7008957561	capture	RiceEProbe20Panel2	sample	angkor_new_capture_panel2	raw_PE	/home/scratch/yinmt_rice/data/angkor_another_capture_data/LV7008957561-LV7008416367-LV3006007229-RiceEProbe20Panel2captured_S99_L007_R1_001.fastq.gz	/home/scratch/yinmt_rice/data/angkor_another_capture_data/LV7008957561-LV7008416367-LV3006007229-RiceEProbe20Panel2captured_S99_L007_R2_001.fastq.gz	No	QC_then_asian_rice_panel_extraction	@{unit_id}|{original_read_name}
UB5C6CEE57392	angkor	old_shotgun_376	LV3006006385	LV3006006385	LV7008416300	LV7009027357	shotgun		sample	shotgun	IRGSP1_prefilter	/projects/caeg/data/production/LV7/009/027/LV7009027357/20240724_BH5F2GDSX7/v1.0.8/4ebe3d1488023a26ec5b50b4e6a71f6b		No	asian_rice_panel_extraction_or_explicit_legacy_route	@{unit_id}|{original_read_name}
UB61D95299317	angkor	angkor_new_capture_64	LV3006121090	LV3006121090	LV6000654697	LV7008879218	capture	RiceEProbe20Panel1	sample	angkor_new_capture_panel1	raw_PE	/home/scratch/yinmt_rice/data/angkor_another_capture_data/LV7008879218-LV6000654697-LV3006121090-RiceEProbe20Panel1captured_S93_L006_R1_001.fastq.gz	/home/scratch/yinmt_rice/data/angkor_another_capture_data/LV7008879218-LV6000654697-LV3006121090-RiceEProbe20Panel1captured_S93_L006_R2_001.fastq.gz	No	QC_then_asian_rice_panel_extraction	@{unit_id}|{original_read_name}
UB692678EE25D	angkor	old_shotgun_376	LV3006120643	LV3006120643	LV6000619907	LV7008879283	shotgun		sample	shotgun	IRGSP1_prefilter	/projects/caeg/data/production/LV7/008/879/LV7008879283/20250825_BHC7THDSXF/v1.0.8/4ebe3d1488023a26ec5b50b4e6a71f6b		No	asian_rice_panel_extraction_or_explicit_legacy_route	@{unit_id}|{original_read_name}
UB6D3477F2D01	angkor	angkor_qc_519	LV3006121064	LV3006121064	LV6000654695	LV7008879250	shotgun		sample	shotgun	raw_qc_collapsed	/home/scratch/yinmt_rice/data/angkor_qc_collapsed/Lib_LV7008879250_collapsed.fastq.gz		No	crosswalk_if_needed_then_asian_rice_panel_extraction	@{unit_id}|{original_read_name}
UB6F9F12C2023	angkor	old_shotgun_376	LV3006105275	LV3006105275	LV6000620178	LV7008890406	shotgun		sample	shotgun	IRGSP1_prefilter	/projects/caeg/data/production/LV7/008/890/LV7008890406/20250905_AHC7WJDSXF/v1.0.8/4ebe3d1488023a26ec5b50b4e6a71f6b		No	asian_rice_panel_extraction_or_explicit_legacy_route	@{unit_id}|{original_read_name}
UB772F1C85671	angkor	old_shotgun_376	LV3005273254	LV3005273254	LV7005010662	LV7009026449	shotgun		sample	shotgun	IRGSP1_prefilter	/projects/caeg/data/production/LV7/009/026/LV7009026449/20230927_AHNLW5DSX5/v1.0.8/4ebe3d1488023a26ec5b50b4e6a71f6b		No	asian_rice_panel_extraction_or_explicit_legacy_route	@{unit_id}|{original_read_name}
UB7E383737D07	angkor	old_shotgun_376	LV3006121001	LV3006121001	LV6000619516	LV7008879540	shotgun		sample	shotgun	IRGSP1_prefilter	/projects/caeg/data/production/LV7/008/879/LV7008879540/20250829_BHC5GYDSXF/v1.0.8/4ebe3d1488023a26ec5b50b4e6a71f6b		No	asian_rice_panel_extraction_or_explicit_legacy_route	@{unit_id}|{original_read_name}
UB8560CF58792	angkor	angkor_qc_519				LV7008879843	shotgun		sample	shotgun	raw_qc_collapsed	/home/scratch/yinmt_rice/data/angkor_qc_collapsed/Lib_LV7008879843_collapsed.fastq.gz		No	crosswalk_if_needed_then_asian_rice_panel_extraction	@{unit_id}|{original_read_name}
UB8937EAFBCEF	angkor	angkor_new_capture_64	LV3006120646	LV3006120646	LV6000619894	LV7008879281	capture	RiceEProbe20Panel2	sample	angkor_new_capture_panel2	raw_PE	/home/scratch/yinmt_rice/data/angkor_another_capture_data/LV7008879281-LV6000619894-LV3006120646-RiceEProbe20Panel2captured_S55_L004_R1_001.fastq.gz	/home/scratch/yinmt_rice/data/angkor_another_capture_data/LV7008879281-LV6000619894-LV3006120646-RiceEProbe20Panel2captured_S55_L004_R2_001.fastq.gz	No	QC_then_asian_rice_panel_extraction	@{unit_id}|{original_read_name}
UB8A23F4F348B	angkor	angkor_qc_519				LV7008879040	shotgun		sample	shotgun	raw_qc_collapsed	/home/scratch/yinmt_rice/data/angkor_qc_collapsed/Lib_LV7008879040_collapsed.fastq.gz		No	crosswalk_if_needed_then_asian_rice_panel_extraction	@{unit_id}|{original_read_name}
UB8AA4048725D	angkor	angkor_qc_519				LV7008879983	shotgun		sample	shotgun	raw_qc_collapsed	/home/scratch/yinmt_rice/data/angkor_qc_collapsed/Lib_LV7008879983_collapsed.fastq.gz		No	crosswalk_if_needed_then_asian_rice_panel_extraction	@{unit_id}|{original_read_name}
UB8D201786B2D	nanzuo	nanzuo_function_IRGSP	YWL1-A3487		LV7005227365	LV7008960215	function		sample	direct_IRGSP	IRGSP_BAM	/home/scratch/yinmt202607/6.nanzuo_function_yancheng/LV7008960215-LV7005227365-YWL1-A3487_S1.bam		No	skip_asian_besthit_use_direct_IRGSP_downstream	
UB9008E72A5B4	angkor	angkor_qc_519				LV7008879886	shotgun		sample	shotgun	raw_qc_collapsed	/home/scratch/yinmt_rice/data/angkor_qc_collapsed/Lib_LV7008879886_collapsed.fastq.gz		No	crosswalk_if_needed_then_asian_rice_panel_extraction	@{unit_id}|{original_read_name}
UB9859FB4E99C	angkor	angkor_qc_519				LV7008879017	shotgun		sample	shotgun	raw_qc_collapsed	/home/scratch/yinmt_rice/data/angkor_qc_collapsed/Lib_LV7008879017_collapsed.fastq.gz		No	crosswalk_if_needed_then_asian_rice_panel_extraction	@{unit_id}|{original_read_name}
UB9B427E24828	angkor	angkor_qc_519	LV3006121022	LV3006121022	LV6000619498	LV7008879566	shotgun		sample	shotgun	raw_qc_collapsed	/home/scratch/yinmt_rice/data/angkor_qc_collapsed/Lib_LV7008879566_collapsed.fastq.gz		No	crosswalk_if_needed_then_asian_rice_panel_extraction	@{unit_id}|{original_read_name}
UB9E0A2A7F6AD	angkor	angkor_qc_519				LV7008879876	shotgun		sample	shotgun	raw_qc_collapsed	/home/scratch/yinmt_rice/data/angkor_qc_collapsed/Lib_LV7008879876_collapsed.fastq.gz		No	crosswalk_if_needed_then_asian_rice_panel_extraction	@{unit_id}|{original_read_name}
UBA209540DBA5	angkor	angkor_qc_519				LV7008879148	shotgun		sample	shotgun	raw_qc_collapsed	/home/scratch/yinmt_rice/data/angkor_qc_collapsed/Lib_LV7008879148_collapsed.fastq.gz		No	crosswalk_if_needed_then_asian_rice_panel_extraction	@{unit_id}|{original_read_name}
UBA3449ACD708	angkor	angkor_new_capture_64	LV3006120672	LV3006120672	LV6000619882	LV7008879272	capture	RiceEProbe20Panel2	sample	angkor_new_capture_panel2	raw_PE	/home/scratch/yinmt_rice/data/angkor_another_capture_data/LV7008879272-LV6000619882-LV3006120672-RiceEProbe20Panel2captured_S51_L004_R1_001.fastq.gz	/home/scratch/yinmt_rice/data/angkor_another_capture_data/LV7008879272-LV6000619882-LV3006120672-RiceEProbe20Panel2captured_S51_L004_R2_001.fastq.gz	No	QC_then_asian_rice_panel_extraction	@{unit_id}|{original_read_name}
UBA8A764599BC	angkor	old_shotgun_376	LV3006007313	LV3006007313	LV7008416325	LV7008955486	shotgun		sample	shotgun	IRGSP1_prefilter	/projects/caeg/data/production/LV7/008/955/LV7008955486/20240704_BH5FCVDSX7/v1.0.8/4ebe3d1488023a26ec5b50b4e6a71f6b		No	asian_rice_panel_extraction_or_explicit_legacy_route	@{unit_id}|{original_read_name}
UBA976A3243AB	angkor	angkor_qc_519				LV7008879185	shotgun		sample	shotgun	raw_qc_collapsed	/home/scratch/yinmt_rice/data/angkor_qc_collapsed/Lib_LV7008879185_collapsed.fastq.gz		No	crosswalk_if_needed_then_asian_rice_panel_extraction	@{unit_id}|{original_read_name}
UBAD0E0D8C98C	angkor	old_shotgun_376	LV3006105288	LV3006105288	LV6000620207	LV7008890336	shotgun		sample	shotgun	IRGSP1_prefilter	/projects/caeg/data/production/LV7/008/890/LV7008890336/20250905_AHC7WJDSXF/v1.0.8/4ebe3d1488023a26ec5b50b4e6a71f6b		No	asian_rice_panel_extraction_or_explicit_legacy_route	@{unit_id}|{original_read_name}
UBB12081D6D7E	angkor	angkor_qc_519				LV7008879869	shotgun		sample	shotgun	raw_qc_collapsed	/home/scratch/yinmt_rice/data/angkor_qc_collapsed/Lib_LV7008879869_collapsed.fastq.gz		No	crosswalk_if_needed_then_asian_rice_panel_extraction	@{unit_id}|{original_read_name}
UBB154DD90B39	angkor	angkor_qc_519				LV7008879052	shotgun		sample	shotgun	raw_qc_collapsed	/home/scratch/yinmt_rice/data/angkor_qc_collapsed/Lib_LV7008879052_collapsed.fastq.gz		No	crosswalk_if_needed_then_asian_rice_panel_extraction	@{unit_id}|{original_read_name}
UBB3AA38A38F2	angkor	angkor_qc_519				LV7008879882	shotgun		sample	shotgun	raw_qc_collapsed	/home/scratch/yinmt_rice/data/angkor_qc_collapsed/Lib_LV7008879882_collapsed.fastq.gz		No	crosswalk_if_needed_then_asian_rice_panel_extraction	@{unit_id}|{original_read_name}
UBB8D461B03FF	nanzuo	nanzuo_asian_extract	YWL1-A3503				shotgun		sample	nanzuo_shotgun	asian_candidate_fastq	/home/scratch/yinmt_rice/data/nanzuo_extract/shotgun/YWL1-A3503.bt2.primary_mapped.fastq.gz		Yes	tag_pool_competitive_mapping_besthit	@{unit_id}|{original_read_name}
UBBAD78F19313	angkor	old_shotgun_376	LV3005273258	LV3005273258	LV7005010709	LV7009026475	shotgun		sample	shotgun	IRGSP1_prefilter	/projects/caeg/data/production/LV7/009/026/LV7009026475/20230927_AHNLW5DSX5/v1.0.8/4ebe3d1488023a26ec5b50b4e6a71f6b		No	asian_rice_panel_extraction_or_explicit_legacy_route	@{unit_id}|{original_read_name}
UBBF833EFFC67	angkor	old_shotgun_376	LV3006007205	LV3006007205	LV7008416402	LV7008958344	shotgun		sample	shotgun	IRGSP1_prefilter	/projects/caeg/data/production/LV7/008/958/LV7008958344/20240702_BH5F5KDSX7/v1.0.8/4ebe3d1488023a26ec5b50b4e6a71f6b		No	asian_rice_panel_extraction_or_explicit_legacy_route	@{unit_id}|{original_read_name}
UBC0A2F9D2AC8	angkor	angkor_new_capture_64	LV3006007218	LV3006007218	LV6000200426	LV7008957297	capture	RiceEProbe20Panel2	sample	angkor_new_capture_panel2	raw_PE	/home/scratch/yinmt_rice/data/angkor_another_capture_data/LV7008957297-LV6000200426-LV3006007218-RiceEProbe20Panel2captured_S107_L007_R1_001.fastq.gz	/home/scratch/yinmt_rice/data/angkor_another_capture_data/LV7008957297-LV6000200426-LV3006007218-RiceEProbe20Panel2captured_S107_L007_R2_001.fastq.gz	No	QC_then_asian_rice_panel_extraction	@{unit_id}|{original_read_name}
UBC302C966AC1	angkor	angkor_qc_519	LV3006121074	LV3006121074	LV6000654698	LV7008879193	shotgun		sample	shotgun	raw_qc_collapsed	/home/scratch/yinmt_rice/data/angkor_qc_collapsed/Lib_LV7008879193_collapsed.fastq.gz		No	crosswalk_if_needed_then_asian_rice_panel_extraction	@{unit_id}|{original_read_name}
UBCC8FE865355	angkor	angkor_qc_519				LV7008879092	shotgun		sample	shotgun	raw_qc_collapsed	/home/scratch/yinmt_rice/data/angkor_qc_collapsed/Lib_LV7008879092_collapsed.fastq.gz		No	crosswalk_if_needed_then_asian_rice_panel_extraction	@{unit_id}|{original_read_name}
UBCD3CB8C2520	angkor	old_shotgun_376	LV3006120662	LV3006120662	LV6000620036	LV7008890350	shotgun		sample	shotgun	IRGSP1_prefilter	/projects/caeg/data/production/LV7/008/890/LV7008890350/20250827_BHCMGWDSXF/v1.0.8/4ebe3d1488023a26ec5b50b4e6a71f6b		No	asian_rice_panel_extraction_or_explicit_legacy_route	@{unit_id}|{original_read_name}
UBCDF4D53D557	angkor	angkor_qc_519				LV7008879823	shotgun		sample	shotgun	raw_qc_collapsed	/home/scratch/yinmt_rice/data/angkor_qc_collapsed/Lib_LV7008879823_collapsed.fastq.gz		No	crosswalk_if_needed_then_asian_rice_panel_extraction	@{unit_id}|{original_read_name}
UBD07E5066F70	angkor	old_shotgun_376	LV3006007171	LV3006007171	LV7008416345	LV7009022408	shotgun		sample	shotgun	IRGSP1_prefilter	/projects/caeg/data/production/LV7/009/022/LV7009022408/20240704_BH5FCVDSX7/v1.0.8/4ebe3d1488023a26ec5b50b4e6a71f6b		No	asian_rice_panel_extraction_or_explicit_legacy_route	@{unit_id}|{original_read_name}
UBD1E605F4D49	angkor	angkor_qc_519	LV3006120650	LV3006120650	LV6000619922	LV7008879235	shotgun		sample	shotgun	raw_qc_collapsed	/home/scratch/yinmt_rice/data/angkor_qc_collapsed/Lib_LV7008879235_collapsed.fastq.gz		No	crosswalk_if_needed_then_asian_rice_panel_extraction	@{unit_id}|{original_read_name}
UBD883F6998EC	angkor	angkor_qc_519				LV7008879811	shotgun		sample	shotgun	raw_qc_collapsed	/home/scratch/yinmt_rice/data/angkor_qc_collapsed/Lib_LV7008879811_collapsed.fastq.gz		No	crosswalk_if_needed_then_asian_rice_panel_extraction	@{unit_id}|{original_read_name}
UBDA79FBE5189	angkor	angkor_qc_519				LV7008879068	shotgun		sample	shotgun	raw_qc_collapsed	/home/scratch/yinmt_rice/data/angkor_qc_collapsed/Lib_LV7008879068_collapsed.fastq.gz		No	crosswalk_if_needed_then_asian_rice_panel_extraction	@{unit_id}|{original_read_name}
UBDC0307962E8	angkor	angkor_new_capture_64	LV3006121033	LV3006121033	LV6000619530	LV7008879517	capture	RiceEProbe20Panel1	sample	angkor_new_capture_panel1	raw_PE	/home/scratch/yinmt_rice/data/angkor_another_capture_data/LV7008879517-LV6000619530-LV3006121033-RiceEProbe20Panel1captured_S13_L001_R1_001.fastq.gz	/home/scratch/yinmt_rice/data/angkor_another_capture_data/LV7008879517-LV6000619530-LV3006121033-RiceEProbe20Panel1captured_S13_L001_R2_001.fastq.gz	No	QC_then_asian_rice_panel_extraction	@{unit_id}|{original_read_name}
UBDE5113CAE7A	angkor	old_shotgun_376	LV3006120673	LV3006120673	LV6000619991	LV7008890386	shotgun		sample	shotgun	IRGSP1_prefilter	/projects/caeg/data/production/LV7/008/890/LV7008890386/20250827_BHCMGWDSXF/v1.0.8/4ebe3d1488023a26ec5b50b4e6a71f6b		No	asian_rice_panel_extraction_or_explicit_legacy_route	@{unit_id}|{original_read_name}
UBDEFA508BBC9	angkor	angkor_qc_519	LV3006121045	LV3006121045	LV6000654701	LV7008879215	shotgun		sample	shotgun	raw_qc_collapsed	/home/scratch/yinmt_rice/data/angkor_qc_collapsed/Lib_LV7008879215_collapsed.fastq.gz		No	crosswalk_if_needed_then_asian_rice_panel_extraction	@{unit_id}|{original_read_name}
UBE366F11AE0D	angkor	old_shotgun_376	LV3006006409	LV3006006409	LV7008416301	LV7008961177	shotgun		sample	shotgun	IRGSP1_prefilter	/projects/caeg/data/production/LV7/008/961/LV7008961177/20240724_BH5F2GDSX7/v1.0.8/4ebe3d1488023a26ec5b50b4e6a71f6b		No	asian_rice_panel_extraction_or_explicit_legacy_route	@{unit_id}|{original_read_name}
UBE4AF1D0D006	angkor	angkor_qc_519				LV7008879098	shotgun		sample	shotgun	raw_qc_collapsed	/home/scratch/yinmt_rice/data/angkor_qc_collapsed/Lib_LV7008879098_collapsed.fastq.gz		No	crosswalk_if_needed_then_asian_rice_panel_extraction	@{unit_id}|{original_read_name}
UBEA6E2F33BD9	angkor	angkor_qc_519				LV7008879846	shotgun		sample	shotgun	raw_qc_collapsed	/home/scratch/yinmt_rice/data/angkor_qc_collapsed/Lib_LV7008879846_collapsed.fastq.gz		No	crosswalk_if_needed_then_asian_rice_panel_extraction	@{unit_id}|{original_read_name}
UBF00FA4ACE55	angkor	angkor_qc_519	LV3006121032	LV3006121032	LV6000619499	LV7008879541	shotgun		sample	shotgun	raw_qc_collapsed	/home/scratch/yinmt_rice/data/angkor_qc_collapsed/Lib_LV7008879541_collapsed.fastq.gz		No	crosswalk_if_needed_then_asian_rice_panel_extraction	@{unit_id}|{original_read_name}
UBF3EB08EFA10	angkor	angkor_qc_519	LV3006121044	LV3006121044	LV6000654686	LV7008879263	shotgun		sample	shotgun	raw_qc_collapsed	/home/scratch/yinmt_rice/data/angkor_qc_collapsed/Lib_LV7008879263_collapsed.fastq.gz		No	crosswalk_if_needed_then_asian_rice_panel_extraction	@{unit_id}|{original_read_name}
UBF564A963ABC	angkor	old_shotgun_376	LV3006007178	LV3006007178	LV7008416321	LV7008960360	shotgun		sample	shotgun	IRGSP1_prefilter	/projects/caeg/data/production/LV7/008/960/LV7008960360/20240704_BH5FCVDSX7/v1.0.8/4ebe3d1488023a26ec5b50b4e6a71f6b		No	asian_rice_panel_extraction_or_explicit_legacy_route	@{unit_id}|{original_read_name}
UBF659E6C9177	angkor	angkor_qc_519	LV3006120632	LV3006120632	LV6000619898	LV7008879199	shotgun		sample	shotgun	raw_qc_collapsed	/home/scratch/yinmt_rice/data/angkor_qc_collapsed/Lib_LV7008879199_collapsed.fastq.gz		No	crosswalk_if_needed_then_asian_rice_panel_extraction	@{unit_id}|{original_read_name}
UC00EB00B91A8	angkor	old_shotgun_376	LV3006120697	LV3006120697	LV6000620010	LV7008890329	shotgun		sample	shotgun	IRGSP1_prefilter	/projects/caeg/data/production/LV7/008/890/LV7008890329/20250827_BHCMGWDSXF/v1.0.8/4ebe3d1488023a26ec5b50b4e6a71f6b		No	asian_rice_panel_extraction_or_explicit_legacy_route	@{unit_id}|{original_read_name}
UC05AC513484C	mcp	mcp_reshotgun	proxy20260303193		LV6000655565	LV7008865115	shotgun		sample	shotgun	raw_bbduk	/home/scratch/yinmt202607/4.mcp_reshotgun/data/reads/LV7008865115-LV6000655565-proxy20260303193_S126.bbduk.lowcomp_filtered.fq		No	asian_rice_panel_extraction_then_tag_pool_besthit	@{unit_id}|{original_read_name}
UC0B15C62E6DE	angkor	old_shotgun_376	LV3006007216	LV3006007216	LV7008416394	LV7008960422	shotgun		sample	shotgun	IRGSP1_prefilter	/projects/caeg/data/production/LV7/008/960/LV7008960422/20240702_BH5F5KDSX7/v1.0.8/4ebe3d1488023a26ec5b50b4e6a71f6b		No	asian_rice_panel_extraction_or_explicit_legacy_route	@{unit_id}|{original_read_name}
UC103177A229B	angkor	angkor_qc_519				LV7008879798	shotgun		sample	shotgun	raw_qc_collapsed	/home/scratch/yinmt_rice/data/angkor_qc_collapsed/Lib_LV7008879798_collapsed.fastq.gz		No	crosswalk_if_needed_then_asian_rice_panel_extraction	@{unit_id}|{original_read_name}
UC10942A667EA	angkor	old_shotgun_376	LV3006120648	LV3006120648	LV6000619900	LV7008879246	shotgun		sample	shotgun	IRGSP1_prefilter	/projects/caeg/data/production/LV7/008/879/LV7008879246/20250825_BHC7THDSXF/v1.0.8/4ebe3d1488023a26ec5b50b4e6a71f6b		No	asian_rice_panel_extraction_or_explicit_legacy_route	@{unit_id}|{original_read_name}
UC18B5F34A04F	angkor	angkor_qc_519	LV3006121049	LV3006121049	LV6000654683	LV7008879241	shotgun		sample	shotgun	raw_qc_collapsed	/home/scratch/yinmt_rice/data/angkor_qc_collapsed/Lib_LV7008879241_collapsed.fastq.gz		No	crosswalk_if_needed_then_asian_rice_panel_extraction	@{unit_id}|{original_read_name}
UC1A389AFE424	angkor	angkor_qc_519				LV7008879892	shotgun		sample	shotgun	raw_qc_collapsed	/home/scratch/yinmt_rice/data/angkor_qc_collapsed/Lib_LV7008879892_collapsed.fastq.gz		No	crosswalk_if_needed_then_asian_rice_panel_extraction	@{unit_id}|{original_read_name}
UC1B9BCA8398F	angkor	angkor_new_capture_64	LV3006121049	LV3006121049	LV6000654683	LV7008879241	capture	RiceEProbe20Panel2	sample	angkor_new_capture_panel2	raw_PE	/home/scratch/yinmt_rice/data/angkor_another_capture_data/LV7008879241-LV6000654683-LV3006121049-RiceEProbe20Panel2captured_S61_L004_R1_001.fastq.gz	/home/scratch/yinmt_rice/data/angkor_another_capture_data/LV7008879241-LV6000654683-LV3006121049-RiceEProbe20Panel2captured_S61_L004_R2_001.fastq.gz	No	QC_then_asian_rice_panel_extraction	@{unit_id}|{original_read_name}
UC1BA437196BB	angkor	old_shotgun_376	LV3006120675	LV3006120675	LV6000620035	LV7008890387	shotgun		sample	shotgun	IRGSP1_prefilter	/projects/caeg/data/production/LV7/008/890/LV7008890387/20250827_BHCMGWDSXF/v1.0.8/4ebe3d1488023a26ec5b50b4e6a71f6b		No	asian_rice_panel_extraction_or_explicit_legacy_route	@{unit_id}|{original_read_name}
UC20200025ED9	angkor	old_shotgun_376	LV3006120627	LV3006120627	LV6000619901	LV7008879221	shotgun		sample	shotgun	IRGSP1_prefilter	/projects/caeg/data/production/LV7/008/879/LV7008879221/20250825_BHC7THDSXF/v1.0.8/4ebe3d1488023a26ec5b50b4e6a71f6b		No	asian_rice_panel_extraction_or_explicit_legacy_route	@{unit_id}|{original_read_name}
UC23C0AE7508F	angkor	angkor_qc_519				LV7008879949	shotgun		sample	shotgun	raw_qc_collapsed	/home/scratch/yinmt_rice/data/angkor_qc_collapsed/Lib_LV7008879949_collapsed.fastq.gz		No	crosswalk_if_needed_then_asian_rice_panel_extraction	@{unit_id}|{original_read_name}
UC23C9A4E2D13	angkor	old_shotgun_376	LV3006007316	LV3006007316	LV7008416318	LV7009026552	shotgun		sample	shotgun	IRGSP1_prefilter	/projects/caeg/data/production/LV7/009/026/LV7009026552/20240704_BH5FCVDSX7/v1.0.8/4ebe3d1488023a26ec5b50b4e6a71f6b		No	asian_rice_panel_extraction_or_explicit_legacy_route	@{unit_id}|{original_read_name}
UC253B35F459D	angkor	old_shotgun_376	LV3006120637	LV3006120637	LV6000619891	LV7008879259	shotgun		sample	shotgun	IRGSP1_prefilter	/projects/caeg/data/production/LV7/008/879/LV7008879259/20250825_BHC7THDSXF/v1.0.8/4ebe3d1488023a26ec5b50b4e6a71f6b		No	asian_rice_panel_extraction_or_explicit_legacy_route	@{unit_id}|{original_read_name}
UC26C8CD5719D	angkor	old_shotgun_376	LV3005273260	LV3005273260	LV7005010661	LV7009026495	shotgun		sample	shotgun	IRGSP1_prefilter	/projects/caeg/data/production/LV7/009/026/LV7009026495/20230927_AHNLW5DSX5/v1.0.8/4ebe3d1488023a26ec5b50b4e6a71f6b		No	asian_rice_panel_extraction_or_explicit_legacy_route	@{unit_id}|{original_read_name}
UC2CA4698444F	angkor	angkor_qc_519				LV7008879971	shotgun		sample	shotgun	raw_qc_collapsed	/home/scratch/yinmt_rice/data/angkor_qc_collapsed/Lib_LV7008879971_collapsed.fastq.gz		No	crosswalk_if_needed_then_asian_rice_panel_extraction	@{unit_id}|{original_read_name}
UC4A16E441591	angkor	old_shotgun_376	LV3006120725	LV3006120725	LV6000620155	LV7008890345	shotgun		sample	shotgun	IRGSP1_prefilter	/projects/caeg/data/production/LV7/008/890/LV7008890345/20250905_AHC7WJDSXF/v1.0.8/4ebe3d1488023a26ec5b50b4e6a71f6b		No	asian_rice_panel_extraction_or_explicit_legacy_route	@{unit_id}|{original_read_name}
UC5306B529F9C	angkor	angkor_qc_519				LV7008879963	shotgun		sample	shotgun	raw_qc_collapsed	/home/scratch/yinmt_rice/data/angkor_qc_collapsed/Lib_LV7008879963_collapsed.fastq.gz		No	crosswalk_if_needed_then_asian_rice_panel_extraction	@{unit_id}|{original_read_name}
UC5A2CCD51ED0	angkor	angkor_qc_519	LV3006120639	LV3006120639	LV6000619925	LV7008879257	shotgun		sample	shotgun	raw_qc_collapsed	/home/scratch/yinmt_rice/data/angkor_qc_collapsed/Lib_LV7008879257_collapsed.fastq.gz		No	crosswalk_if_needed_then_asian_rice_panel_extraction	@{unit_id}|{original_read_name}
UC5CDDC2A4CDC	angkor	old_shotgun_376	LV3006105267	LV3006105267	LV6000620173	LV7008890420	shotgun		sample	shotgun	IRGSP1_prefilter	/projects/caeg/data/production/LV7/008/890/LV7008890420/20250905_AHC7WJDSXF/v1.0.8/4ebe3d1488023a26ec5b50b4e6a71f6b		No	asian_rice_panel_extraction_or_explicit_legacy_route	@{unit_id}|{original_read_name}
UC5E59145AD61	angkor	old_shotgun_376	LV3005273272	LV3005273272	LV7005010660	LV7009026509	shotgun		sample	shotgun	IRGSP1_prefilter	/projects/caeg/data/production/LV7/009/026/LV7009026509/20230927_AHNLW5DSX5/v1.0.8/4ebe3d1488023a26ec5b50b4e6a71f6b		No	asian_rice_panel_extraction_or_explicit_legacy_route	@{unit_id}|{original_read_name}
UC63863DEE6F4	angkor	angkor_new_capture_64	LV3006121053	LV3006121053	LV6000654700	LV7008879240	capture	RiceEProbe20Panel2	sample	angkor_new_capture_panel2	raw_PE	/home/scratch/yinmt_rice/data/angkor_another_capture_data/LV7008879240-LV6000654700-LV3006121053-RiceEProbe20Panel2captured_S127_L008_R1_001.fastq.gz	/home/scratch/yinmt_rice/data/angkor_another_capture_data/LV7008879240-LV6000654700-LV3006121053-RiceEProbe20Panel2captured_S127_L008_R2_001.fastq.gz	No	QC_then_asian_rice_panel_extraction	@{unit_id}|{original_read_name}
UC68572995F8A	angkor	old_shotgun_376	LV3006007236	LV3006007236	LV7008416374	LV7008957562	shotgun		sample	shotgun	IRGSP1_prefilter	/projects/caeg/data/production/LV7/008/957/LV7008957562/20240702_BH5F5KDSX7/v1.0.8/4ebe3d1488023a26ec5b50b4e6a71f6b		No	asian_rice_panel_extraction_or_explicit_legacy_route	@{unit_id}|{original_read_name}
UC6A642D4A890	angkor	old_shotgun_376	LV3006120678	LV3006120678	LV6000620022	LV7008890328	shotgun		sample	shotgun	IRGSP1_prefilter	/projects/caeg/data/production/LV7/008/890/LV7008890328/20250827_BHCMGWDSXF/v1.0.8/4ebe3d1488023a26ec5b50b4e6a71f6b		No	asian_rice_panel_extraction_or_explicit_legacy_route	@{unit_id}|{original_read_name}
UC6E1A1428F2D	angkor	angkor_qc_519	LV3006120630	LV3006120630	LV6000619915	LV7008879198	shotgun		sample	shotgun	raw_qc_collapsed	/home/scratch/yinmt_rice/data/angkor_qc_collapsed/Lib_LV7008879198_collapsed.fastq.gz		No	crosswalk_if_needed_then_asian_rice_panel_extraction	@{unit_id}|{original_read_name}
UC77AF9D42257	angkor	angkor_qc_519	LV3006121018	LV3006121018	LV6000619532	LV7008879564	shotgun		sample	shotgun	raw_qc_collapsed	/home/scratch/yinmt_rice/data/angkor_qc_collapsed/Lib_LV7008879564_collapsed.fastq.gz		No	crosswalk_if_needed_then_asian_rice_panel_extraction	@{unit_id}|{original_read_name}
UC780B044AB1B	angkor	old_shotgun_376	LV3006006418	LV3006006418	LV7008416323	LV7009027886	shotgun		sample	shotgun	IRGSP1_prefilter	/projects/caeg/data/production/LV7/009/027/LV7009027886/20240704_BH5FCVDSX7/v1.0.8/4ebe3d1488023a26ec5b50b4e6a71f6b		No	asian_rice_panel_extraction_or_explicit_legacy_route	@{unit_id}|{original_read_name}
UC7A011D66012	angkor	angkor_original_capture_16	LV3006006421	LV3006006421	LV7008416280	LV7008960345	capture	RicePanel1	sample	angkor_legacy_capture_panel1	asian_candidate_fastq	/home/scratch/yinmt202607/tests/param_matrix_bt2_vs_bwa/00.extraction/bt2_new/fastq/LV7008416280_RicePanel1.bt2new.fastq.gz		Yes	tag_pool_competitive_mapping_besthit	@{unit_id}|{original_read_name}
UC7CC796C7183	angkor	angkor_qc_519				LV7008879807	shotgun		sample	shotgun	raw_qc_collapsed	/home/scratch/yinmt_rice/data/angkor_qc_collapsed/Lib_LV7008879807_collapsed.fastq.gz		No	crosswalk_if_needed_then_asian_rice_panel_extraction	@{unit_id}|{original_read_name}
UC8120E08836C	angkor	angkor_qc_519				LV7008879067	shotgun		sample	shotgun	raw_qc_collapsed	/home/scratch/yinmt_rice/data/angkor_qc_collapsed/Lib_LV7008879067_collapsed.fastq.gz		No	crosswalk_if_needed_then_asian_rice_panel_extraction	@{unit_id}|{original_read_name}
UC8394B109A2D	angkor	old_shotgun_376	LV3006120694	LV3006120694	LV6000619989	LV7008890351	shotgun		sample	shotgun	IRGSP1_prefilter	/projects/caeg/data/production/LV7/008/890/LV7008890351/20250827_BHCMGWDSXF/v1.0.8/4ebe3d1488023a26ec5b50b4e6a71f6b		No	asian_rice_panel_extraction_or_explicit_legacy_route	@{unit_id}|{original_read_name}
UC855C9D16AF6	angkor	angkor_qc_519	LV3006120793	LV3006120793	LV6000200228	LV7008879510	shotgun		sample	shotgun	raw_qc_collapsed	/home/scratch/yinmt_rice/data/angkor_qc_collapsed/Lib_LV7008879510_collapsed.fastq.gz		No	crosswalk_if_needed_then_asian_rice_panel_extraction	@{unit_id}|{original_read_name}
UC874565D3D89	angkor	angkor_new_capture_64	LV3006007309	LV3006007309	LV7008416334	LV7009026634	capture	RiceEProbe20Panel1	sample	angkor_new_capture_panel1	raw_PE	/home/scratch/yinmt_rice/data/angkor_another_capture_data/LV7009026634-LV7008416334-LV3006007309-RiceEProbe20Panel1captured_S28_L002_R1_001.fastq.gz	/home/scratch/yinmt_rice/data/angkor_another_capture_data/LV7009026634-LV7008416334-LV3006007309-RiceEProbe20Panel1captured_S28_L002_R2_001.fastq.gz	No	QC_then_asian_rice_panel_extraction	@{unit_id}|{original_read_name}
UC8A07F8AD3D4	angkor	old_shotgun_376	LV3006007307	LV3006007307	LV7008416324	LV7008957217	shotgun		sample	shotgun	IRGSP1_prefilter	/projects/caeg/data/production/LV7/008/957/LV7008957217/20240704_BH5FCVDSX7/v1.0.8/4ebe3d1488023a26ec5b50b4e6a71f6b		No	asian_rice_panel_extraction_or_explicit_legacy_route	@{unit_id}|{original_read_name}
UC8EFBA304E7B	nanzuo	nanzuo_function_IRGSP	YWL1-A3498		LV7005227376	LV7008960249	function		sample	direct_IRGSP	IRGSP_BAM	/home/scratch/yinmt202607/6.nanzuo_function_yancheng/LV7008960249-LV7005227376-YWL1-A3498_S50.bam		No	skip_asian_besthit_use_direct_IRGSP_downstream	
UC92E8DAAC170	angkor	angkor_qc_519				LV7008879881	shotgun		sample	shotgun	raw_qc_collapsed	/home/scratch/yinmt_rice/data/angkor_qc_collapsed/Lib_LV7008879881_collapsed.fastq.gz		No	crosswalk_if_needed_then_asian_rice_panel_extraction	@{unit_id}|{original_read_name}
UC969CFF1FB41	angkor	angkor_new_capture_64	LV3006121076	LV3006121076	LV6000619888	LV7008879219	capture	RiceEProbe20Panel1	sample	angkor_new_capture_panel1	raw_PE	/home/scratch/yinmt_rice/data/angkor_another_capture_data/LV7008879219-LV6000619888-LV3006121076-RiceEProbe20Panel1captured_S40_L003_R1_001.fastq.gz	/home/scratch/yinmt_rice/data/angkor_another_capture_data/LV7008879219-LV6000619888-LV3006121076-RiceEProbe20Panel1captured_S40_L003_R2_001.fastq.gz	No	QC_then_asian_rice_panel_extraction	@{unit_id}|{original_read_name}
UC9CE7CD9AF13	angkor	angkor_new_capture_64	LV3006120710	LV3006120710	LV6000620169	LV7008890417	capture	RiceEProbe20Panel2	sample	angkor_new_capture_panel2	raw_PE	/home/scratch/yinmt_rice/data/angkor_another_capture_data/LV7008890417-LV6000620169-LV3006120710-RiceEProbe20Panel2captured_S119_L008_R1_001.fastq.gz	/home/scratch/yinmt_rice/data/angkor_another_capture_data/LV7008890417-LV6000620169-LV3006120710-RiceEProbe20Panel2captured_S119_L008_R2_001.fastq.gz	No	QC_then_asian_rice_panel_extraction	@{unit_id}|{original_read_name}
UC9E40235DDEB	angkor	angkor_new_capture_64	LV3006120635	LV3006120635	LV6000619924	LV7008879282	capture	RiceEProbe20Panel1	sample	angkor_new_capture_panel1	raw_PE	/home/scratch/yinmt_rice/data/angkor_another_capture_data/LV7008879282-LV6000619924-LV3006120635-RiceEProbe20Panel1captured_S37_L003_R1_001.fastq.gz	/home/scratch/yinmt_rice/data/angkor_another_capture_data/LV7008879282-LV6000619924-LV3006120635-RiceEProbe20Panel1captured_S37_L003_R2_001.fastq.gz	No	QC_then_asian_rice_panel_extraction	@{unit_id}|{original_read_name}
UCA42222AFF74	angkor	angkor_qc_519				LV7008879987	shotgun		sample	shotgun	raw_qc_collapsed	/home/scratch/yinmt_rice/data/angkor_qc_collapsed/Lib_LV7008879987_collapsed.fastq.gz		No	crosswalk_if_needed_then_asian_rice_panel_extraction	@{unit_id}|{original_read_name}
UCAFD1C5794AB	angkor	old_shotgun_376	LV3006121036	LV3006121036	LV6000654727	LV7008879201	shotgun		sample	shotgun	IRGSP1_prefilter	/projects/caeg/data/production/LV7/008/879/LV7008879201/20250903_BHC5NVDSXF/v1.0.8/4ebe3d1488023a26ec5b50b4e6a71f6b		No	asian_rice_panel_extraction_or_explicit_legacy_route	@{unit_id}|{original_read_name}
UCB3E8C696FC4	angkor	old_shotgun_376	LV3005273239	LV3005273239	LV7005010712	LV7009026440	shotgun		sample	shotgun	IRGSP1_prefilter	/projects/caeg/data/production/LV7/009/026/LV7009026440/20230927_AHNLW5DSX5/v1.0.8/4ebe3d1488023a26ec5b50b4e6a71f6b		No	asian_rice_panel_extraction_or_explicit_legacy_route	@{unit_id}|{original_read_name}
UCB47A64D8175	angkor	angkor_new_capture_64	LV3006120675	LV3006120675	LV6000620035	LV7008890387	capture	RiceEProbe20Panel1	sample	angkor_new_capture_panel1	raw_PE	/home/scratch/yinmt_rice/data/angkor_another_capture_data/LV7008890387-LV6000620035-LV3006120675-RiceEProbe20Panel1captured_S92_L006_R1_001.fastq.gz	/home/scratch/yinmt_rice/data/angkor_another_capture_data/LV7008890387-LV6000620035-LV3006120675-RiceEProbe20Panel1captured_S92_L006_R2_001.fastq.gz	No	QC_then_asian_rice_panel_extraction	@{unit_id}|{original_read_name}
UCBB8EF1D0ADF	nanzuo	nanzuo_function_IRGSP	YWL1-A3503		LV7005227381	LV7008960239	function		sample	direct_IRGSP	IRGSP_BAM	/home/scratch/yinmt202607/6.nanzuo_function_yancheng/LV7008960239-LV7005227381-YWL1-A3503_S46.bam		No	skip_asian_besthit_use_direct_IRGSP_downstream	
UCBC2B553C602	nanzuo	nanzuo_function_IRGSP	YWL1-A3488		LV7005227366	LV7008960287	function		sample	direct_IRGSP	IRGSP_BAM	/home/scratch/yinmt202607/6.nanzuo_function_yancheng/LV7008960287-LV7005227366-YWL1-A3488_S54.bam		No	skip_asian_besthit_use_direct_IRGSP_downstream	
UCBCFB78D887B	angkor	angkor_qc_519				LV7008879023	shotgun		sample	shotgun	raw_qc_collapsed	/home/scratch/yinmt_rice/data/angkor_qc_collapsed/Lib_LV7008879023_collapsed.fastq.gz		No	crosswalk_if_needed_then_asian_rice_panel_extraction	@{unit_id}|{original_read_name}
UCC760903E757	angkor	angkor_new_capture_64	LV3006007302	LV3006007302	LV7008416341	LV7009021866	capture	RiceEProbe20Panel2	sample	angkor_new_capture_panel2	raw_PE	/home/scratch/yinmt_rice/data/angkor_another_capture_data/LV7009021866-LV7008416341-LV3006007302-RiceEProbe20Panel2captured_S110_L007_R1_001.fastq.gz	/home/scratch/yinmt_rice/data/angkor_another_capture_data/LV7009021866-LV7008416341-LV3006007302-RiceEProbe20Panel2captured_S110_L007_R2_001.fastq.gz	No	QC_then_asian_rice_panel_extraction	@{unit_id}|{original_read_name}
UCC8A1BEF0977	angkor	angkor_qc_519	LV3006120734	LV3006120734	LV6000202522	LV7008879519	shotgun		sample	shotgun	raw_qc_collapsed	/home/scratch/yinmt_rice/data/angkor_qc_collapsed/Lib_LV7008879519_collapsed.fastq.gz		No	crosswalk_if_needed_then_asian_rice_panel_extraction	@{unit_id}|{original_read_name}
UCCA4D9E91310	angkor	old_shotgun_376	LV3006007223	LV3006007223	LV7008416383	LV7009024586	shotgun		sample	shotgun	IRGSP1_prefilter	/projects/caeg/data/production/LV7/009/024/LV7009024586/20240702_BH5F5KDSX7/v1.0.8/4ebe3d1488023a26ec5b50b4e6a71f6b		No	asian_rice_panel_extraction_or_explicit_legacy_route	@{unit_id}|{original_read_name}
UCCD260121194	angkor	old_shotgun_376	LV3006121078	LV3006121078	LV6000619895	LV7008879256	shotgun		sample	shotgun	IRGSP1_prefilter	/projects/caeg/data/production/LV7/008/879/LV7008879256/20250825_BHC7THDSXF/v1.0.8/4ebe3d1488023a26ec5b50b4e6a71f6b		No	asian_rice_panel_extraction_or_explicit_legacy_route	@{unit_id}|{original_read_name}
UCCE729FFA79D	angkor	angkor_qc_519	SmplNTC	SmplNTC	LV6000619492	LV7008879504	shotgun		library_NTC	shotgun	raw_qc_collapsed	/home/scratch/yinmt_rice/data/angkor_qc_collapsed/Lib_LV7008879504_collapsed.fastq.gz		No	crosswalk_if_needed_then_asian_rice_panel_extraction	@{unit_id}|{original_read_name}
UCD36A5F650BC	angkor	old_shotgun_376	LV3006121020	LV3006121020	LV6000619515	LV7008879565	shotgun		sample	shotgun	IRGSP1_prefilter	/projects/caeg/data/production/LV7/008/879/LV7008879565/20250829_BHC5GYDSXF/v1.0.8/4ebe3d1488023a26ec5b50b4e6a71f6b		No	asian_rice_panel_extraction_or_explicit_legacy_route	@{unit_id}|{original_read_name}
UCD37441DBDD6	angkor	old_shotgun_376	LV3006121090	LV3006121090	LV6000654697	LV7008879218	shotgun		sample	shotgun	IRGSP1_prefilter	/projects/caeg/data/production/LV7/008/879/LV7008879218/20250903_BHC5NVDSXF/v1.0.8/4ebe3d1488023a26ec5b50b4e6a71f6b		No	asian_rice_panel_extraction_or_explicit_legacy_route	@{unit_id}|{original_read_name}
UCD5449A8A9B4	angkor	angkor_qc_519				LV7008879786	shotgun		sample	shotgun	raw_qc_collapsed	/home/scratch/yinmt_rice/data/angkor_qc_collapsed/Lib_LV7008879786_collapsed.fastq.gz		No	crosswalk_if_needed_then_asian_rice_panel_extraction	@{unit_id}|{original_read_name}
UCD63473EEC75	angkor	angkor_new_capture_64	LV3006121034	LV3006121034	LV6000619490	LV7008879554	capture	RiceEProbe20Panel1	sample	angkor_new_capture_panel1	raw_PE	/home/scratch/yinmt_rice/data/angkor_another_capture_data/LV7008879554-LV6000619490-LV3006121034-RiceEProbe20Panel1captured_S10_L001_R1_001.fastq.gz	/home/scratch/yinmt_rice/data/angkor_another_capture_data/LV7008879554-LV6000619490-LV3006121034-RiceEProbe20Panel1captured_S10_L001_R2_001.fastq.gz	No	QC_then_asian_rice_panel_extraction	@{unit_id}|{original_read_name}
UCDADD150329D	angkor	angkor_new_capture_64	LV3006120661	LV3006120661	LV6000620045	LV7008890337	capture	RiceEProbe20Panel1	sample	angkor_new_capture_panel1	raw_PE	/home/scratch/yinmt_rice/data/angkor_another_capture_data/LV7008890337-LV6000620045-LV3006120661-RiceEProbe20Panel1captured_S32_L003_R1_001.fastq.gz	/home/scratch/yinmt_rice/data/angkor_another_capture_data/LV7008890337-LV6000620045-LV3006120661-RiceEProbe20Panel1captured_S32_L003_R2_001.fastq.gz	No	QC_then_asian_rice_panel_extraction	@{unit_id}|{original_read_name}
UCDD03A3221D0	angkor	angkor_qc_519	LV3006120647	LV3006120647	LV6000619908	LV7008879258	shotgun		sample	shotgun	raw_qc_collapsed	/home/scratch/yinmt_rice/data/angkor_qc_collapsed/Lib_LV7008879258_collapsed.fastq.gz		No	crosswalk_if_needed_then_asian_rice_panel_extraction	@{unit_id}|{original_read_name}
UCE4FB4E0B072	angkor	angkor_qc_519				LV7008879932	shotgun		sample	shotgun	raw_qc_collapsed	/home/scratch/yinmt_rice/data/angkor_qc_collapsed/Lib_LV7008879932_collapsed.fastq.gz		No	crosswalk_if_needed_then_asian_rice_panel_extraction	@{unit_id}|{original_read_name}
UCE61B0F79275	angkor	angkor_qc_519				LV7008879935	shotgun		sample	shotgun	raw_qc_collapsed	/home/scratch/yinmt_rice/data/angkor_qc_collapsed/Lib_LV7008879935_collapsed.fastq.gz		No	crosswalk_if_needed_then_asian_rice_panel_extraction	@{unit_id}|{original_read_name}
UCEB65E58FBA2	angkor	angkor_qc_519				LV7008879043	shotgun		sample	shotgun	raw_qc_collapsed	/home/scratch/yinmt_rice/data/angkor_qc_collapsed/Lib_LV7008879043_collapsed.fastq.gz		No	crosswalk_if_needed_then_asian_rice_panel_extraction	@{unit_id}|{original_read_name}
UCF7C6B162775	angkor	angkor_qc_519	LV3006121047	LV3006121047	LV6000654692	LV7008879228	shotgun		sample	shotgun	raw_qc_collapsed	/home/scratch/yinmt_rice/data/angkor_qc_collapsed/Lib_LV7008879228_collapsed.fastq.gz		No	crosswalk_if_needed_then_asian_rice_panel_extraction	@{unit_id}|{original_read_name}
UCF7C9FE81239	angkor	old_shotgun_376	LV3006120684	LV3006120684	LV6000619979	LV7008890377	shotgun		sample	shotgun	IRGSP1_prefilter	/projects/caeg/data/production/LV7/008/890/LV7008890377/20250827_BHCMGWDSXF/v1.0.8/4ebe3d1488023a26ec5b50b4e6a71f6b		No	asian_rice_panel_extraction_or_explicit_legacy_route	@{unit_id}|{original_read_name}
UCF8066511170	angkor	old_shotgun_376	LV3005273257	LV3005273257	LV7005010708	LV7009026523	shotgun		sample	shotgun	IRGSP1_prefilter	/projects/caeg/data/production/LV7/009/026/LV7009026523/20230927_AHNLW5DSX5/v1.0.8/4ebe3d1488023a26ec5b50b4e6a71f6b		No	asian_rice_panel_extraction_or_explicit_legacy_route	@{unit_id}|{original_read_name}
UCF8ACD81034D	angkor	angkor_new_capture_64	LV3006007208	LV3006007208	LV7008416372	LV7009022713	capture	RiceEProbe20Panel2	sample	angkor_new_capture_panel2	raw_PE	/home/scratch/yinmt_rice/data/angkor_another_capture_data/LV7009022713-LV7008416372-LV3006007208-RiceEProbe20Panel2captured_S103_L007_R1_001.fastq.gz	/home/scratch/yinmt_rice/data/angkor_another_capture_data/LV7009022713-LV7008416372-LV3006007208-RiceEProbe20Panel2captured_S103_L007_R2_001.fastq.gz	No	QC_then_asian_rice_panel_extraction	@{unit_id}|{original_read_name}
UCFAC369FCA1F	angkor	angkor_qc_519				LV7008879012	shotgun		sample	shotgun	raw_qc_collapsed	/home/scratch/yinmt_rice/data/angkor_qc_collapsed/Lib_LV7008879012_collapsed.fastq.gz		No	crosswalk_if_needed_then_asian_rice_panel_extraction	@{unit_id}|{original_read_name}
UCFB761F81C3A	angkor	angkor_qc_519				LV7008879279	shotgun		sample	shotgun	raw_qc_collapsed	/home/scratch/yinmt_rice/data/angkor_qc_collapsed/Lib_LV7008879279_collapsed.fastq.gz		No	crosswalk_if_needed_then_asian_rice_panel_extraction	@{unit_id}|{original_read_name}
UCFE6B5886372	nanzuo	nanzuo_function_IRGSP	YWL1-A3491		LV7005227369	LV7008960230	function		sample	direct_IRGSP	IRGSP_BAM	/home/scratch/yinmt202607/6.nanzuo_function_yancheng/LV7008960230-LV7005227369-YWL1-A3491_S5.bam		No	skip_asian_besthit_use_direct_IRGSP_downstream	
UD070E6B6EE26	angkor	angkor_qc_519	LV3006121034	LV3006121034	LV6000619490	LV7008879554	shotgun		sample	shotgun	raw_qc_collapsed	/home/scratch/yinmt_rice/data/angkor_qc_collapsed/Lib_LV7008879554_collapsed.fastq.gz		No	crosswalk_if_needed_then_asian_rice_panel_extraction	@{unit_id}|{original_read_name}
UD083A12D00A2	angkor	old_shotgun_376	LV3005273231	LV3005273231	LV7005010703	LV7009026488	shotgun		sample	shotgun	IRGSP1_prefilter	/projects/caeg/data/production/LV7/009/026/LV7009026488/20230927_AHNLW5DSX5/v1.0.8/4ebe3d1488023a26ec5b50b4e6a71f6b		No	asian_rice_panel_extraction_or_explicit_legacy_route	@{unit_id}|{original_read_name}
UD094F1F499B2	angkor	angkor_qc_519				LV7008879907	shotgun		sample	shotgun	raw_qc_collapsed	/home/scratch/yinmt_rice/data/angkor_qc_collapsed/Lib_LV7008879907_collapsed.fastq.gz		No	crosswalk_if_needed_then_asian_rice_panel_extraction	@{unit_id}|{original_read_name}
UD0B0DFDD4407	angkor	old_shotgun_376	LV3006121050	LV3006121050	LV6000654725	LV7008879251	shotgun		sample	shotgun	IRGSP1_prefilter	/projects/caeg/data/production/LV7/008/879/LV7008879251/20250903_BHC5NVDSXF/v1.0.8/4ebe3d1488023a26ec5b50b4e6a71f6b		No	asian_rice_panel_extraction_or_explicit_legacy_route	@{unit_id}|{original_read_name}
UD0C558D09488	angkor	old_shotgun_376	LV3006120645	LV3006120645	LV6000619902	LV7008879196	shotgun		sample	shotgun	IRGSP1_prefilter	/projects/caeg/data/production/LV7/008/879/LV7008879196/20250825_BHC7THDSXF/v1.0.8/4ebe3d1488023a26ec5b50b4e6a71f6b		No	asian_rice_panel_extraction_or_explicit_legacy_route	@{unit_id}|{original_read_name}
UD157E52A4D66	angkor	angkor_qc_519	LV3006121058	LV3006121058	LV6000654685	LV7008879191	shotgun		sample	shotgun	raw_qc_collapsed	/home/scratch/yinmt_rice/data/angkor_qc_collapsed/Lib_LV7008879191_collapsed.fastq.gz		No	crosswalk_if_needed_then_asian_rice_panel_extraction	@{unit_id}|{original_read_name}
UD162F3B0FF19	angkor	angkor_qc_519				LV7008879106	shotgun		sample	shotgun	raw_qc_collapsed	/home/scratch/yinmt_rice/data/angkor_qc_collapsed/Lib_LV7008879106_collapsed.fastq.gz		No	crosswalk_if_needed_then_asian_rice_panel_extraction	@{unit_id}|{original_read_name}
UD1AA0857CC73	angkor	angkor_qc_519				LV7008879872	shotgun		sample	shotgun	raw_qc_collapsed	/home/scratch/yinmt_rice/data/angkor_qc_collapsed/Lib_LV7008879872_collapsed.fastq.gz		No	crosswalk_if_needed_then_asian_rice_panel_extraction	@{unit_id}|{original_read_name}
UD1CFFE9C13ED	angkor	angkor_qc_519				LV7008879923	shotgun		sample	shotgun	raw_qc_collapsed	/home/scratch/yinmt_rice/data/angkor_qc_collapsed/Lib_LV7008879923_collapsed.fastq.gz		No	crosswalk_if_needed_then_asian_rice_panel_extraction	@{unit_id}|{original_read_name}
UD2535A988DF4	angkor	old_shotgun_376	LV3006007225	LV3006007225	LV7008416368	LV7009022379	shotgun		sample	shotgun	IRGSP1_prefilter	/projects/caeg/data/production/LV7/009/022/LV7009022379/20240702_BH5F5KDSX7/v1.0.8/4ebe3d1488023a26ec5b50b4e6a71f6b		No	asian_rice_panel_extraction_or_explicit_legacy_route	@{unit_id}|{original_read_name}
UD261B62A457D	nanzuo	nanzuo_asian_extract	YWL1-A3483				shotgun		sample	nanzuo_shotgun	asian_candidate_fastq	/home/scratch/yinmt_rice/data/nanzuo_extract/shotgun/YWL1-A3483.bt2.primary_mapped.fastq.gz		Yes	tag_pool_competitive_mapping_besthit	@{unit_id}|{original_read_name}
UD29C87AAE06A	angkor	angkor_qc_519				LV7008879080	shotgun		sample	shotgun	raw_qc_collapsed	/home/scratch/yinmt_rice/data/angkor_qc_collapsed/Lib_LV7008879080_collapsed.fastq.gz		No	crosswalk_if_needed_then_asian_rice_panel_extraction	@{unit_id}|{original_read_name}
UD29DCB76C524	angkor	angkor_qc_519	LV3006121072	LV3006121072	LV6000619887	LV7008879244	shotgun		sample	shotgun	raw_qc_collapsed	/home/scratch/yinmt_rice/data/angkor_qc_collapsed/Lib_LV7008879244_collapsed.fastq.gz		No	crosswalk_if_needed_then_asian_rice_panel_extraction	@{unit_id}|{original_read_name}
UD2C432F51B46	angkor	angkor_qc_519				LV7008879102	shotgun		sample	shotgun	raw_qc_collapsed	/home/scratch/yinmt_rice/data/angkor_qc_collapsed/Lib_LV7008879102_collapsed.fastq.gz		No	crosswalk_if_needed_then_asian_rice_panel_extraction	@{unit_id}|{original_read_name}
UD333499F0B8C	nanzuo	nanzuo_asian_extract	YWL1-A3496				shotgun		sample	nanzuo_shotgun	asian_candidate_fastq	/home/scratch/yinmt_rice/data/nanzuo_extract/shotgun/YWL1-A3496.bt2.primary_mapped.fastq.gz		Yes	tag_pool_competitive_mapping_besthit	@{unit_id}|{original_read_name}
UD3772A01267A	angkor	old_shotgun_376	LV3005573882	LV3005573882	LV7005225793	LV7001897155	shotgun		sample	shotgun	IRGSP1_prefilter	/projects/caeg/data/production/LV7/001/897/LV7001897155/20230414_BHMGMJDSX5/v1.0.8/4ebe3d1488023a26ec5b50b4e6a71f6b		No	asian_rice_panel_extraction_or_explicit_legacy_route	@{unit_id}|{original_read_name}
UD386E0FF1D81	angkor	old_shotgun_376	LV3006121045	LV3006121045	LV6000654701	LV7008879215	shotgun		sample	shotgun	IRGSP1_prefilter	/projects/caeg/data/production/LV7/008/879/LV7008879215/20250903_BHC5NVDSXF/v1.0.8/4ebe3d1488023a26ec5b50b4e6a71f6b		No	asian_rice_panel_extraction_or_explicit_legacy_route	@{unit_id}|{original_read_name}
UD4222AE3D90F	angkor	angkor_qc_519				LV7008879020	shotgun		sample	shotgun	raw_qc_collapsed	/home/scratch/yinmt_rice/data/angkor_qc_collapsed/Lib_LV7008879020_collapsed.fastq.gz		No	crosswalk_if_needed_then_asian_rice_panel_extraction	@{unit_id}|{original_read_name}
UD43D8AA0BAB6	angkor	angkor_qc_519	LV3006121843	LV3006121843	LV6000200291	LV7008879498	shotgun		sample	shotgun	raw_qc_collapsed	/home/scratch/yinmt_rice/data/angkor_qc_collapsed/Lib_LV7008879498_collapsed.fastq.gz		No	crosswalk_if_needed_then_asian_rice_panel_extraction	@{unit_id}|{original_read_name}
UD4462DBCE360	angkor	angkor_qc_519				LV7008879058	shotgun		sample	shotgun	raw_qc_collapsed	/home/scratch/yinmt_rice/data/angkor_qc_collapsed/Lib_LV7008879058_collapsed.fastq.gz		No	crosswalk_if_needed_then_asian_rice_panel_extraction	@{unit_id}|{original_read_name}
UD45F78D57698	angkor	angkor_qc_519				LV7008879064	shotgun		sample	shotgun	raw_qc_collapsed	/home/scratch/yinmt_rice/data/angkor_qc_collapsed/Lib_LV7008879064_collapsed.fastq.gz		No	crosswalk_if_needed_then_asian_rice_panel_extraction	@{unit_id}|{original_read_name}
UD4880914CF71	angkor	old_shotgun_376	LV3006007301	LV3006007301	LV7008416332	LV7008960410	shotgun		sample	shotgun	IRGSP1_prefilter	/projects/caeg/data/production/LV7/008/960/LV7008960410/20240704_BH5FCVDSX7/v1.0.8/4ebe3d1488023a26ec5b50b4e6a71f6b		No	asian_rice_panel_extraction_or_explicit_legacy_route	@{unit_id}|{original_read_name}
UD495F1B2043D	angkor	angkor_new_capture_64	LV3006121013	LV3006121013	LV6000619523	LV7008879480	capture	RiceEProbe20Panel1	sample	angkor_new_capture_panel1	raw_PE	/home/scratch/yinmt_rice/data/angkor_another_capture_data/LV7008879480-LV6000619523-LV3006121013-RiceEProbe20Panel1captured_S14_L001_R1_001.fastq.gz	/home/scratch/yinmt_rice/data/angkor_another_capture_data/LV7008879480-LV6000619523-LV3006121013-RiceEProbe20Panel1captured_S14_L001_R2_001.fastq.gz	No	QC_then_asian_rice_panel_extraction	@{unit_id}|{original_read_name}
UD49CA14D70C8	angkor	angkor_qc_519				LV7008879010	shotgun		sample	shotgun	raw_qc_collapsed	/home/scratch/yinmt_rice/data/angkor_qc_collapsed/Lib_LV7008879010_collapsed.fastq.gz		No	crosswalk_if_needed_then_asian_rice_panel_extraction	@{unit_id}|{original_read_name}
UD4AA0BEF09EC	angkor	angkor_qc_519				LV7008879929	shotgun		sample	shotgun	raw_qc_collapsed	/home/scratch/yinmt_rice/data/angkor_qc_collapsed/Lib_LV7008879929_collapsed.fastq.gz		No	crosswalk_if_needed_then_asian_rice_panel_extraction	@{unit_id}|{original_read_name}
UD54A2BFFE144	angkor	old_shotgun_376	LV3005273266	LV3005273266	LV7005010707	LV7009026497	shotgun		sample	shotgun	IRGSP1_prefilter	/projects/caeg/data/production/LV7/009/026/LV7009026497/20230927_AHNLW5DSX5/v1.0.8/4ebe3d1488023a26ec5b50b4e6a71f6b		No	asian_rice_panel_extraction_or_explicit_legacy_route	@{unit_id}|{original_read_name}
UD571313D1F3B	angkor	old_shotgun_376	LV3006006403	LV3006006403	LV7008416270	LV7008960937	shotgun		sample	shotgun	IRGSP1_prefilter	/projects/caeg/data/production/LV7/008/960/LV7008960937/20240724_BH5F2GDSX7/v1.0.8/4ebe3d1488023a26ec5b50b4e6a71f6b		No	asian_rice_panel_extraction_or_explicit_legacy_route	@{unit_id}|{original_read_name}
UD580EA942A15	angkor	angkor_qc_519	LV3006120638	LV3006120638	LV6000619906	LV7008879211	shotgun		sample	shotgun	raw_qc_collapsed	/home/scratch/yinmt_rice/data/angkor_qc_collapsed/Lib_LV7008879211_collapsed.fastq.gz		No	crosswalk_if_needed_then_asian_rice_panel_extraction	@{unit_id}|{original_read_name}
UD58A59C5A9E6	angkor	old_shotgun_376	LV3006007228	LV3006007228	LV7008416392	LV7009026576	shotgun		sample	shotgun	IRGSP1_prefilter	/projects/caeg/data/production/LV7/009/026/LV7009026576/20240702_BH5F5KDSX7/v1.0.8/4ebe3d1488023a26ec5b50b4e6a71f6b		No	asian_rice_panel_extraction_or_explicit_legacy_route	@{unit_id}|{original_read_name}
UD5C28BA820DC	angkor	angkor_qc_519				LV7008879165	shotgun		sample	shotgun	raw_qc_collapsed	/home/scratch/yinmt_rice/data/angkor_qc_collapsed/Lib_LV7008879165_collapsed.fastq.gz		No	crosswalk_if_needed_then_asian_rice_panel_extraction	@{unit_id}|{original_read_name}
UD5E92C4DEC04	angkor	old_shotgun_376	LV3006105271	LV3006105271	LV6000620156	LV7008890382	shotgun		sample	shotgun	IRGSP1_prefilter	/projects/caeg/data/production/LV7/008/890/LV7008890382/20250905_AHC7WJDSXF/v1.0.8/4ebe3d1488023a26ec5b50b4e6a71f6b		No	asian_rice_panel_extraction_or_explicit_legacy_route	@{unit_id}|{original_read_name}
UD5ED45EBF84C	nanzuo	nanzuo_asian_extract	YWL1-A3485				shotgun		sample	nanzuo_shotgun	asian_candidate_fastq	/home/scratch/yinmt_rice/data/nanzuo_extract/shotgun/YWL1-A3485.bt2.primary_mapped.fastq.gz		Yes	tag_pool_competitive_mapping_besthit	@{unit_id}|{original_read_name}
UD5FAF9386ADF	angkor	angkor_qc_519				LV7008879925	shotgun		sample	shotgun	raw_qc_collapsed	/home/scratch/yinmt_rice/data/angkor_qc_collapsed/Lib_LV7008879925_collapsed.fastq.gz		No	crosswalk_if_needed_then_asian_rice_panel_extraction	@{unit_id}|{original_read_name}
UD62F73B361E7	angkor	angkor_qc_519	LV3006120728	LV3006120728	LV6000202514	LV7008879531	shotgun		sample	shotgun	raw_qc_collapsed	/home/scratch/yinmt_rice/data/angkor_qc_collapsed/Lib_LV7008879531_collapsed.fastq.gz		No	crosswalk_if_needed_then_asian_rice_panel_extraction	@{unit_id}|{original_read_name}
UD65FF6AE99C2	angkor	old_shotgun_376	LV3005273267	LV3005273267	LV7005010479	LV7009026522	shotgun		sample	shotgun	IRGSP1_prefilter	/projects/caeg/data/production/LV7/009/026/LV7009026522/20230927_AHNLW5DSX5/v1.0.8/4ebe3d1488023a26ec5b50b4e6a71f6b		No	asian_rice_panel_extraction_or_explicit_legacy_route	@{unit_id}|{original_read_name}
UD73A8BCDB0B3	angkor	angkor_qc_519				LV7008879785	shotgun		sample	shotgun	raw_qc_collapsed	/home/scratch/yinmt_rice/data/angkor_qc_collapsed/Lib_LV7008879785_collapsed.fastq.gz		No	crosswalk_if_needed_then_asian_rice_panel_extraction	@{unit_id}|{original_read_name}
UD744F17C2B4D	angkor	angkor_qc_519				LV7008879014	shotgun		sample	shotgun	raw_qc_collapsed	/home/scratch/yinmt_rice/data/angkor_qc_collapsed/Lib_LV7008879014_collapsed.fastq.gz		No	crosswalk_if_needed_then_asian_rice_panel_extraction	@{unit_id}|{original_read_name}
UD75C94A26A19	angkor	old_shotgun_376	LV3006006391	LV3006006391	LV7008416308	LV7008957590	shotgun		sample	shotgun	IRGSP1_prefilter	/projects/caeg/data/production/LV7/008/957/LV7008957590/20240724_BH5F2GDSX7/v1.0.8/4ebe3d1488023a26ec5b50b4e6a71f6b		No	asian_rice_panel_extraction_or_explicit_legacy_route	@{unit_id}|{original_read_name}
UD775E4715D95	angkor	angkor_qc_519				LV7008879176	shotgun		sample	shotgun	raw_qc_collapsed	/home/scratch/yinmt_rice/data/angkor_qc_collapsed/Lib_LV7008879176_collapsed.fastq.gz		No	crosswalk_if_needed_then_asian_rice_panel_extraction	@{unit_id}|{original_read_name}
UD7BFE7AAE5B4	angkor	angkor_qc_519				LV7008879488	shotgun		sample	shotgun	raw_qc_collapsed	/home/scratch/yinmt_rice/data/angkor_qc_collapsed/Lib_LV7008879488_collapsed.fastq.gz		No	crosswalk_if_needed_then_asian_rice_panel_extraction	@{unit_id}|{original_read_name}
UD866A0BAB805	angkor	angkor_original_capture_16	LV3006006419	LV3006006419	LV7008416272	LV7008961181	capture	RicePanel1	sample	angkor_legacy_capture_panel1	asian_candidate_fastq	/home/scratch/yinmt202607/tests/param_matrix_bt2_vs_bwa/00.extraction/bt2_new/fastq/LV7008416272_RicePanel1.bt2new.fastq.gz		Yes	tag_pool_competitive_mapping_besthit	@{unit_id}|{original_read_name}
UD88316A4D665	angkor	angkor_new_capture_64	LV3006105276	LV3006105276	LV6000620195	LV7008890333	capture	RiceEProbe20Panel1	sample	angkor_new_capture_panel1	raw_PE	/home/scratch/yinmt_rice/data/angkor_another_capture_data/LV7008890333-LV6000620195-LV3006105276-RiceEProbe20Panel1captured_S82_L006_R1_001.fastq.gz	/home/scratch/yinmt_rice/data/angkor_another_capture_data/LV7008890333-LV6000620195-LV3006105276-RiceEProbe20Panel1captured_S82_L006_R2_001.fastq.gz	No	QC_then_asian_rice_panel_extraction	@{unit_id}|{original_read_name}
UD9158F4A68DD	angkor	angkor_qc_519				LV7008879783	shotgun		sample	shotgun	raw_qc_collapsed	/home/scratch/yinmt_rice/data/angkor_qc_collapsed/Lib_LV7008879783_collapsed.fastq.gz		No	crosswalk_if_needed_then_asian_rice_panel_extraction	@{unit_id}|{original_read_name}
UD93C69072201	angkor	angkor_qc_519				LV7008879157	shotgun		sample	shotgun	raw_qc_collapsed	/home/scratch/yinmt_rice/data/angkor_qc_collapsed/Lib_LV7008879157_collapsed.fastq.gz		No	crosswalk_if_needed_then_asian_rice_panel_extraction	@{unit_id}|{original_read_name}
UD943DD621FBE	angkor	angkor_qc_519				LV7008879999	shotgun		sample	shotgun	raw_qc_collapsed	/home/scratch/yinmt_rice/data/angkor_qc_collapsed/Lib_LV7008879999_collapsed.fastq.gz		No	crosswalk_if_needed_then_asian_rice_panel_extraction	@{unit_id}|{original_read_name}
UD95DBEA427DE	angkor	angkor_qc_519				LV7008879031	shotgun		sample	shotgun	raw_qc_collapsed	/home/scratch/yinmt_rice/data/angkor_qc_collapsed/Lib_LV7008879031_collapsed.fastq.gz		No	crosswalk_if_needed_then_asian_rice_panel_extraction	@{unit_id}|{original_read_name}
UD96385E16125	angkor	angkor_new_capture_64	LV3006121062	LV3006121062	LV6000654726	LV7008879226	capture	RiceEProbe20Panel1	sample	angkor_new_capture_panel1	raw_PE	/home/scratch/yinmt_rice/data/angkor_another_capture_data/LV7008879226-LV6000654726-LV3006121062-RiceEProbe20Panel1captured_S3_L001_R1_001.fastq.gz	/home/scratch/yinmt_rice/data/angkor_another_capture_data/LV7008879226-LV6000654726-LV3006121062-RiceEProbe20Panel1captured_S3_L001_R2_001.fastq.gz	No	QC_then_asian_rice_panel_extraction	@{unit_id}|{original_read_name}
UD9717D3A5B33	angkor	angkor_qc_519				LV7008879915	shotgun		sample	shotgun	raw_qc_collapsed	/home/scratch/yinmt_rice/data/angkor_qc_collapsed/Lib_LV7008879915_collapsed.fastq.gz		No	crosswalk_if_needed_then_asian_rice_panel_extraction	@{unit_id}|{original_read_name}
UD98423AAC5AE	angkor	angkor_qc_519				LV7008879781	shotgun		sample	shotgun	raw_qc_collapsed	/home/scratch/yinmt_rice/data/angkor_qc_collapsed/Lib_LV7008879781_collapsed.fastq.gz		No	crosswalk_if_needed_then_asian_rice_panel_extraction	@{unit_id}|{original_read_name}
UD9A3B838D9CC	angkor	angkor_new_capture_64	LV3006120659	LV3006120659	LV6000619992	LV7008890361	capture	RiceEProbe20Panel2	sample	angkor_new_capture_panel2	raw_PE	/home/scratch/yinmt_rice/data/angkor_another_capture_data/LV7008890361-LV6000619992-LV3006120659-RiceEProbe20Panel2captured_S50_L004_R1_001.fastq.gz	/home/scratch/yinmt_rice/data/angkor_another_capture_data/LV7008890361-LV6000619992-LV3006120659-RiceEProbe20Panel2captured_S50_L004_R2_001.fastq.gz	No	QC_then_asian_rice_panel_extraction	@{unit_id}|{original_read_name}
UD9C3C9FCCC1B	angkor	old_shotgun_376	LV3005273247	LV3005273247	LV7005010694	LV7009026451	shotgun		sample	shotgun	IRGSP1_prefilter	/projects/caeg/data/production/LV7/009/026/LV7009026451/20230927_AHNLW5DSX5/v1.0.8/4ebe3d1488023a26ec5b50b4e6a71f6b		No	asian_rice_panel_extraction_or_explicit_legacy_route	@{unit_id}|{original_read_name}
UD9EEA9A31BEC	angkor	angkor_qc_519				LV7008879864	shotgun		sample	shotgun	raw_qc_collapsed	/home/scratch/yinmt_rice/data/angkor_qc_collapsed/Lib_LV7008879864_collapsed.fastq.gz		No	crosswalk_if_needed_then_asian_rice_panel_extraction	@{unit_id}|{original_read_name}
UDA871553166A	angkor	old_shotgun_376	LV3006120685	LV3006120685	LV6000620034	LV7008890412	shotgun		sample	shotgun	IRGSP1_prefilter	/projects/caeg/data/production/LV7/008/890/LV7008890412/20250827_BHCMGWDSXF/v1.0.8/4ebe3d1488023a26ec5b50b4e6a71f6b		No	asian_rice_panel_extraction_or_explicit_legacy_route	@{unit_id}|{original_read_name}
UDA8C986C04B6	angkor	angkor_qc_519				LV7008879934	shotgun		sample	shotgun	raw_qc_collapsed	/home/scratch/yinmt_rice/data/angkor_qc_collapsed/Lib_LV7008879934_collapsed.fastq.gz		No	crosswalk_if_needed_then_asian_rice_panel_extraction	@{unit_id}|{original_read_name}
UDACCD28D9F5B	angkor	old_shotgun_376	LV3006120723	LV3006120723	LV6000620200	LV7008890416	shotgun		sample	shotgun	IRGSP1_prefilter	/projects/caeg/data/production/LV7/008/890/LV7008890416/20250905_AHC7WJDSXF/v1.0.8/4ebe3d1488023a26ec5b50b4e6a71f6b		No	asian_rice_panel_extraction_or_explicit_legacy_route	@{unit_id}|{original_read_name}
UDB174FC687A7	angkor	angkor_qc_519				LV7008879158	shotgun		sample	shotgun	raw_qc_collapsed	/home/scratch/yinmt_rice/data/angkor_qc_collapsed/Lib_LV7008879158_collapsed.fastq.gz		No	crosswalk_if_needed_then_asian_rice_panel_extraction	@{unit_id}|{original_read_name}
UDB34BDDB0C89	angkor	angkor_qc_519				LV7008879086	shotgun		sample	shotgun	raw_qc_collapsed	/home/scratch/yinmt_rice/data/angkor_qc_collapsed/Lib_LV7008879086_collapsed.fastq.gz		No	crosswalk_if_needed_then_asian_rice_panel_extraction	@{unit_id}|{original_read_name}
UDB7F41C8D0ED	angkor	angkor_qc_519	LV3006121046	LV3006121046	LV6000654708	LV7008879252	shotgun		sample	shotgun	raw_qc_collapsed	/home/scratch/yinmt_rice/data/angkor_qc_collapsed/Lib_LV7008879252_collapsed.fastq.gz		No	crosswalk_if_needed_then_asian_rice_panel_extraction	@{unit_id}|{original_read_name}
UDC5C7B6581FE	angkor	old_shotgun_376	LV3006120722	LV3006120722	LV6000620175	LV7008890343	shotgun		sample	shotgun	IRGSP1_prefilter	/projects/caeg/data/production/LV7/008/890/LV7008890343/20250905_AHC7WJDSXF/v1.0.8/4ebe3d1488023a26ec5b50b4e6a71f6b		No	asian_rice_panel_extraction_or_explicit_legacy_route	@{unit_id}|{original_read_name}
UDC840CB9238F	angkor	angkor_qc_519	LV3006120893	LV3006120893	LV6000200290	LV7008879523	shotgun		sample	shotgun	raw_qc_collapsed	/home/scratch/yinmt_rice/data/angkor_qc_collapsed/Lib_LV7008879523_collapsed.fastq.gz		No	crosswalk_if_needed_then_asian_rice_panel_extraction	@{unit_id}|{original_read_name}
UDD283C794C28	angkor	angkor_new_capture_64	LV3006120725	LV3006120725	LV6000620155	LV7008890345	capture	RiceEProbe20Panel2	sample	angkor_new_capture_panel2	raw_PE	/home/scratch/yinmt_rice/data/angkor_another_capture_data/LV7008890345-LV6000620155-LV3006120725-RiceEProbe20Panel2captured_S115_L008_R1_001.fastq.gz	/home/scratch/yinmt_rice/data/angkor_another_capture_data/LV7008890345-LV6000620155-LV3006120725-RiceEProbe20Panel2captured_S115_L008_R2_001.fastq.gz	No	QC_then_asian_rice_panel_extraction	@{unit_id}|{original_read_name}
UDD4626DA7FEC	angkor	old_shotgun_376	LV3005273281	LV3005273281	LV7005010693	LV7009026462	shotgun		sample	shotgun	IRGSP1_prefilter	/projects/caeg/data/production/LV7/009/026/LV7009026462/20230927_AHNLW5DSX5/v1.0.8/4ebe3d1488023a26ec5b50b4e6a71f6b		No	asian_rice_panel_extraction_or_explicit_legacy_route	@{unit_id}|{original_read_name}
UDD6834E5CA47	angkor	old_shotgun_376	LV3006006424	LV3006006424	LV7008416278	LV7008957253	shotgun		sample	shotgun	IRGSP1_prefilter	/projects/caeg/data/production/LV7/008/957/LV7008957253/20240724_BH5F2GDSX7/v1.0.8/4ebe3d1488023a26ec5b50b4e6a71f6b		No	asian_rice_panel_extraction_or_explicit_legacy_route	@{unit_id}|{original_read_name}
UDD920B1DA815	angkor	old_shotgun_376	LV3006121061	LV3006121061	LV6000654699	LV7008879265	shotgun		sample	shotgun	IRGSP1_prefilter	/projects/caeg/data/production/LV7/008/879/LV7008879265/20250903_BHC5NVDSXF/v1.0.8/4ebe3d1488023a26ec5b50b4e6a71f6b		No	asian_rice_panel_extraction_or_explicit_legacy_route	@{unit_id}|{original_read_name}
UDDA292056C3F	angkor	old_shotgun_376	LV3006121032	LV3006121032	LV6000619499	LV7008879541	shotgun		sample	shotgun	IRGSP1_prefilter	/projects/caeg/data/production/LV7/008/879/LV7008879541/20250829_BHC5GYDSXF/v1.0.8/4ebe3d1488023a26ec5b50b4e6a71f6b		No	asian_rice_panel_extraction_or_explicit_legacy_route	@{unit_id}|{original_read_name}
UDDB96FFB4355	angkor	angkor_new_capture_64	LV3006007213	LV3006007213	LV7008416403	LV7008957587	capture	RiceEProbe20Panel1	sample	angkor_new_capture_panel1	raw_PE	/home/scratch/yinmt_rice/data/angkor_another_capture_data/LV7008957587-LV7008416403-LV3006007213-RiceEProbe20Panel1captured_S21_L002_R1_001.fastq.gz	/home/scratch/yinmt_rice/data/angkor_another_capture_data/LV7008957587-LV7008416403-LV3006007213-RiceEProbe20Panel1captured_S21_L002_R2_001.fastq.gz	No	QC_then_asian_rice_panel_extraction	@{unit_id}|{original_read_name}
UDDD0E57CB246	angkor	old_shotgun_376	LV3006121049	LV3006121049	LV6000654683	LV7008879241	shotgun		sample	shotgun	IRGSP1_prefilter	/projects/caeg/data/production/LV7/008/879/LV7008879241/20250903_BHC5NVDSXF/v1.0.8/4ebe3d1488023a26ec5b50b4e6a71f6b		No	asian_rice_panel_extraction_or_explicit_legacy_route	@{unit_id}|{original_read_name}
UDE0B14E730FC	nanzuo	nanzuo_asian_extract	YWL1-A3492		LV7005227370	LV7008960314	popgen		sample	nanzuo_popgen	asian_candidate_fastq	/home/scratch/yinmt_rice/data/nanzuo_extract/popgen/YWL1-A3492.bt2.primary_mapped.fastq.gz		Yes	tag_pool_competitive_mapping_besthit	@{unit_id}|{original_read_name}
UDE68832E6F10	angkor	old_shotgun_376	LV3006121074	LV3006121074	LV6000654698	LV7008879193	shotgun		sample	shotgun	IRGSP1_prefilter	/projects/caeg/data/production/LV7/008/879/LV7008879193/20250903_BHC5NVDSXF/v1.0.8/4ebe3d1488023a26ec5b50b4e6a71f6b		No	asian_rice_panel_extraction_or_explicit_legacy_route	@{unit_id}|{original_read_name}
UDE7DB91C7F93	angkor	old_shotgun_376	LV3006120641	LV3006120641	LV6000619916	LV7008879270	shotgun		sample	shotgun	IRGSP1_prefilter	/projects/caeg/data/production/LV7/008/879/LV7008879270/20250825_BHC7THDSXF/v1.0.8/4ebe3d1488023a26ec5b50b4e6a71f6b		No	asian_rice_panel_extraction_or_explicit_legacy_route	@{unit_id}|{original_read_name}
UDE91AE6B9548	angkor	angkor_qc_519				LV7008879147	shotgun		sample	shotgun	raw_qc_collapsed	/home/scratch/yinmt_rice/data/angkor_qc_collapsed/Lib_LV7008879147_collapsed.fastq.gz		No	crosswalk_if_needed_then_asian_rice_panel_extraction	@{unit_id}|{original_read_name}
UDEAF0667FB67	angkor	angkor_new_capture_64	LV3006006406	LV3006006406	LV7008416288	LV7008961125	capture	RiceEProbe20Panel1	sample	angkor_new_capture_panel1	raw_PE	/home/scratch/yinmt_rice/data/angkor_another_capture_data/LV7008961125-LV7008416288-LV3006006406-RiceEProbe20Panel1captured_S30_L002_R1_001.fastq.gz	/home/scratch/yinmt_rice/data/angkor_another_capture_data/LV7008961125-LV7008416288-LV3006006406-RiceEProbe20Panel1captured_S30_L002_R2_001.fastq.gz	No	QC_then_asian_rice_panel_extraction	@{unit_id}|{original_read_name}
UDEFF658B5ED8	angkor	old_shotgun_376	LV3006120683	LV3006120683	LV6000619988	LV7008890376	shotgun		sample	shotgun	IRGSP1_prefilter	/projects/caeg/data/production/LV7/008/890/LV7008890376/20250827_BHCMGWDSXF/v1.0.8/4ebe3d1488023a26ec5b50b4e6a71f6b		No	asian_rice_panel_extraction_or_explicit_legacy_route	@{unit_id}|{original_read_name}
UDEFFDFB4EF47	angkor	angkor_qc_519				LV7008879936	shotgun		sample	shotgun	raw_qc_collapsed	/home/scratch/yinmt_rice/data/angkor_qc_collapsed/Lib_LV7008879936_collapsed.fastq.gz		No	crosswalk_if_needed_then_asian_rice_panel_extraction	@{unit_id}|{original_read_name}
UDF33682A091F	angkor	angkor_qc_519	LV3006121087	LV3006121087	LV6000654690	LV7008879278	shotgun		sample	shotgun	raw_qc_collapsed	/home/scratch/yinmt_rice/data/angkor_qc_collapsed/Lib_LV7008879278_collapsed.fastq.gz		No	crosswalk_if_needed_then_asian_rice_panel_extraction	@{unit_id}|{original_read_name}
UDF7C495AEE9B	angkor	old_shotgun_376	LV3006120633	LV3006120633	LV6000619917	LV7008879245	shotgun		sample	shotgun	IRGSP1_prefilter	/projects/caeg/data/production/LV7/008/879/LV7008879245/20250825_BHC7THDSXF/v1.0.8/4ebe3d1488023a26ec5b50b4e6a71f6b		No	asian_rice_panel_extraction_or_explicit_legacy_route	@{unit_id}|{original_read_name}
UDF9D3386A11D	angkor	angkor_qc_519				LV7008879890	shotgun		sample	shotgun	raw_qc_collapsed	/home/scratch/yinmt_rice/data/angkor_qc_collapsed/Lib_LV7008879890_collapsed.fastq.gz		No	crosswalk_if_needed_then_asian_rice_panel_extraction	@{unit_id}|{original_read_name}
UDFBA68908CD3	angkor	angkor_qc_519	LV3006120653	LV3006120653	LV6000619921	LV7008879260	shotgun		sample	shotgun	raw_qc_collapsed	/home/scratch/yinmt_rice/data/angkor_qc_collapsed/Lib_LV7008879260_collapsed.fastq.gz		No	crosswalk_if_needed_then_asian_rice_panel_extraction	@{unit_id}|{original_read_name}
UDFDFD8733BF3	angkor	angkor_qc_519				LV7008879946	shotgun		sample	shotgun	raw_qc_collapsed	/home/scratch/yinmt_rice/data/angkor_qc_collapsed/Lib_LV7008879946_collapsed.fastq.gz		No	crosswalk_if_needed_then_asian_rice_panel_extraction	@{unit_id}|{original_read_name}
UE01A21F5841D	angkor	angkor_qc_519				LV7008879950	shotgun		sample	shotgun	raw_qc_collapsed	/home/scratch/yinmt_rice/data/angkor_qc_collapsed/Lib_LV7008879950_collapsed.fastq.gz		No	crosswalk_if_needed_then_asian_rice_panel_extraction	@{unit_id}|{original_read_name}
UE02ABA366943	angkor	angkor_qc_519	LV3006120634	LV3006120634	LV6000619909	LV7008879233	shotgun		sample	shotgun	raw_qc_collapsed	/home/scratch/yinmt_rice/data/angkor_qc_collapsed/Lib_LV7008879233_collapsed.fastq.gz		No	crosswalk_if_needed_then_asian_rice_panel_extraction	@{unit_id}|{original_read_name}
UE03F94CF5DE6	angkor	old_shotgun_376	LV3006007299	LV3006007299	LV7008416330	LV7008957311	shotgun		sample	shotgun	IRGSP1_prefilter	/projects/caeg/data/production/LV7/008/957/LV7008957311/20240704_BH5FCVDSX7/v1.0.8/4ebe3d1488023a26ec5b50b4e6a71f6b		No	asian_rice_panel_extraction_or_explicit_legacy_route	@{unit_id}|{original_read_name}
UE05C87AB546F	angkor	old_shotgun_376	LV3005272691	LV3005272691	LV7005010658	LV7009026496	shotgun		sample	shotgun	IRGSP1_prefilter	/projects/caeg/data/production/LV7/009/026/LV7009026496/20230927_AHNLW5DSX5/v1.0.8/4ebe3d1488023a26ec5b50b4e6a71f6b		No	asian_rice_panel_extraction_or_explicit_legacy_route	@{unit_id}|{original_read_name}
UE072A5E51D99	angkor	angkor_qc_519				LV7008879095	shotgun		sample	shotgun	raw_qc_collapsed	/home/scratch/yinmt_rice/data/angkor_qc_collapsed/Lib_LV7008879095_collapsed.fastq.gz		No	crosswalk_if_needed_then_asian_rice_panel_extraction	@{unit_id}|{original_read_name}
UE08A1F3A2DFA	angkor	old_shotgun_376	LV3005272684	LV3005272684	LV7005010699	LV7009026484	shotgun		sample	shotgun	IRGSP1_prefilter	/projects/caeg/data/production/LV7/009/026/LV7009026484/20230927_AHNLW5DSX5/v1.0.8/4ebe3d1488023a26ec5b50b4e6a71f6b		No	asian_rice_panel_extraction_or_explicit_legacy_route	@{unit_id}|{original_read_name}
UE09ED3021310	angkor	angkor_qc_519				LV7008879567	shotgun		sample	shotgun	raw_qc_collapsed	/home/scratch/yinmt_rice/data/angkor_qc_collapsed/Lib_LV7008879567_collapsed.fastq.gz		No	crosswalk_if_needed_then_asian_rice_panel_extraction	@{unit_id}|{original_read_name}
UE0B923B77F1A	angkor	old_shotgun_376	LV3006120640	LV3006120640	LV6000619886	LV7008879269	shotgun		sample	shotgun	IRGSP1_prefilter	/projects/caeg/data/production/LV7/008/879/LV7008879269/20250825_BHC7THDSXF/v1.0.8/4ebe3d1488023a26ec5b50b4e6a71f6b		No	asian_rice_panel_extraction_or_explicit_legacy_route	@{unit_id}|{original_read_name}
UE110E9AEF0FD	angkor	angkor_qc_519				LV7008879805	shotgun		sample	shotgun	raw_qc_collapsed	/home/scratch/yinmt_rice/data/angkor_qc_collapsed/Lib_LV7008879805_collapsed.fastq.gz		No	crosswalk_if_needed_then_asian_rice_panel_extraction	@{unit_id}|{original_read_name}
UE164686D3374	angkor	angkor_qc_519				LV7008879130	shotgun		sample	shotgun	raw_qc_collapsed	/home/scratch/yinmt_rice/data/angkor_qc_collapsed/Lib_LV7008879130_collapsed.fastq.gz		No	crosswalk_if_needed_then_asian_rice_panel_extraction	@{unit_id}|{original_read_name}
UE17B6CD8533F	angkor	old_shotgun_376	LV3006121083	LV3006121083	LV6000619904	LV7008879243	shotgun		sample	shotgun	IRGSP1_prefilter	/projects/caeg/data/production/LV7/008/879/LV7008879243/20250825_BHC7THDSXF/v1.0.8/4ebe3d1488023a26ec5b50b4e6a71f6b		No	asian_rice_panel_extraction_or_explicit_legacy_route	@{unit_id}|{original_read_name}
UE1AD9563FC8A	angkor	angkor_qc_519				LV7008879146	shotgun		sample	shotgun	raw_qc_collapsed	/home/scratch/yinmt_rice/data/angkor_qc_collapsed/Lib_LV7008879146_collapsed.fastq.gz		No	crosswalk_if_needed_then_asian_rice_panel_extraction	@{unit_id}|{original_read_name}
UE1D0D54822E3	angkor	angkor_qc_519				LV7008879084	shotgun		sample	shotgun	raw_qc_collapsed	/home/scratch/yinmt_rice/data/angkor_qc_collapsed/Lib_LV7008879084_collapsed.fastq.gz		No	crosswalk_if_needed_then_asian_rice_panel_extraction	@{unit_id}|{original_read_name}
UE1D80B0BBEB4	angkor	old_shotgun_376	LV3006120708	LV3006120708	LV6000620166	LV7008890404	shotgun		sample	shotgun	IRGSP1_prefilter	/projects/caeg/data/production/LV7/008/890/LV7008890404/20250905_AHC7WJDSXF/v1.0.8/4ebe3d1488023a26ec5b50b4e6a71f6b		No	asian_rice_panel_extraction_or_explicit_legacy_route	@{unit_id}|{original_read_name}
UE1F83105EB67	angkor	old_shotgun_376	LV3006120667	LV3006120667	LV6000619890	LV7008879284	shotgun		sample	shotgun	IRGSP1_prefilter	/projects/caeg/data/production/LV7/008/879/LV7008879284/20250825_BHC7THDSXF/v1.0.8/4ebe3d1488023a26ec5b50b4e6a71f6b		No	asian_rice_panel_extraction_or_explicit_legacy_route	@{unit_id}|{original_read_name}
UE20917022B3C	angkor	old_shotgun_376	LV3006120656	LV3006120656	LV6000620015	LV7008890398	shotgun		sample	shotgun	IRGSP1_prefilter	/projects/caeg/data/production/LV7/008/890/LV7008890398/20250827_BHCMGWDSXF/v1.0.8/4ebe3d1488023a26ec5b50b4e6a71f6b		No	asian_rice_panel_extraction_or_explicit_legacy_route	@{unit_id}|{original_read_name}
UE229549D4C10	angkor	angkor_qc_519				LV7008879142	shotgun		sample	shotgun	raw_qc_collapsed	/home/scratch/yinmt_rice/data/angkor_qc_collapsed/Lib_LV7008879142_collapsed.fastq.gz		No	crosswalk_if_needed_then_asian_rice_panel_extraction	@{unit_id}|{original_read_name}
UE27611B289A3	angkor	angkor_qc_519				LV7008879898	shotgun		sample	shotgun	raw_qc_collapsed	/home/scratch/yinmt_rice/data/angkor_qc_collapsed/Lib_LV7008879898_collapsed.fastq.gz		No	crosswalk_if_needed_then_asian_rice_panel_extraction	@{unit_id}|{original_read_name}
UE27B14D9E976	angkor	old_shotgun_376	LV3006007231	LV3006007231	LV7008416407	LV7009024089	shotgun		sample	shotgun	IRGSP1_prefilter	/projects/caeg/data/production/LV7/009/024/LV7009024089/20240702_BH5F5KDSX7/v1.0.8/4ebe3d1488023a26ec5b50b4e6a71f6b		No	asian_rice_panel_extraction_or_explicit_legacy_route	@{unit_id}|{original_read_name}
UE2B638ECFD59	angkor	old_shotgun_376	LV3006121029	LV3006121029	LV6000619489	LV7008879482	shotgun		sample	shotgun	IRGSP1_prefilter	/projects/caeg/data/production/LV7/008/879/LV7008879482/20250829_BHC5GYDSXF/v1.0.8/4ebe3d1488023a26ec5b50b4e6a71f6b		No	asian_rice_panel_extraction_or_explicit_legacy_route	@{unit_id}|{original_read_name}
UE2F688E529D4	angkor	angkor_new_capture_64	LV3006121033	LV3006121033	LV6000619530	LV7008879517	capture	RiceEProbe20Panel2	sample	angkor_new_capture_panel2	raw_PE	/home/scratch/yinmt_rice/data/angkor_another_capture_data/LV7008879517-LV6000619530-LV3006121033-RiceEProbe20Panel2captured_S77_L005_R1_001.fastq.gz	/home/scratch/yinmt_rice/data/angkor_another_capture_data/LV7008879517-LV6000619530-LV3006121033-RiceEProbe20Panel2captured_S77_L005_R2_001.fastq.gz	No	QC_then_asian_rice_panel_extraction	@{unit_id}|{original_read_name}
UE37197A113A2	angkor	angkor_qc_519	LV3006121007	LV3006121007	LV6000619531	LV7008879492	shotgun		sample	shotgun	raw_qc_collapsed	/home/scratch/yinmt_rice/data/angkor_qc_collapsed/Lib_LV7008879492_collapsed.fastq.gz		No	crosswalk_if_needed_then_asian_rice_panel_extraction	@{unit_id}|{original_read_name}
UE435E4831DA5	angkor	angkor_qc_519				LV7008879908	shotgun		sample	shotgun	raw_qc_collapsed	/home/scratch/yinmt_rice/data/angkor_qc_collapsed/Lib_LV7008879908_collapsed.fastq.gz		No	crosswalk_if_needed_then_asian_rice_panel_extraction	@{unit_id}|{original_read_name}
UE479F61DB322	angkor	old_shotgun_376	LV3006120719	LV3006120719	LV6000620176	LV7008890356	shotgun		sample	shotgun	IRGSP1_prefilter	/projects/caeg/data/production/LV7/008/890/LV7008890356/20250905_AHC7WJDSXF/v1.0.8/4ebe3d1488023a26ec5b50b4e6a71f6b		No	asian_rice_panel_extraction_or_explicit_legacy_route	@{unit_id}|{original_read_name}
UE50A1CC972E1	angkor	angkor_qc_519	LV3006120644	LV3006120644	LV6000619914	LV7008879223	shotgun		sample	shotgun	raw_qc_collapsed	/home/scratch/yinmt_rice/data/angkor_qc_collapsed/Lib_LV7008879223_collapsed.fastq.gz		No	crosswalk_if_needed_then_asian_rice_panel_extraction	@{unit_id}|{original_read_name}
UE518754D7611	angkor	angkor_qc_519				LV7008879151	shotgun		sample	shotgun	raw_qc_collapsed	/home/scratch/yinmt_rice/data/angkor_qc_collapsed/Lib_LV7008879151_collapsed.fastq.gz		No	crosswalk_if_needed_then_asian_rice_panel_extraction	@{unit_id}|{original_read_name}
UE568E8B79BDF	angkor	old_shotgun_376	LV3006121006	LV3006121006	LV6000619494	LV7008879551	shotgun		sample	shotgun	IRGSP1_prefilter	/projects/caeg/data/production/LV7/008/879/LV7008879551/20250829_BHC5GYDSXF/v1.0.8/4ebe3d1488023a26ec5b50b4e6a71f6b		No	asian_rice_panel_extraction_or_explicit_legacy_route	@{unit_id}|{original_read_name}
UE5739AA12611	angkor	old_shotgun_376	LV3006006396	LV3006006396	LV7008416276	LV7009024574	shotgun		sample	shotgun	IRGSP1_prefilter	/projects/caeg/data/production/LV7/009/024/LV7009024574/20240724_BH5F2GDSX7/v1.0.8/4ebe3d1488023a26ec5b50b4e6a71f6b		No	asian_rice_panel_extraction_or_explicit_legacy_route	@{unit_id}|{original_read_name}
UE581D62E5100	angkor	angkor_qc_519	LV3006120648	LV3006120648	LV6000619900	LV7008879246	shotgun		sample	shotgun	raw_qc_collapsed	/home/scratch/yinmt_rice/data/angkor_qc_collapsed/Lib_LV7008879246_collapsed.fastq.gz		No	crosswalk_if_needed_then_asian_rice_panel_extraction	@{unit_id}|{original_read_name}
UE5D685A3E870	angkor	old_shotgun_376	LV3006007195	LV3006007195	LV7008416404	LV7009024391	shotgun		sample	shotgun	IRGSP1_prefilter	/projects/caeg/data/production/LV7/009/024/LV7009024391/20240702_BH5F5KDSX7/v1.0.8/4ebe3d1488023a26ec5b50b4e6a71f6b		No	asian_rice_panel_extraction_or_explicit_legacy_route	@{unit_id}|{original_read_name}
UE5DB3A7895EF	angkor	old_shotgun_376	LV3006120704	LV3006120704	LV6000620202	LV7008890405	shotgun		sample	shotgun	IRGSP1_prefilter	/projects/caeg/data/production/LV7/008/890/LV7008890405/20250905_AHC7WJDSXF/v1.0.8/4ebe3d1488023a26ec5b50b4e6a71f6b		No	asian_rice_panel_extraction_or_explicit_legacy_route	@{unit_id}|{original_read_name}
UE5E5F3AF28EC	nanzuo	nanzuo_asian_extract	YWL1-A3499				shotgun		sample	nanzuo_shotgun	asian_candidate_fastq	/home/scratch/yinmt_rice/data/nanzuo_extract/shotgun/YWL1-A3499.bt2.primary_mapped.fastq.gz		Yes	tag_pool_competitive_mapping_besthit	@{unit_id}|{original_read_name}
UE6420AB978E5	angkor	angkor_qc_519				LV7008879005	shotgun		sample	shotgun	raw_qc_collapsed	/home/scratch/yinmt_rice/data/angkor_qc_collapsed/Lib_LV7008879005_collapsed.fastq.gz		No	crosswalk_if_needed_then_asian_rice_panel_extraction	@{unit_id}|{original_read_name}
UE6428FC3BD83	angkor	angkor_qc_519				LV7008879021	shotgun		sample	shotgun	raw_qc_collapsed	/home/scratch/yinmt_rice/data/angkor_qc_collapsed/Lib_LV7008879021_collapsed.fastq.gz		No	crosswalk_if_needed_then_asian_rice_panel_extraction	@{unit_id}|{original_read_name}
UE67E133E73F6	angkor	angkor_qc_519	LV3006121088	LV3006121088	LV6000654713	LV7008879242	shotgun		sample	shotgun	raw_qc_collapsed	/home/scratch/yinmt_rice/data/angkor_qc_collapsed/Lib_LV7008879242_collapsed.fastq.gz		No	crosswalk_if_needed_then_asian_rice_panel_extraction	@{unit_id}|{original_read_name}
UE6E15E12A2B0	angkor	angkor_qc_519				LV7008879078	shotgun		sample	shotgun	raw_qc_collapsed	/home/scratch/yinmt_rice/data/angkor_qc_collapsed/Lib_LV7008879078_collapsed.fastq.gz		No	crosswalk_if_needed_then_asian_rice_panel_extraction	@{unit_id}|{original_read_name}
UE6F047C5E5B5	angkor	angkor_new_capture_64	LV3006007309	LV3006007309	LV7008416334	LV7009026634	capture	RiceEProbe20Panel2	sample	angkor_new_capture_panel2	raw_PE	/home/scratch/yinmt_rice/data/angkor_another_capture_data/LV7009026634-LV7008416334-LV3006007309-RiceEProbe20Panel2captured_S109_L007_R1_001.fastq.gz	/home/scratch/yinmt_rice/data/angkor_another_capture_data/LV7009026634-LV7008416334-LV3006007309-RiceEProbe20Panel2captured_S109_L007_R2_001.fastq.gz	No	QC_then_asian_rice_panel_extraction	@{unit_id}|{original_read_name}
UE6FF00FE811F	angkor	old_shotgun_376	LV3006121065	LV3006121065	LV6000654724	LV7008879276	shotgun		sample	shotgun	IRGSP1_prefilter	/projects/caeg/data/production/LV7/008/879/LV7008879276/20250903_BHC5NVDSXF/v1.0.8/4ebe3d1488023a26ec5b50b4e6a71f6b		No	asian_rice_panel_extraction_or_explicit_legacy_route	@{unit_id}|{original_read_name}
UE769E9DE264D	angkor	angkor_qc_519	LV3006121059	LV3006121059	LV6000654687	LV7008879238	shotgun		sample	shotgun	raw_qc_collapsed	/home/scratch/yinmt_rice/data/angkor_qc_collapsed/Lib_LV7008879238_collapsed.fastq.gz		No	crosswalk_if_needed_then_asian_rice_panel_extraction	@{unit_id}|{original_read_name}
UE7A7E67E9D00	angkor	angkor_qc_519				LV7008879976	shotgun		sample	shotgun	raw_qc_collapsed	/home/scratch/yinmt_rice/data/angkor_qc_collapsed/Lib_LV7008879976_collapsed.fastq.gz		No	crosswalk_if_needed_then_asian_rice_panel_extraction	@{unit_id}|{original_read_name}
UE7AC91F968E0	angkor	angkor_qc_519				LV7008879897	shotgun		sample	shotgun	raw_qc_collapsed	/home/scratch/yinmt_rice/data/angkor_qc_collapsed/Lib_LV7008879897_collapsed.fastq.gz		No	crosswalk_if_needed_then_asian_rice_panel_extraction	@{unit_id}|{original_read_name}
UE7CDD18940DD	angkor	old_shotgun_376	LV3005273259	LV3005273259	LV7005010691	LV7009026521	shotgun		sample	shotgun	IRGSP1_prefilter	/projects/caeg/data/production/LV7/009/026/LV7009026521/20230927_AHNLW5DSX5/v1.0.8/4ebe3d1488023a26ec5b50b4e6a71f6b		No	asian_rice_panel_extraction_or_explicit_legacy_route	@{unit_id}|{original_read_name}
UE7EA07395F00	angkor	old_shotgun_376	LV3006120703	LV3006120703	LV6000620193	LV7008890380	shotgun		sample	shotgun	IRGSP1_prefilter	/projects/caeg/data/production/LV7/008/890/LV7008890380/20250905_AHC7WJDSXF/v1.0.8/4ebe3d1488023a26ec5b50b4e6a71f6b		No	asian_rice_panel_extraction_or_explicit_legacy_route	@{unit_id}|{original_read_name}
UE8558C0770DE	angkor	angkor_qc_519				LV7008879835	shotgun		sample	shotgun	raw_qc_collapsed	/home/scratch/yinmt_rice/data/angkor_qc_collapsed/Lib_LV7008879835_collapsed.fastq.gz		No	crosswalk_if_needed_then_asian_rice_panel_extraction	@{unit_id}|{original_read_name}
UE870EFCBB1AC	angkor	old_shotgun_376	LV3005273227	LV3005273227	LV7005225810	LV7001902859	shotgun		sample	shotgun	IRGSP1_prefilter	/projects/caeg/data/production/LV7/001/902/LV7001902859/20230414_BHMGMJDSX5/v1.0.8/4ebe3d1488023a26ec5b50b4e6a71f6b		No	asian_rice_panel_extraction_or_explicit_legacy_route	@{unit_id}|{original_read_name}
UE9272A1E193F	angkor	angkor_new_capture_64	LV3006007208	LV3006007208	LV7008416372	LV7009022713	capture	RiceEProbe20Panel1	sample	angkor_new_capture_panel1	raw_PE	/home/scratch/yinmt_rice/data/angkor_another_capture_data/LV7009022713-LV7008416372-LV3006007208-RiceEProbe20Panel1captured_S22_L002_R1_001.fastq.gz	/home/scratch/yinmt_rice/data/angkor_another_capture_data/LV7009022713-LV7008416372-LV3006007208-RiceEProbe20Panel1captured_S22_L002_R2_001.fastq.gz	No	QC_then_asian_rice_panel_extraction	@{unit_id}|{original_read_name}
UE953B725FF7E	angkor	angkor_qc_519				LV7008879784	shotgun		sample	shotgun	raw_qc_collapsed	/home/scratch/yinmt_rice/data/angkor_qc_collapsed/Lib_LV7008879784_collapsed.fastq.gz		No	crosswalk_if_needed_then_asian_rice_panel_extraction	@{unit_id}|{original_read_name}
UE966A415ECB7	angkor	old_shotgun_376	LV3006121037	LV3006121037	LV6000654589	LV7008879237	shotgun		sample	shotgun	IRGSP1_prefilter	/projects/caeg/data/production/LV7/008/879/LV7008879237/20250903_BHC5NVDSXF/v1.0.8/4ebe3d1488023a26ec5b50b4e6a71f6b		No	asian_rice_panel_extraction_or_explicit_legacy_route	@{unit_id}|{original_read_name}
UEA21043FFB24	angkor	angkor_qc_519				LV7008879013	shotgun		sample	shotgun	raw_qc_collapsed	/home/scratch/yinmt_rice/data/angkor_qc_collapsed/Lib_LV7008879013_collapsed.fastq.gz		No	crosswalk_if_needed_then_asian_rice_panel_extraction	@{unit_id}|{original_read_name}
UEA2145658985	angkor	angkor_qc_519				LV7008879091	shotgun		sample	shotgun	raw_qc_collapsed	/home/scratch/yinmt_rice/data/angkor_qc_collapsed/Lib_LV7008879091_collapsed.fastq.gz		No	crosswalk_if_needed_then_asian_rice_panel_extraction	@{unit_id}|{original_read_name}
UEA2D51995B21	angkor	angkor_qc_519				LV7008879910	shotgun		sample	shotgun	raw_qc_collapsed	/home/scratch/yinmt_rice/data/angkor_qc_collapsed/Lib_LV7008879910_collapsed.fastq.gz		No	crosswalk_if_needed_then_asian_rice_panel_extraction	@{unit_id}|{original_read_name}
UEB0BBFFEE2BB	angkor	angkor_qc_519				LV7008879911	shotgun		sample	shotgun	raw_qc_collapsed	/home/scratch/yinmt_rice/data/angkor_qc_collapsed/Lib_LV7008879911_collapsed.fastq.gz		No	crosswalk_if_needed_then_asian_rice_panel_extraction	@{unit_id}|{original_read_name}
UEB7689CDEF42	angkor	angkor_qc_519				LV7008879177	shotgun		sample	shotgun	raw_qc_collapsed	/home/scratch/yinmt_rice/data/angkor_qc_collapsed/Lib_LV7008879177_collapsed.fastq.gz		No	crosswalk_if_needed_then_asian_rice_panel_extraction	@{unit_id}|{original_read_name}
UEB8336C292A5	angkor	angkor_qc_519				LV7008879912	shotgun		sample	shotgun	raw_qc_collapsed	/home/scratch/yinmt_rice/data/angkor_qc_collapsed/Lib_LV7008879912_collapsed.fastq.gz		No	crosswalk_if_needed_then_asian_rice_panel_extraction	@{unit_id}|{original_read_name}
UEB9CD6B2D1B4	angkor	angkor_qc_519	LV3006121060	LV3006121060	LV6000654723	LV7008879204	shotgun		sample	shotgun	raw_qc_collapsed	/home/scratch/yinmt_rice/data/angkor_qc_collapsed/Lib_LV7008879204_collapsed.fastq.gz		No	crosswalk_if_needed_then_asian_rice_panel_extraction	@{unit_id}|{original_read_name}
UEB9CFD76FFFB	angkor	old_shotgun_376	LV3006120699	LV3006120699	LV6000620031	LV7008890378	shotgun		sample	shotgun	IRGSP1_prefilter	/projects/caeg/data/production/LV7/008/890/LV7008890378/20250827_BHCMGWDSXF/v1.0.8/4ebe3d1488023a26ec5b50b4e6a71f6b		No	asian_rice_panel_extraction_or_explicit_legacy_route	@{unit_id}|{original_read_name}
UEBAFC2E720D8	angkor	angkor_qc_519				LV7008879077	shotgun		sample	shotgun	raw_qc_collapsed	/home/scratch/yinmt_rice/data/angkor_qc_collapsed/Lib_LV7008879077_collapsed.fastq.gz		No	crosswalk_if_needed_then_asian_rice_panel_extraction	@{unit_id}|{original_read_name}
UEC3C35E08D15	angkor	angkor_qc_519				LV7008879930	shotgun		sample	shotgun	raw_qc_collapsed	/home/scratch/yinmt_rice/data/angkor_qc_collapsed/Lib_LV7008879930_collapsed.fastq.gz		No	crosswalk_if_needed_then_asian_rice_panel_extraction	@{unit_id}|{original_read_name}
UEC5959001193	angkor	angkor_new_capture_64	LV3006121082	LV3006121082	LV6000654705	LV7008879230	capture	RiceEProbe20Panel1	sample	angkor_new_capture_panel1	raw_PE	/home/scratch/yinmt_rice/data/angkor_another_capture_data/LV7008879230-LV6000654705-LV3006121082-RiceEProbe20Panel1captured_S43_L003_R1_001.fastq.gz	/home/scratch/yinmt_rice/data/angkor_another_capture_data/LV7008879230-LV6000654705-LV3006121082-RiceEProbe20Panel1captured_S43_L003_R2_001.fastq.gz	No	QC_then_asian_rice_panel_extraction	@{unit_id}|{original_read_name}
UEC94F40DF66F	angkor	angkor_qc_519				LV7008879804	shotgun		sample	shotgun	raw_qc_collapsed	/home/scratch/yinmt_rice/data/angkor_qc_collapsed/Lib_LV7008879804_collapsed.fastq.gz		No	crosswalk_if_needed_then_asian_rice_panel_extraction	@{unit_id}|{original_read_name}
UECD3470B63E9	nanzuo	nanzuo_asian_extract	YWL1-A3503		LV7005227381	LV7008960239	popgen		sample	nanzuo_popgen	asian_candidate_fastq	/home/scratch/yinmt_rice/data/nanzuo_extract/popgen/YWL1-A3503.bt2.primary_mapped.fastq.gz		Yes	tag_pool_competitive_mapping_besthit	@{unit_id}|{original_read_name}
UECF6727C44A9	angkor	old_shotgun_376	LV3006121033	LV3006121033	LV6000619530	LV7008879517	shotgun		sample	shotgun	IRGSP1_prefilter	/projects/caeg/data/production/LV7/008/879/LV7008879517/20250829_BHC5GYDSXF/v1.0.8/4ebe3d1488023a26ec5b50b4e6a71f6b		No	asian_rice_panel_extraction_or_explicit_legacy_route	@{unit_id}|{original_read_name}
UED232F54D4F1	angkor	old_shotgun_376	LV3006007312	LV3006007312	LV7008416340	LV7008958322	shotgun		sample	shotgun	IRGSP1_prefilter	/projects/caeg/data/production/LV7/008/958/LV7008958322/20240704_BH5FCVDSX7/v1.0.8/4ebe3d1488023a26ec5b50b4e6a71f6b		No	asian_rice_panel_extraction_or_explicit_legacy_route	@{unit_id}|{original_read_name}
UED2962497BBE	angkor	angkor_new_capture_64	LV3006121065	LV3006121065	LV6000654724	LV7008879276	capture	RiceEProbe20Panel1	sample	angkor_new_capture_panel1	raw_PE	/home/scratch/yinmt_rice/data/angkor_another_capture_data/LV7008879276-LV6000654724-LV3006121065-RiceEProbe20Panel1captured_S46_L003_R1_001.fastq.gz	/home/scratch/yinmt_rice/data/angkor_another_capture_data/LV7008879276-LV6000654724-LV3006121065-RiceEProbe20Panel1captured_S46_L003_R2_001.fastq.gz	No	QC_then_asian_rice_panel_extraction	@{unit_id}|{original_read_name}
UED66457A35F0	angkor	angkor_qc_519	LV3006121063	LV3006121063	LV6000654709	LV7008879227	shotgun		sample	shotgun	raw_qc_collapsed	/home/scratch/yinmt_rice/data/angkor_qc_collapsed/Lib_LV7008879227_collapsed.fastq.gz		No	crosswalk_if_needed_then_asian_rice_panel_extraction	@{unit_id}|{original_read_name}
UEE1682450884	angkor	old_shotgun_376	LV3006006401	LV3006006401	LV7008416295	LV7008958486	shotgun		sample	shotgun	IRGSP1_prefilter	/projects/caeg/data/production/LV7/008/958/LV7008958486/20240724_BH5F2GDSX7/v1.0.8/4ebe3d1488023a26ec5b50b4e6a71f6b		No	asian_rice_panel_extraction_or_explicit_legacy_route	@{unit_id}|{original_read_name}
UEE4744988A8A	mcp	mcp_reshotgun	proxy20260303204		LV6000655556	LV7008865128	shotgun		sample	shotgun	raw_bbduk	/home/scratch/yinmt202607/4.mcp_reshotgun/data/reads/LV7008865128-LV6000655556-proxy20260303204_S137.bbduk.lowcomp_filtered.fq		No	asian_rice_panel_extraction_then_tag_pool_besthit	@{unit_id}|{original_read_name}
UEE70154E08D2	angkor	angkor_qc_519				LV7008879090	shotgun		sample	shotgun	raw_qc_collapsed	/home/scratch/yinmt_rice/data/angkor_qc_collapsed/Lib_LV7008879090_collapsed.fastq.gz		No	crosswalk_if_needed_then_asian_rice_panel_extraction	@{unit_id}|{original_read_name}
UEF6AE89C0D0C	angkor	angkor_qc_519				LV7008879055	shotgun		sample	shotgun	raw_qc_collapsed	/home/scratch/yinmt_rice/data/angkor_qc_collapsed/Lib_LV7008879055_collapsed.fastq.gz		No	crosswalk_if_needed_then_asian_rice_panel_extraction	@{unit_id}|{original_read_name}
UEFD503776106	angkor	angkor_new_capture_64	LV3006121077	LV3006121077	LV6000619911	LV7008879280	capture	RiceEProbe20Panel2	sample	angkor_new_capture_panel2	raw_PE	/home/scratch/yinmt_rice/data/angkor_another_capture_data/LV7008879280-LV6000619911-LV3006121077-RiceEProbe20Panel2captured_S56_L004_R1_001.fastq.gz	/home/scratch/yinmt_rice/data/angkor_another_capture_data/LV7008879280-LV6000619911-LV3006121077-RiceEProbe20Panel2captured_S56_L004_R2_001.fastq.gz	No	QC_then_asian_rice_panel_extraction	@{unit_id}|{original_read_name}
UF02B2BE388BB	angkor	old_shotgun_376	LV3005273248	LV3005273248	LV7005225820	LV7001903371	shotgun		sample	shotgun	IRGSP1_prefilter	/projects/caeg/data/production/LV7/001/903/LV7001903371/20230414_BHMGMJDSX5/v1.0.8/4ebe3d1488023a26ec5b50b4e6a71f6b		No	asian_rice_panel_extraction_or_explicit_legacy_route	@{unit_id}|{original_read_name}
UF089E557C1FE	angkor	angkor_qc_519				LV7008879000	shotgun		sample	shotgun	raw_qc_collapsed	/home/scratch/yinmt_rice/data/angkor_qc_collapsed/Lib_LV7008879000_collapsed.fastq.gz		No	crosswalk_if_needed_then_asian_rice_panel_extraction	@{unit_id}|{original_read_name}
UF0C36530447E	angkor	angkor_qc_519				LV7008879830	shotgun		sample	shotgun	raw_qc_collapsed	/home/scratch/yinmt_rice/data/angkor_qc_collapsed/Lib_LV7008879830_collapsed.fastq.gz		No	crosswalk_if_needed_then_asian_rice_panel_extraction	@{unit_id}|{original_read_name}
UF0FE4B83103E	angkor	angkor_qc_519				LV7008879096	shotgun		sample	shotgun	raw_qc_collapsed	/home/scratch/yinmt_rice/data/angkor_qc_collapsed/Lib_LV7008879096_collapsed.fastq.gz		No	crosswalk_if_needed_then_asian_rice_panel_extraction	@{unit_id}|{original_read_name}
UF1323389282C	angkor	old_shotgun_376	LV3006120718	LV3006120718	LV6000620194	LV7008890357	shotgun		sample	shotgun	IRGSP1_prefilter	/projects/caeg/data/production/LV7/008/890/LV7008890357/20250905_AHC7WJDSXF/v1.0.8/4ebe3d1488023a26ec5b50b4e6a71f6b		No	asian_rice_panel_extraction_or_explicit_legacy_route	@{unit_id}|{original_read_name}
UF1471E789AC7	angkor	angkor_qc_519				LV7008879019	shotgun		sample	shotgun	raw_qc_collapsed	/home/scratch/yinmt_rice/data/angkor_qc_collapsed/Lib_LV7008879019_collapsed.fastq.gz		No	crosswalk_if_needed_then_asian_rice_panel_extraction	@{unit_id}|{original_read_name}
UF25FE49E93B1	angkor	angkor_qc_519				LV7008879900	shotgun		sample	shotgun	raw_qc_collapsed	/home/scratch/yinmt_rice/data/angkor_qc_collapsed/Lib_LV7008879900_collapsed.fastq.gz		No	crosswalk_if_needed_then_asian_rice_panel_extraction	@{unit_id}|{original_read_name}
UF26820F7D5E6	angkor	angkor_qc_519	LV3006120778	LV3006120778	LV6000200278	LV7008879496	shotgun		sample	shotgun	raw_qc_collapsed	/home/scratch/yinmt_rice/data/angkor_qc_collapsed/Lib_LV7008879496_collapsed.fastq.gz		No	crosswalk_if_needed_then_asian_rice_panel_extraction	@{unit_id}|{original_read_name}
UF2F416300306	angkor	old_shotgun_376	LV3006121084	LV3006121084	LV6000619896	LV7008879231	shotgun		sample	shotgun	IRGSP1_prefilter	/projects/caeg/data/production/LV7/008/879/LV7008879231/20250825_BHC7THDSXF/v1.0.8/4ebe3d1488023a26ec5b50b4e6a71f6b		No	asian_rice_panel_extraction_or_explicit_legacy_route	@{unit_id}|{original_read_name}
UF309EE46B602	nanzuo	nanzuo_asian_extract	YWL1-A3486		LV7005226553	LV7008960240	popgen		sample	nanzuo_popgen	asian_candidate_fastq	/home/scratch/yinmt_rice/data/nanzuo_extract/popgen/YWL1-A3486.bt2.primary_mapped.fastq.gz		Yes	tag_pool_competitive_mapping_besthit	@{unit_id}|{original_read_name}
UF387DB427250	angkor	angkor_qc_519				LV7008879820	shotgun		sample	shotgun	raw_qc_collapsed	/home/scratch/yinmt_rice/data/angkor_qc_collapsed/Lib_LV7008879820_collapsed.fastq.gz		No	crosswalk_if_needed_then_asian_rice_panel_extraction	@{unit_id}|{original_read_name}
UF3925954B456	angkor	angkor_qc_519				LV7008879833	shotgun		sample	shotgun	raw_qc_collapsed	/home/scratch/yinmt_rice/data/angkor_qc_collapsed/Lib_LV7008879833_collapsed.fastq.gz		No	crosswalk_if_needed_then_asian_rice_panel_extraction	@{unit_id}|{original_read_name}
UF3C2A47E435A	angkor	angkor_qc_519	LV3006121052	LV3006121052	LV6000654710	LV7008879202	shotgun		sample	shotgun	raw_qc_collapsed	/home/scratch/yinmt_rice/data/angkor_qc_collapsed/Lib_LV7008879202_collapsed.fastq.gz		No	crosswalk_if_needed_then_asian_rice_panel_extraction	@{unit_id}|{original_read_name}
UF3C5AB912AED	angkor	angkor_qc_519				LV7008879069	shotgun		sample	shotgun	raw_qc_collapsed	/home/scratch/yinmt_rice/data/angkor_qc_collapsed/Lib_LV7008879069_collapsed.fastq.gz		No	crosswalk_if_needed_then_asian_rice_panel_extraction	@{unit_id}|{original_read_name}
UF3E7DE20B74B	angkor	angkor_qc_519				LV7008879940	shotgun		sample	shotgun	raw_qc_collapsed	/home/scratch/yinmt_rice/data/angkor_qc_collapsed/Lib_LV7008879940_collapsed.fastq.gz		No	crosswalk_if_needed_then_asian_rice_panel_extraction	@{unit_id}|{original_read_name}
UF4A8942E3B46	angkor	angkor_qc_519				LV7008879499	shotgun		sample	shotgun	raw_qc_collapsed	/home/scratch/yinmt_rice/data/angkor_qc_collapsed/Lib_LV7008879499_collapsed.fastq.gz		No	crosswalk_if_needed_then_asian_rice_panel_extraction	@{unit_id}|{original_read_name}
UF4B66E2427A5	angkor	old_shotgun_376	LV3006120647	LV3006120647	LV6000619908	LV7008879258	shotgun		sample	shotgun	IRGSP1_prefilter	/projects/caeg/data/production/LV7/008/879/LV7008879258/20250825_BHC7THDSXF/v1.0.8/4ebe3d1488023a26ec5b50b4e6a71f6b		No	asian_rice_panel_extraction_or_explicit_legacy_route	@{unit_id}|{original_read_name}
UF4C1DD9344D6	nanzuo	nanzuo_asian_extract	YWL1-A3493		LV7005225728	LV7008960277	popgen		sample	nanzuo_popgen	asian_candidate_fastq	/home/scratch/yinmt_rice/data/nanzuo_extract/popgen/YWL1-A3493.bt2.primary_mapped.fastq.gz		Yes	tag_pool_competitive_mapping_besthit	@{unit_id}|{original_read_name}
UF4E8DDBE3B78	angkor	old_shotgun_376	LV3006121057	LV3006121057	LV6000654718	LV7008879214	shotgun		sample	shotgun	IRGSP1_prefilter	/projects/caeg/data/production/LV7/008/879/LV7008879214/20250903_BHC5NVDSXF/v1.0.8/4ebe3d1488023a26ec5b50b4e6a71f6b		No	asian_rice_panel_extraction_or_explicit_legacy_route	@{unit_id}|{original_read_name}
UF4F1CACAAEA1	angkor	angkor_qc_519	LV3006121062	LV3006121062	LV6000654726	LV7008879226	shotgun		sample	shotgun	raw_qc_collapsed	/home/scratch/yinmt_rice/data/angkor_qc_collapsed/Lib_LV7008879226_collapsed.fastq.gz		No	crosswalk_if_needed_then_asian_rice_panel_extraction	@{unit_id}|{original_read_name}
UF51FA0A83FFE	angkor	angkor_qc_519	LV3006121026	LV3006121026	LV6000619507	LV7008879553	shotgun		sample	shotgun	raw_qc_collapsed	/home/scratch/yinmt_rice/data/angkor_qc_collapsed/Lib_LV7008879553_collapsed.fastq.gz		No	crosswalk_if_needed_then_asian_rice_panel_extraction	@{unit_id}|{original_read_name}
UF55BA55B73D3	angkor	angkor_qc_519	LV3006121005	LV3006121005	LV6000619533	LV7008879539	shotgun		sample	shotgun	raw_qc_collapsed	/home/scratch/yinmt_rice/data/angkor_qc_collapsed/Lib_LV7008879539_collapsed.fastq.gz		No	crosswalk_if_needed_then_asian_rice_panel_extraction	@{unit_id}|{original_read_name}
UF55C1F53C30C	angkor	old_shotgun_376	LV3006121072	LV3006121072	LV6000619887	LV7008879244	shotgun		sample	shotgun	IRGSP1_prefilter	/projects/caeg/data/production/LV7/008/879/LV7008879244/20250825_BHC7THDSXF/v1.0.8/4ebe3d1488023a26ec5b50b4e6a71f6b		No	asian_rice_panel_extraction_or_explicit_legacy_route	@{unit_id}|{original_read_name}
UF5829A007515	angkor	angkor_qc_519				LV7008879087	shotgun		sample	shotgun	raw_qc_collapsed	/home/scratch/yinmt_rice/data/angkor_qc_collapsed/Lib_LV7008879087_collapsed.fastq.gz		No	crosswalk_if_needed_then_asian_rice_panel_extraction	@{unit_id}|{original_read_name}
UF66B507D95D3	angkor	old_shotgun_376	LV3006105278	LV3006105278	LV6000620174	LV7008890372	shotgun		sample	shotgun	IRGSP1_prefilter	/projects/caeg/data/production/LV7/008/890/LV7008890372/20250905_AHC7WJDSXF/v1.0.8/4ebe3d1488023a26ec5b50b4e6a71f6b		No	asian_rice_panel_extraction_or_explicit_legacy_route	@{unit_id}|{original_read_name}
UF6931EA226A3	angkor	angkor_qc_519	LV3006121029	LV3006121029	LV6000619489	LV7008879482	shotgun		sample	shotgun	raw_qc_collapsed	/home/scratch/yinmt_rice/data/angkor_qc_collapsed/Lib_LV7008879482_collapsed.fastq.gz		No	crosswalk_if_needed_then_asian_rice_panel_extraction	@{unit_id}|{original_read_name}
UF6ADC4470ACA	angkor	old_shotgun_376	LV3006121005	LV3006121005	LV6000619533	LV7008879539	shotgun		sample	shotgun	IRGSP1_prefilter	/projects/caeg/data/production/LV7/008/879/LV7008879539/20250829_BHC5GYDSXF/v1.0.8/4ebe3d1488023a26ec5b50b4e6a71f6b		No	asian_rice_panel_extraction_or_explicit_legacy_route	@{unit_id}|{original_read_name}
UF6E9092EE1CD	angkor	angkor_new_capture_64	LV3006007228	LV3006007228	LV7008416392	LV7009026576	capture	RiceEProbe20Panel1	sample	angkor_new_capture_panel1	raw_PE	/home/scratch/yinmt_rice/data/angkor_another_capture_data/LV7009026576-LV7008416392-LV3006007228-RiceEProbe20Panel1captured_S19_L002_R1_001.fastq.gz	/home/scratch/yinmt_rice/data/angkor_another_capture_data/LV7009026576-LV7008416392-LV3006007228-RiceEProbe20Panel1captured_S19_L002_R2_001.fastq.gz	No	QC_then_asian_rice_panel_extraction	@{unit_id}|{original_read_name}
UF6F4432373FF	angkor	angkor_qc_519				LV7008879168	shotgun		sample	shotgun	raw_qc_collapsed	/home/scratch/yinmt_rice/data/angkor_qc_collapsed/Lib_LV7008879168_collapsed.fastq.gz		No	crosswalk_if_needed_then_asian_rice_panel_extraction	@{unit_id}|{original_read_name}
UF703103D51C0	angkor	old_shotgun_376	LV3005273246	LV3005273246	LV7005225825	LV7001887833	shotgun		sample	shotgun	IRGSP1_prefilter	/projects/caeg/data/production/LV7/001/887/LV7001887833/20230414_BHMGMJDSX5/v1.0.8/4ebe3d1488023a26ec5b50b4e6a71f6b		No	asian_rice_panel_extraction_or_explicit_legacy_route	@{unit_id}|{original_read_name}
UF72144A78E73	nanzuo	nanzuo_asian_extract	YWL1-A3498		LV7005227376	LV7008960249	popgen		sample	nanzuo_popgen	asian_candidate_fastq	/home/scratch/yinmt_rice/data/nanzuo_extract/popgen/YWL1-A3498.bt2.primary_mapped.fastq.gz		Yes	tag_pool_competitive_mapping_besthit	@{unit_id}|{original_read_name}
UF7958D99AFB1	angkor	angkor_new_capture_64	LV3006121043	LV3006121043	LV6000654688	LV7008879213	capture	RiceEProbe20Panel2	sample	angkor_new_capture_panel2	raw_PE	/home/scratch/yinmt_rice/data/angkor_another_capture_data/LV7008879213-LV6000654688-LV3006121043-RiceEProbe20Panel2captured_S70_L005_R1_001.fastq.gz	/home/scratch/yinmt_rice/data/angkor_another_capture_data/LV7008879213-LV6000654688-LV3006121043-RiceEProbe20Panel2captured_S70_L005_R2_001.fastq.gz	No	QC_then_asian_rice_panel_extraction	@{unit_id}|{original_read_name}
UF79C474EC91A	angkor	old_shotgun_376	LV3005273240	LV3005273240	LV7005010695	LV7009026512	shotgun		sample	shotgun	IRGSP1_prefilter	/projects/caeg/data/production/LV7/009/026/LV7009026512/20230927_AHNLW5DSX5/v1.0.8/4ebe3d1488023a26ec5b50b4e6a71f6b		No	asian_rice_panel_extraction_or_explicit_legacy_route	@{unit_id}|{original_read_name}
UF7E9C64CEDEB	angkor	old_shotgun_376	LV3006121051	LV3006121051	LV6000654702	LV7008879190	shotgun		sample	shotgun	IRGSP1_prefilter	/projects/caeg/data/production/LV7/008/879/LV7008879190/20250903_BHC5NVDSXF/v1.0.8/4ebe3d1488023a26ec5b50b4e6a71f6b		No	asian_rice_panel_extraction_or_explicit_legacy_route	@{unit_id}|{original_read_name}
UF7EE66B88E40	angkor	angkor_qc_519				LV7008879114	shotgun		sample	shotgun	raw_qc_collapsed	/home/scratch/yinmt_rice/data/angkor_qc_collapsed/Lib_LV7008879114_collapsed.fastq.gz		No	crosswalk_if_needed_then_asian_rice_panel_extraction	@{unit_id}|{original_read_name}
UF7F1C6DDC06D	angkor	angkor_qc_519	LV3006120789	LV3006120789	LV6000200286	LV7008879508	shotgun		sample	shotgun	raw_qc_collapsed	/home/scratch/yinmt_rice/data/angkor_qc_collapsed/Lib_LV7008879508_collapsed.fastq.gz		No	crosswalk_if_needed_then_asian_rice_panel_extraction	@{unit_id}|{original_read_name}
UF80998538A61	angkor	angkor_qc_519	LV3006121081	LV3006121081	LV6000654682	LV7008879266	shotgun		sample	shotgun	raw_qc_collapsed	/home/scratch/yinmt_rice/data/angkor_qc_collapsed/Lib_LV7008879266_collapsed.fastq.gz		No	crosswalk_if_needed_then_asian_rice_panel_extraction	@{unit_id}|{original_read_name}
UF811008C1F92	angkor	old_shotgun_376	LV3006121085	LV3006121085	LV6000619903	LV7008879268	shotgun		sample	shotgun	IRGSP1_prefilter	/projects/caeg/data/production/LV7/008/879/LV7008879268/20250825_BHC7THDSXF/v1.0.8/4ebe3d1488023a26ec5b50b4e6a71f6b		No	asian_rice_panel_extraction_or_explicit_legacy_route	@{unit_id}|{original_read_name}
UF8985BBA189C	nanzuo	nanzuo_asian_extract	YWL1-A3494				shotgun		sample	nanzuo_shotgun	asian_candidate_fastq	/home/scratch/yinmt_rice/data/nanzuo_extract/shotgun/YWL1-A3494.bt2.primary_mapped.fastq.gz		Yes	tag_pool_competitive_mapping_besthit	@{unit_id}|{original_read_name}
UFA0F4EF6BBB9	angkor	angkor_new_capture_64	LV3006120705	LV3006120705	LV6000620185	LV7008890393	capture	RiceEProbe20Panel1	sample	angkor_new_capture_panel1	raw_PE	/home/scratch/yinmt_rice/data/angkor_another_capture_data/LV7008890393-LV6000620185-LV3006120705-RiceEProbe20Panel1captured_S86_L006_R1_001.fastq.gz	/home/scratch/yinmt_rice/data/angkor_another_capture_data/LV7008890393-LV6000620185-LV3006120705-RiceEProbe20Panel1captured_S86_L006_R2_001.fastq.gz	No	QC_then_asian_rice_panel_extraction	@{unit_id}|{original_read_name}
UFA1862E1729B	angkor	old_shotgun_376	LV3006120674	LV3006120674	LV6000619983	LV7008890374	shotgun		sample	shotgun	IRGSP1_prefilter	/projects/caeg/data/production/LV7/008/890/LV7008890374/20250827_BHCMGWDSXF/v1.0.8/4ebe3d1488023a26ec5b50b4e6a71f6b		No	asian_rice_panel_extraction_or_explicit_legacy_route	@{unit_id}|{original_read_name}
UFA79A14CF010	angkor	angkor_qc_519				LV7008879779	shotgun		sample	shotgun	raw_qc_collapsed	/home/scratch/yinmt_rice/data/angkor_qc_collapsed/Lib_LV7008879779_collapsed.fastq.gz		No	crosswalk_if_needed_then_asian_rice_panel_extraction	@{unit_id}|{original_read_name}
UFAF6EF8A8F92	angkor	old_shotgun_376	LV3006006407	LV3006006407	LV7008416310	LV7009024910	shotgun		sample	shotgun	IRGSP1_prefilter	/projects/caeg/data/production/LV7/009/024/LV7009024910/20240724_BH5F2GDSX7/v1.0.8/4ebe3d1488023a26ec5b50b4e6a71f6b		No	asian_rice_panel_extraction_or_explicit_legacy_route	@{unit_id}|{original_read_name}
UFB0B1D259F30	angkor	old_shotgun_376	LV3006105266	LV3006105266	LV6000620189	LV7008890408	shotgun		sample	shotgun	IRGSP1_prefilter	/projects/caeg/data/production/LV7/008/890/LV7008890408/20250905_AHC7WJDSXF/v1.0.8/4ebe3d1488023a26ec5b50b4e6a71f6b		No	asian_rice_panel_extraction_or_explicit_legacy_route	@{unit_id}|{original_read_name}
UFB2398C12CE3	angkor	angkor_qc_519				LV7008879794	shotgun		sample	shotgun	raw_qc_collapsed	/home/scratch/yinmt_rice/data/angkor_qc_collapsed/Lib_LV7008879794_collapsed.fastq.gz		No	crosswalk_if_needed_then_asian_rice_panel_extraction	@{unit_id}|{original_read_name}
UFBA19F9DA3D7	angkor	angkor_qc_519	LV3006120633	LV3006120633	LV6000619917	LV7008879245	shotgun		sample	shotgun	raw_qc_collapsed	/home/scratch/yinmt_rice/data/angkor_qc_collapsed/Lib_LV7008879245_collapsed.fastq.gz		No	crosswalk_if_needed_then_asian_rice_panel_extraction	@{unit_id}|{original_read_name}
UFBCD0BFDA7F7	nanzuo	nanzuo_asian_extract	YWL1-A3502				shotgun		sample	nanzuo_shotgun	asian_candidate_fastq	/home/scratch/yinmt_rice/data/nanzuo_extract/shotgun/YWL1-A3502.bt2.primary_mapped.fastq.gz		Yes	tag_pool_competitive_mapping_besthit	@{unit_id}|{original_read_name}
UFBD0D7395217	angkor	angkor_qc_519				LV7008879109	shotgun		sample	shotgun	raw_qc_collapsed	/home/scratch/yinmt_rice/data/angkor_qc_collapsed/Lib_LV7008879109_collapsed.fastq.gz		No	crosswalk_if_needed_then_asian_rice_panel_extraction	@{unit_id}|{original_read_name}
UFC25435E57F0	angkor	old_shotgun_376	LV3006006415	LV3006006415	LV7008416286	LV7008961183	shotgun		sample	shotgun	IRGSP1_prefilter	/projects/caeg/data/production/LV7/008/961/LV7008961183/20240724_BH5F2GDSX7/v1.0.8/4ebe3d1488023a26ec5b50b4e6a71f6b		No	asian_rice_panel_extraction_or_explicit_legacy_route	@{unit_id}|{original_read_name}
UFC2DB2C30F48	angkor	angkor_qc_519				LV7008879957	shotgun		sample	shotgun	raw_qc_collapsed	/home/scratch/yinmt_rice/data/angkor_qc_collapsed/Lib_LV7008879957_collapsed.fastq.gz		No	crosswalk_if_needed_then_asian_rice_panel_extraction	@{unit_id}|{original_read_name}
UFC8E01AD6B1D	angkor	old_shotgun_376	LV3006121055	LV3006121055	LV6000654691	LV7008879253	shotgun		sample	shotgun	IRGSP1_prefilter	/projects/caeg/data/production/LV7/008/879/LV7008879253/20250903_BHC5NVDSXF/v1.0.8/4ebe3d1488023a26ec5b50b4e6a71f6b		No	asian_rice_panel_extraction_or_explicit_legacy_route	@{unit_id}|{original_read_name}
UFCA644852360	angkor	old_shotgun_376	LV3005272698	LV3005272698	LV7005010488	LV7009026508	shotgun		sample	shotgun	IRGSP1_prefilter	/projects/caeg/data/production/LV7/009/026/LV7009026508/20230927_AHNLW5DSX5/v1.0.8/4ebe3d1488023a26ec5b50b4e6a71f6b		No	asian_rice_panel_extraction_or_explicit_legacy_route	@{unit_id}|{original_read_name}
UFCA826DB8795	angkor	old_shotgun_376	LV3006121004	LV3006121004	LV6000619502	LV7008879563	shotgun		sample	shotgun	IRGSP1_prefilter	/projects/caeg/data/production/LV7/008/879/LV7008879563/20250829_BHC5GYDSXF/v1.0.8/4ebe3d1488023a26ec5b50b4e6a71f6b		No	asian_rice_panel_extraction_or_explicit_legacy_route	@{unit_id}|{original_read_name}
UFCCA7056EC45	angkor	old_shotgun_376	LV3006007214	LV3006007214	LV7008416395	LV7008957239	shotgun		sample	shotgun	IRGSP1_prefilter	/projects/caeg/data/production/LV7/008/957/LV7008957239/20240702_BH5F5KDSX7/v1.0.8/4ebe3d1488023a26ec5b50b4e6a71f6b		No	asian_rice_panel_extraction_or_explicit_legacy_route	@{unit_id}|{original_read_name}
UFD0246D0C254	angkor	angkor_new_capture_64	LV3006121027	LV3006121027	LV6000619514	LV7008879493	capture	RiceEProbe20Panel1	sample	angkor_new_capture_panel1	raw_PE	/home/scratch/yinmt_rice/data/angkor_another_capture_data/LV7008879493-LV6000619514-LV3006121027-RiceEProbe20Panel1captured_S12_L001_R1_001.fastq.gz	/home/scratch/yinmt_rice/data/angkor_another_capture_data/LV7008879493-LV6000619514-LV3006121027-RiceEProbe20Panel1captured_S12_L001_R2_001.fastq.gz	No	QC_then_asian_rice_panel_extraction	@{unit_id}|{original_read_name}
UFDB57E9C48AA	angkor	angkor_qc_519				LV7008879917	shotgun		sample	shotgun	raw_qc_collapsed	/home/scratch/yinmt_rice/data/angkor_qc_collapsed/Lib_LV7008879917_collapsed.fastq.gz		No	crosswalk_if_needed_then_asian_rice_panel_extraction	@{unit_id}|{original_read_name}
UFDC6B8636F57	angkor	angkor_qc_519				LV7008879132	shotgun		sample	shotgun	raw_qc_collapsed	/home/scratch/yinmt_rice/data/angkor_qc_collapsed/Lib_LV7008879132_collapsed.fastq.gz		No	crosswalk_if_needed_then_asian_rice_panel_extraction	@{unit_id}|{original_read_name}
UFDDB60986489	nanzuo	nanzuo_asian_extract	YWL1-A3483		LV7005227361	LV7008960218	popgen		sample	nanzuo_popgen	asian_candidate_fastq	/home/scratch/yinmt_rice/data/nanzuo_extract/popgen/YWL1-A3483.bt2.primary_mapped.fastq.gz		Yes	tag_pool_competitive_mapping_besthit	@{unit_id}|{original_read_name}
UFE0C0E6C1196	nanzuo	nanzuo_asian_extract	YWL1-A3487		LV7005227365	LV7008960215	popgen		sample	nanzuo_popgen	asian_candidate_fastq	/home/scratch/yinmt_rice/data/nanzuo_extract/popgen/YWL1-A3487.bt2.primary_mapped.fastq.gz		Yes	tag_pool_competitive_mapping_besthit	@{unit_id}|{original_read_name}
UFE5CD2D5F978	angkor	angkor_qc_519				LV7008879128	shotgun		sample	shotgun	raw_qc_collapsed	/home/scratch/yinmt_rice/data/angkor_qc_collapsed/Lib_LV7008879128_collapsed.fastq.gz		No	crosswalk_if_needed_then_asian_rice_panel_extraction	@{unit_id}|{original_read_name}
UFEB669E79B8E	angkor	angkor_new_capture_64	LV3006121089	LV3006121089	LV6000654689	LV7008879206	capture	RiceEProbe20Panel1	sample	angkor_new_capture_panel1	raw_PE	/home/scratch/yinmt_rice/data/angkor_another_capture_data/LV7008879206-LV6000654689-LV3006121089-RiceEProbe20Panel1captured_S31_L002_R1_001.fastq.gz	/home/scratch/yinmt_rice/data/angkor_another_capture_data/LV7008879206-LV6000654689-LV3006121089-RiceEProbe20Panel1captured_S31_L002_R2_001.fastq.gz	No	QC_then_asian_rice_panel_extraction	@{unit_id}|{original_read_name}
UFEEF8FE51732	angkor	old_shotgun_376	LV3006007306	LV3006007306	LV7008416339	LV7009024536	shotgun		sample	shotgun	IRGSP1_prefilter	/projects/caeg/data/production/LV7/009/024/LV7009024536/20240704_BH5FCVDSX7/v1.0.8/4ebe3d1488023a26ec5b50b4e6a71f6b		No	asian_rice_panel_extraction_or_explicit_legacy_route	@{unit_id}|{original_read_name}
UFF068C1E3C26	angkor	old_shotgun_376	LV3006120658	LV3006120658	LV6000620030	LV7008890385	shotgun		sample	shotgun	IRGSP1_prefilter	/projects/caeg/data/production/LV7/008/890/LV7008890385/20250827_BHCMGWDSXF/v1.0.8/4ebe3d1488023a26ec5b50b4e6a71f6b		No	asian_rice_panel_extraction_or_explicit_legacy_route	@{unit_id}|{original_read_name}
UFF8090E59F42	angkor	old_shotgun_376	LV3006120696	LV3006120696	LV6000620033	LV7008890340	shotgun		sample	shotgun	IRGSP1_prefilter	/projects/caeg/data/production/LV7/008/890/LV7008890340/20250827_BHCMGWDSXF/v1.0.8/4ebe3d1488023a26ec5b50b4e6a71f6b		No	asian_rice_panel_extraction_or_explicit_legacy_route	@{unit_id}|{original_read_name}
UFF84BC6D3B9E	angkor	old_shotgun_376	LV3005273264	LV3005273264	LV7005010678	LV7009026499	shotgun		sample	shotgun	IRGSP1_prefilter	/projects/caeg/data/production/LV7/009/026/LV7009026499/20230927_AHNLW5DSX5/v1.0.8/4ebe3d1488023a26ec5b50b4e6a71f6b		No	asian_rice_panel_extraction_or_explicit_legacy_route	@{unit_id}|{original_read_name}
UFF8FDEE3C5C3	angkor	angkor_qc_519	LV3006121082	LV3006121082	LV6000654705	LV7008879230	shotgun		sample	shotgun	raw_qc_collapsed	/home/scratch/yinmt_rice/data/angkor_qc_collapsed/Lib_LV7008879230_collapsed.fastq.gz		No	crosswalk_if_needed_then_asian_rice_panel_extraction	@{unit_id}|{original_read_name}
UFF92B73A4444	angkor	old_shotgun_376	LV3006120700	LV3006120700	LV6000619985	LV7008890342	shotgun		sample	shotgun	IRGSP1_prefilter	/projects/caeg/data/production/LV7/008/890/LV7008890342/20250827_BHCMGWDSXF/v1.0.8/4ebe3d1488023a26ec5b50b4e6a71f6b		No	asian_rice_panel_extraction_or_explicit_legacy_route	@{unit_id}|{original_read_name}
