sample_id,project,library_id,robot_id,library_type,archive_sample_id,core_id,depth_cm,age_raw,age_value,age_min,age_max,age_error,age_unit,site,geographic_location,latitude,longitude,shotgun_qc,capture1_qc,capture2_qc,shotgun_asian_input_reads,shotgun_asian_extract_reads,shotgun_asian_besthit_reads,shotgun_asian_mapped_reads,shotgun_asian_dedup_reads,shotgun_irgsp_input_reads,shotgun_irgsp_extract_reads,shotgun_irgsp_besthit_reads,shotgun_irgsp_mapped_reads,shotgun_irgsp_dedup_reads,capture1_asian_input_reads,capture1_asian_extract_reads,capture1_asian_besthit_reads,capture1_asian_mapped_reads,capture1_asian_dedup_reads,capture1_irgsp_input_reads,capture1_irgsp_extract_reads,capture1_irgsp_besthit_reads,capture1_irgsp_mapped_reads,capture1_irgsp_dedup_reads,capture2_asian_input_reads,capture2_asian_extract_reads,capture2_asian_besthit_reads,capture2_asian_mapped_reads,capture2_asian_dedup_reads,capture2_irgsp_input_reads,capture2_irgsp_extract_reads,capture2_irgsp_besthit_reads,capture2_irgsp_mapped_reads,capture2_irgsp_dedup_reads,count_note,shotgun_oldnew_route_status,capture1_duplicate_status,capture1_duplicate_candidate_a_counts,capture1_duplicate_candidate_b_counts,capture2_duplicate_status,capture2_duplicate_candidate_a_counts,capture2_duplicate_candidate_b_counts,count_sources,coordinate_status,coordinate_source,coordinate_note
LV3000765846,angkor,LV3000765846,LV7008416342,ss,LV3006007310,CAM23-13,10,1451 CE (model year),1451,1451,1451,,CE,"Northern Temple Moat, Angkor Wat","Northern Temple Moat, Angkor Wat; Cambodia",13.413,103.864639,Qualified; historical collapsed available; extract count available,,,,,,,,,105,49,47,47,,,,,,,,,,,,,,,,,,,,,现有路线计数填入 extract,,,,,,,,sample_reads_wide.tsv (v1); pipeline_reads_extract_besthit.tsv; irgsp_dedup_bam_reads.tsv,reported_in_cam_metadata,"sample_meta_data_20250922.tsv: field_sample_id@field_sample, latitude, longitude",Exact coordinate reported for Angkor core CAM23-13; independently reproduced in angkor_final_metadata.tsv
LV7001884436,angkor,LV7001884436,LV7005225829,ds,LV3005273250,CAM22-08,44.5,,,,,,,"Angkor Thom Temple Moat, Angkor","Angkor Thom Temple Moat, Angkor; Cambodia",13.42725,103.844722,Qualified; historical collapsed available; extract count available,,,,,,,,,15994,8311,7731,7671,,,,,,,,,,,,,,,,,,,,,现有路线计数填入 extract,,,,,,,,sample_reads_wide.tsv (v1); pipeline_reads_extract_besthit.tsv; irgsp_dedup_bam_reads.tsv,reported_in_cam_metadata,"sample_meta_data_20250922.tsv: field_sample_id@field_sample, latitude, longitude",Exact coordinate reported for Angkor core CAM22-08; independently reproduced in angkor_final_metadata.tsv
LV7001884448,angkor,LV7001884448,LV7005225785,ds,LV3005273235,CAM22-08,49,,,,,,,"Angkor Thom Temple Moat, Angkor","Angkor Thom Temple Moat, Angkor; Cambodia",13.42725,103.844722,Qualified; historical collapsed available; extract count available,,,,,,,,,6285,3295,3097,3061,,,,,,,,,,,,,,,,,,,,,现有路线计数填入 extract,,,,,,,,sample_reads_wide.tsv (v1); pipeline_reads_extract_besthit.tsv; irgsp_dedup_bam_reads.tsv,reported_in_cam_metadata,"sample_meta_data_20250922.tsv: field_sample_id@field_sample, latitude, longitude",Exact coordinate reported for Angkor core CAM22-08; independently reproduced in angkor_final_metadata.tsv
LV7001884449,angkor,LV7001884449,LV7005225803,ds,LV3005573878,CAM2201,66,,,,,,,"West Baray, Angkor","West Baray, Angkor; Cambodia",13.427556,103.766056,Qualified; historical collapsed available; extract count available,,,,,,,,,107,33,29,29,,,,,,,,,,,,,,,,,,,,,现有路线计数填入 extract,,,,,,,,sample_reads_wide.tsv (v1); pipeline_reads_extract_besthit.tsv; irgsp_dedup_bam_reads.tsv,reported_in_cam_metadata,"sample_meta_data_20250922.tsv: field_sample_id@field_sample, latitude, longitude",Exact coordinate reported for Angkor core CAM2201; independently reproduced in angkor_final_metadata.tsv
LV7001884491,angkor,LV7001884491,LV7005225812,ds,LV3005273242,CAM22-08,46,,,,,,,"Angkor Thom Temple Moat, Angkor","Angkor Thom Temple Moat, Angkor; Cambodia",13.42725,103.844722,Qualified; historical collapsed available; extract count available,,,,,,,,,14871,7355,6812,6736,,,,,,,,,,,,,,,,,,,,,现有路线计数填入 extract,,,,,,,,sample_reads_wide.tsv (v1); pipeline_reads_extract_besthit.tsv; irgsp_dedup_bam_reads.tsv,reported_in_cam_metadata,"sample_meta_data_20250922.tsv: field_sample_id@field_sample, latitude, longitude",Exact coordinate reported for Angkor core CAM22-08; independently reproduced in angkor_final_metadata.tsv
LV7001887833,angkor,LV7001887833,LV7005225825,ds,LV3005273246,CAM22-08,43,,,,,,,"Angkor Thom Temple Moat, Angkor","Angkor Thom Temple Moat, Angkor; Cambodia",13.42725,103.844722,Qualified; historical collapsed available; extract count available,,,,,,,,,11352,5916,5482,5446,,,,,,,,,,,,,,,,,,,,,现有路线计数填入 extract,,,,,,,,sample_reads_wide.tsv (v1); pipeline_reads_extract_besthit.tsv; irgsp_dedup_bam_reads.tsv,reported_in_cam_metadata,"sample_meta_data_20250922.tsv: field_sample_id@field_sample, latitude, longitude",Exact coordinate reported for Angkor core CAM22-08; independently reproduced in angkor_final_metadata.tsv
LV7001888062,angkor,LV7001888062,LV7008416271,ss,LV3006006402,CAM23-13,63,1206 CE (model year),1206,1206,1206,,CE,"Northern Temple Moat, Angkor Wat","Northern Temple Moat, Angkor Wat; Cambodia",13.413,103.864639,Qualified; historical collapsed available; extract count available,,,,,,,,,68,13,11,10,,,,,,,,,,,,,,,,,,,,,现有路线计数填入 extract,,,,,,,,sample_reads_wide.tsv (v1); pipeline_reads_extract_besthit.tsv; irgsp_dedup_bam_reads.tsv,reported_in_cam_metadata,"sample_meta_data_20250922.tsv: field_sample_id@field_sample, latitude, longitude",Exact coordinate reported for Angkor core CAM23-13; independently reproduced in angkor_final_metadata.tsv
LV7001891118,angkor,LV7001891118,LV7005225811,ds,LV3005573865,CAM2201,74.5,,,,,,,"West Baray, Angkor","West Baray, Angkor; Cambodia",13.427556,103.766056,Qualified; historical collapsed available; extract count available,,,,,,,,,332,106,99,99,,,,,,,,,,,,,,,,,,,,,现有路线计数填入 extract,,,,,,,,sample_reads_wide.tsv (v1); pipeline_reads_extract_besthit.tsv; irgsp_dedup_bam_reads.tsv,reported_in_cam_metadata,"sample_meta_data_20250922.tsv: field_sample_id@field_sample, latitude, longitude",Exact coordinate reported for Angkor core CAM2201; independently reproduced in angkor_final_metadata.tsv
LV7001897155,angkor,LV7001897155,LV7005225793,ds,LV3005573882,CAM2201,68.5,,,,,,,"West Baray, Angkor","West Baray, Angkor; Cambodia",13.427556,103.766056,Qualified; historical collapsed available; extract count available,,,,,,,,,150,29,26,26,,,,,,,,,,,,,,,,,,,,,现有路线计数填入 extract,,,,,,,,sample_reads_wide.tsv (v1); pipeline_reads_extract_besthit.tsv; irgsp_dedup_bam_reads.tsv,reported_in_cam_metadata,"sample_meta_data_20250922.tsv: field_sample_id@field_sample, latitude, longitude",Exact coordinate reported for Angkor core CAM2201; independently reproduced in angkor_final_metadata.tsv
LV7001897394,angkor,LV7001897394,LV7005225802,ds,LV3005573872,CAM2201,71.5,,,,,,,"West Baray, Angkor","West Baray, Angkor; Cambodia",13.427556,103.766056,Qualified; historical collapsed available; extract count available,,,,,,,,,145,32,30,30,,,,,,,,,,,,,,,,,,,,,现有路线计数填入 extract,,,,,,,,sample_reads_wide.tsv (v1); pipeline_reads_extract_besthit.tsv; irgsp_dedup_bam_reads.tsv,reported_in_cam_metadata,"sample_meta_data_20250922.tsv: field_sample_id@field_sample, latitude, longitude",Exact coordinate reported for Angkor core CAM2201; independently reproduced in angkor_final_metadata.tsv
LV7001902859,angkor,LV7001902859,LV7005225810,ds,LV3005273227,CAM22-08,41,,,,,,,"Angkor Thom Temple Moat, Angkor","Angkor Thom Temple Moat, Angkor; Cambodia",13.42725,103.844722,Qualified; historical collapsed available; extract count available,,,,,,,,,12624,6320,5835,5791,,,,,,,,,,,,,,,,,,,,,现有路线计数填入 extract,,,,,,,,sample_reads_wide.tsv (v1); pipeline_reads_extract_besthit.tsv; irgsp_dedup_bam_reads.tsv,reported_in_cam_metadata,"sample_meta_data_20250922.tsv: field_sample_id@field_sample, latitude, longitude",Exact coordinate reported for Angkor core CAM22-08; independently reproduced in angkor_final_metadata.tsv
LV7001902952,angkor,LV7001902952,LV7005225786,ds,LV3005573877,CAM2201,73,,,,,,,"West Baray, Angkor","West Baray, Angkor; Cambodia",13.427556,103.766056,Qualified; historical collapsed available; extract count available,,,,,,,,,298,83,78,77,,,,,,,,,,,,,,,,,,,,,现有路线计数填入 extract,,,,,,,,sample_reads_wide.tsv (v1); pipeline_reads_extract_besthit.tsv; irgsp_dedup_bam_reads.tsv,reported_in_cam_metadata,"sample_meta_data_20250922.tsv: field_sample_id@field_sample, latitude, longitude",Exact coordinate reported for Angkor core CAM2201; independently reproduced in angkor_final_metadata.tsv
LV7001903276,angkor,LV7001903276,LV7005225830,ds,LV3005573870,CAM2201,70,,,,,,,"West Baray, Angkor","West Baray, Angkor; Cambodia",13.427556,103.766056,Qualified; historical collapsed available; extract count available,,,,,,,,,107,19,15,14,,,,,,,,,,,,,,,,,,,,,现有路线计数填入 extract,,,,,,,,sample_reads_wide.tsv (v1); pipeline_reads_extract_besthit.tsv; irgsp_dedup_bam_reads.tsv,reported_in_cam_metadata,"sample_meta_data_20250922.tsv: field_sample_id@field_sample, latitude, longitude",Exact coordinate reported for Angkor core CAM2201; independently reproduced in angkor_final_metadata.tsv
LV7001903292,angkor,LV7001903292,LV7005225823,ds,LV3005573876,CAM2201,67,,,,,,,"West Baray, Angkor","West Baray, Angkor; Cambodia",13.427556,103.766056,Qualified; historical collapsed available; extract count available,,,,,,,,,250,112,105,105,,,,,,,,,,,,,,,,,,,,,现有路线计数填入 extract,,,,,,,,sample_reads_wide.tsv (v1); pipeline_reads_extract_besthit.tsv; irgsp_dedup_bam_reads.tsv,reported_in_cam_metadata,"sample_meta_data_20250922.tsv: field_sample_id@field_sample, latitude, longitude",Exact coordinate reported for Angkor core CAM2201; independently reproduced in angkor_final_metadata.tsv
LV7001903371,angkor,LV7001903371,LV7005225820,ds,LV3005273248,CAM22-08,47.5,,,,,,,"Angkor Thom Temple Moat, Angkor","Angkor Thom Temple Moat, Angkor; Cambodia",13.42725,103.844722,Qualified; historical collapsed available; extract count available,,,,,,,,,16737,8416,7803,7747,,,,,,,,,,,,,,,,,,,,,现有路线计数填入 extract,,,,,,,,sample_reads_wide.tsv (v1); pipeline_reads_extract_besthit.tsv; irgsp_dedup_bam_reads.tsv,reported_in_cam_metadata,"sample_meta_data_20250922.tsv: field_sample_id@field_sample, latitude, longitude",Exact coordinate reported for Angkor core CAM22-08; independently reproduced in angkor_final_metadata.tsv
LV7008877310,angkor,LV7008877310,LV6000654711,ds,LV3006121031,CAM2509,76.55,1230 CE (model year),1230,1230,1230,,CE,"Northern Temple Pond, Angkor Wat","Northern Temple Pond, Angkor Wat; Cambodia",13.41298,103.864648,Qualified; historical collapsed available; extract count available,,,,,,,,,140,34,30,30,,,,,,,,,,,,,,,,,,,,,现有路线计数填入 extract,,,,,,,,sample_reads_wide.tsv (v1); pipeline_reads_extract_besthit.tsv; irgsp_dedup_bam_reads.tsv,reported_in_cam_metadata,"sample_meta_data_20250922.tsv: field_sample_id@field_sample, latitude, longitude",Exact coordinate reported for Angkor core CAM2509; independently reproduced in angkor_final_metadata.tsv
LV7008877323,angkor,LV7008877323,LV6000619493,ds,LV3006121019,CAM2509,87.45,1051 CE (model year),1051,1051,1051,,CE,"Northern Temple Pond, Angkor Wat","Northern Temple Pond, Angkor Wat; Cambodia",13.41298,103.864648,Low Risk; historical collapsed available; extract count available,,,,,,,,,2,,,,,,,,,,,,,,,,,,,,,,,,现有路线计数填入 extract,,,,,,,,sample_reads_wide.tsv (v1),reported_in_cam_metadata,"sample_meta_data_20250922.tsv: field_sample_id@field_sample, latitude, longitude",Exact coordinate reported for Angkor core CAM2509; independently reproduced in angkor_final_metadata.tsv
LV7008879189,angkor,LV7008879189,LV6000654719,ds,LV3006121024,CAM2509,76.85,1228 CE (model year),1228,1228,1228,,CE,"Northern Temple Pond, Angkor Wat","Northern Temple Pond, Angkor Wat; Cambodia",13.41298,103.864648,Qualified; QC519 collapsed available; historical collapsed available; extract count available,capture input registered; extract count available,capture input registered; extract count available,,13654,1023,340,337,,132,21,19,19,,548,39,12,11,,,,,,,1521,109,27,23,,,,,,现有路线计数填入 extract,paired: old IRGSP route + new Asian route; kept separate,,,,,,,sample_reads_wide.tsv (v1); pipeline_reads_extract_besthit.tsv; irgsp_dedup_bam_reads.tsv; shotgun_oldnew_pairs_fullpath.tsv,reported_in_cam_metadata,"sample_meta_data_20250922.tsv: field_sample_id@field_sample, latitude, longitude",Exact coordinate reported for Angkor core CAM2509; independently reproduced in angkor_final_metadata.tsv
LV7008879190,angkor,LV7008879190,LV6000654702,ds,LV3006121051,CAM2509,74.15,1244 CE (model year),1244,1244,1244,,CE,"Northern Temple Pond, Angkor Wat","Northern Temple Pond, Angkor Wat; Cambodia",13.41298,103.864648,Qualified; QC519 collapsed available; historical collapsed available; extract count available,,,,15716,1568,367,367,,186,56,53,53,,,,,,,,,,,,,,,,,,,,,现有路线计数填入 extract,paired: old IRGSP route + new Asian route; kept separate,,,,,,,sample_reads_wide.tsv (v1); pipeline_reads_extract_besthit.tsv; irgsp_dedup_bam_reads.tsv; shotgun_oldnew_pairs_fullpath.tsv,reported_in_cam_metadata,"sample_meta_data_20250922.tsv: field_sample_id@field_sample, latitude, longitude",Exact coordinate reported for Angkor core CAM2509; independently reproduced in angkor_final_metadata.tsv
LV7008879191,angkor,LV7008879191,LV6000654685,ds,LV3006121058,CAM2509,71.1,1258 CE (model year),1258,1258,1258,,CE,"Northern Temple Pond, Angkor Wat","Northern Temple Pond, Angkor Wat; Cambodia",13.41298,103.864648,Qualified; QC519 collapsed available; historical collapsed available; extract count available,,,,17995,1882,417,416,,255,85,78,78,,,,,,,,,,,,,,,,,,,,,现有路线计数填入 extract,paired: old IRGSP route + new Asian route; kept separate,,,,,,,sample_reads_wide.tsv (v1); pipeline_reads_extract_besthit.tsv; irgsp_dedup_bam_reads.tsv; shotgun_oldnew_pairs_fullpath.tsv,reported_in_cam_metadata,"sample_meta_data_20250922.tsv: field_sample_id@field_sample, latitude, longitude",Exact coordinate reported for Angkor core CAM2509; independently reproduced in angkor_final_metadata.tsv
LV7008879192,angkor,LV7008879192,LV6000654715,ds,LV3006121054,CAM2509,68.55,1264 CE (model year),1264,1264,1264,,CE,"Northern Temple Pond, Angkor Wat","Northern Temple Pond, Angkor Wat; Cambodia",13.41298,103.864648,Qualified; QC519 collapsed available; historical collapsed available; extract count available,,,,16438,1692,425,419,,236,81,75,75,,,,,,,,,,,,,,,,,,,,,现有路线计数填入 extract,paired: old IRGSP route + new Asian route; kept separate,,,,,,,sample_reads_wide.tsv (v1); pipeline_reads_extract_besthit.tsv; irgsp_dedup_bam_reads.tsv; shotgun_oldnew_pairs_fullpath.tsv,reported_in_cam_metadata,"sample_meta_data_20250922.tsv: field_sample_id@field_sample, latitude, longitude",Exact coordinate reported for Angkor core CAM2509; independently reproduced in angkor_final_metadata.tsv
LV7008879193,angkor,LV7008879193,LV6000654698,ds,LV3006121074,CAM2509,64.75,1281 CE (model year),1281,1281,1281,,CE,"Northern Temple Pond, Angkor Wat","Northern Temple Pond, Angkor Wat; Cambodia",13.41298,103.864648,Qualified; QC519 collapsed available; historical collapsed available; extract count available,capture input registered; extract count available,capture input registered; extract count available,,16200,1228,397,396,,172,23,19,19,,2168,,,,,,,,,,14336,,,,,,,,,现有路线计数填入 extract；capture 重名输出未定 canonical：主计数字段留空，候选值见审计列,paired: old IRGSP route + new Asian route; kept separate,unresolved: two non-identical outputs; not summed,besthit=144; mapped=2; dedup=2,besthit=137; mapped=2; dedup=2,unresolved: two non-identical outputs; not summed,besthit=1076; mapped=342; dedup=297,besthit=1084; mapped=336; dedup=293,sample_reads_wide.tsv (v1); pipeline_reads_extract_besthit.tsv; irgsp_dedup_bam_reads.tsv; capture_duplicate_pairs_fullpath.tsv; shotgun_oldnew_pairs_fullpath.tsv,reported_in_cam_metadata,"sample_meta_data_20250922.tsv: field_sample_id@field_sample, latitude, longitude",Exact coordinate reported for Angkor core CAM2509; independently reproduced in angkor_final_metadata.tsv
LV7008879194,angkor,LV7008879194,LV6000654681,ds,LV3006121091,CAM2509,61.3,1301 CE (model year),1301,1301,1301,,CE,"Northern Temple Pond, Angkor Wat","Northern Temple Pond, Angkor Wat; Cambodia",13.41298,103.864648,Qualified; QC519 collapsed available; historical collapsed available; extract count available,,,,15460,1210,388,384,,173,34,30,30,,,,,,,,,,,,,,,,,,,,,现有路线计数填入 extract,paired: old IRGSP route + new Asian route; kept separate,,,,,,,sample_reads_wide.tsv (v1); pipeline_reads_extract_besthit.tsv; irgsp_dedup_bam_reads.tsv; shotgun_oldnew_pairs_fullpath.tsv,reported_in_cam_metadata,"sample_meta_data_20250922.tsv: field_sample_id@field_sample, latitude, longitude",Exact coordinate reported for Angkor core CAM2509; independently reproduced in angkor_final_metadata.tsv
LV7008879195,angkor,LV7008879195,LV6000619919,ds,LV3006121071,CAM2509,59.1,1313 CE (model year),1313,1313,1313,,CE,"Northern Temple Pond, Angkor Wat","Northern Temple Pond, Angkor Wat; Cambodia",13.41298,103.864648,Qualified; QC519 collapsed available; historical collapsed available; extract count available,,,,18368,1455,489,479,,198,34,28,28,,,,,,,,,,,,,,,,,,,,,现有路线计数填入 extract,paired: old IRGSP route + new Asian route; kept separate,,,,,,,sample_reads_wide.tsv (v1); pipeline_reads_extract_besthit.tsv; irgsp_dedup_bam_reads.tsv; shotgun_oldnew_pairs_fullpath.tsv,reported_in_cam_metadata,"sample_meta_data_20250922.tsv: field_sample_id@field_sample, latitude, longitude",Exact coordinate reported for Angkor core CAM2509; independently reproduced in angkor_final_metadata.tsv
LV7008879196,angkor,LV7008879196,LV6000619902,ds,LV3006120645,CAM2509,56.2,1328 CE (model year),1328,1328,1328,,CE,"Northern Temple Pond, Angkor Wat","Northern Temple Pond, Angkor Wat; Cambodia",13.41298,103.864648,Qualified; QC519 collapsed available; historical collapsed available; extract count available,,,,18188,2064,505,503,,284,94,86,86,,,,,,,,,,,,,,,,,,,,,现有路线计数填入 extract,paired: old IRGSP route + new Asian route; kept separate,,,,,,,sample_reads_wide.tsv (v1); pipeline_reads_extract_besthit.tsv; irgsp_dedup_bam_reads.tsv; shotgun_oldnew_pairs_fullpath.tsv,reported_in_cam_metadata,"sample_meta_data_20250922.tsv: field_sample_id@field_sample, latitude, longitude",Exact coordinate reported for Angkor core CAM2509; independently reproduced in angkor_final_metadata.tsv
LV7008879197,angkor,LV7008879197,LV6000619885,ds,LV3006120629,CAM2509,52.95,1341 CE (model year),1341,1341,1341,,CE,"Northern Temple Pond, Angkor Wat","Northern Temple Pond, Angkor Wat; Cambodia",13.41298,103.864648,Qualified; QC519 collapsed available; historical collapsed available; extract count available,,,,16013,1179,353,347,,193,34,31,30,,,,,,,,,,,,,,,,,,,,,现有路线计数填入 extract,paired: old IRGSP route + new Asian route; kept separate,,,,,,,sample_reads_wide.tsv (v1); pipeline_reads_extract_besthit.tsv; irgsp_dedup_bam_reads.tsv; shotgun_oldnew_pairs_fullpath.tsv,reported_in_cam_metadata,"sample_meta_data_20250922.tsv: field_sample_id@field_sample, latitude, longitude",Exact coordinate reported for Angkor core CAM2509; independently reproduced in angkor_final_metadata.tsv
LV7008879198,angkor,LV7008879198,LV6000619915,ds,LV3006120630,CAM2509,49.55,1354 CE (model year),1354,1354,1354,,CE,"Northern Temple Pond, Angkor Wat","Northern Temple Pond, Angkor Wat; Cambodia",13.41298,103.864648,Qualified; QC519 collapsed available; historical collapsed available; extract count available,,,,20206,1434,444,438,,234,29,27,27,,,,,,,,,,,,,,,,,,,,,现有路线计数填入 extract,paired: old IRGSP route + new Asian route; kept separate,,,,,,,sample_reads_wide.tsv (v1); pipeline_reads_extract_besthit.tsv; irgsp_dedup_bam_reads.tsv; shotgun_oldnew_pairs_fullpath.tsv,reported_in_cam_metadata,"sample_meta_data_20250922.tsv: field_sample_id@field_sample, latitude, longitude",Exact coordinate reported for Angkor core CAM2509; independently reproduced in angkor_final_metadata.tsv
LV7008879199,angkor,LV7008879199,LV6000619898,ds,LV3006120632,CAM2509,46.9,1360 CE (model year),1360,1360,1360,,CE,"Northern Temple Pond, Angkor Wat","Northern Temple Pond, Angkor Wat; Cambodia",13.41298,103.864648,Qualified; QC519 collapsed available; historical collapsed available; extract count available,capture input registered; extract count available,capture input registered; extract count available,,18150,1469,480,478,,254,59,53,53,,94,5,1,1,,,,,,,6505,500,199,151,,,,,,现有路线计数填入 extract,paired: old IRGSP route + new Asian route; kept separate,,,,,,,sample_reads_wide.tsv (v1); pipeline_reads_extract_besthit.tsv; irgsp_dedup_bam_reads.tsv; shotgun_oldnew_pairs_fullpath.tsv,reported_in_cam_metadata,"sample_meta_data_20250922.tsv: field_sample_id@field_sample, latitude, longitude",Exact coordinate reported for Angkor core CAM2509; independently reproduced in angkor_final_metadata.tsv
LV7008879200,angkor,LV7008879200,LV6000619881,ds,LV3006120652,CAM2509,43.5,1370 CE (model year),1370,1370,1370,,CE,"Northern Temple Pond, Angkor Wat","Northern Temple Pond, Angkor Wat; Cambodia",13.41298,103.864648,Qualified; QC519 collapsed available; historical collapsed available; extract count available,,,,18050,1469,457,452,,187,40,34,34,,,,,,,,,,,,,,,,,,,,,现有路线计数填入 extract,paired: old IRGSP route + new Asian route; kept separate,,,,,,,sample_reads_wide.tsv (v1); pipeline_reads_extract_besthit.tsv; irgsp_dedup_bam_reads.tsv; shotgun_oldnew_pairs_fullpath.tsv,reported_in_cam_metadata,"sample_meta_data_20250922.tsv: field_sample_id@field_sample, latitude, longitude",Exact coordinate reported for Angkor core CAM2509; independently reproduced in angkor_final_metadata.tsv
LV7008879201,angkor,LV7008879201,LV6000654727,ds,LV3006121036,CAM2509,77.1,1226 CE (model year),1226,1226,1226,,CE,"Northern Temple Pond, Angkor Wat","Northern Temple Pond, Angkor Wat; Cambodia",13.41298,103.864648,Qualified; QC519 collapsed available; historical collapsed available; extract count available,capture input registered; extract count available,capture input registered; extract count available,,11725,881,280,280,,122,17,15,15,,619,53,7,7,,,,,,,995,80,17,17,,,,,,现有路线计数填入 extract,paired: old IRGSP route + new Asian route; kept separate,,,,,,,sample_reads_wide.tsv (v1); pipeline_reads_extract_besthit.tsv; irgsp_dedup_bam_reads.tsv; shotgun_oldnew_pairs_fullpath.tsv,reported_in_cam_metadata,"sample_meta_data_20250922.tsv: field_sample_id@field_sample, latitude, longitude",Exact coordinate reported for Angkor core CAM2509; independently reproduced in angkor_final_metadata.tsv
LV7008879202,angkor,LV7008879202,LV6000654710,ds,LV3006121052,CAM2509,74.45,1242 CE (model year),1242,1242,1242,,CE,"Northern Temple Pond, Angkor Wat","Northern Temple Pond, Angkor Wat; Cambodia",13.41298,103.864648,Qualified; QC519 collapsed available; historical collapsed available; extract count available,capture input registered; extract count available,capture input registered; extract count available,,19749,2063,497,493,,272,79,74,74,,547,33,3,3,,,,,,,458,38,16,16,,,,,,现有路线计数填入 extract,paired: old IRGSP route + new Asian route; kept separate,,,,,,,sample_reads_wide.tsv (v1); pipeline_reads_extract_besthit.tsv; irgsp_dedup_bam_reads.tsv; shotgun_oldnew_pairs_fullpath.tsv,reported_in_cam_metadata,"sample_meta_data_20250922.tsv: field_sample_id@field_sample, latitude, longitude",Exact coordinate reported for Angkor core CAM2509; independently reproduced in angkor_final_metadata.tsv
LV7008879203,angkor,LV7008879203,LV6000654693,ds,LV3006121067,CAM2509,71.85,1255 CE (model year),1255,1255,1255,,CE,"Northern Temple Pond, Angkor Wat","Northern Temple Pond, Angkor Wat; Cambodia",13.41298,103.864648,Qualified; QC519 collapsed available; historical collapsed available; extract count available,capture input registered; extract count available,capture input registered; extract count available,,19737,1942,506,503,,270,115,106,105,,1601,103,19,14,,,,,,,2126,274,122,56,,,,,,现有路线计数填入 extract,paired: old IRGSP route + new Asian route; kept separate,,,,,,,sample_reads_wide.tsv (v1); pipeline_reads_extract_besthit.tsv; irgsp_dedup_bam_reads.tsv; shotgun_oldnew_pairs_fullpath.tsv,reported_in_cam_metadata,"sample_meta_data_20250922.tsv: field_sample_id@field_sample, latitude, longitude",Exact coordinate reported for Angkor core CAM2509; independently reproduced in angkor_final_metadata.tsv
LV7008879204,angkor,LV7008879204,LV6000654723,ds,LV3006121060,CAM2509,69,1263 CE (model year),1263,1263,1263,,CE,"Northern Temple Pond, Angkor Wat","Northern Temple Pond, Angkor Wat; Cambodia",13.41298,103.864648,Qualified; QC519 collapsed available; historical collapsed available; extract count available,capture input registered; extract count available,capture input registered; extract count available,,20868,2267,567,566,,327,147,137,136,,531,53,7,6,,,,,,,1531,129,36,33,,,,,,现有路线计数填入 extract,paired: old IRGSP route + new Asian route; kept separate,,,,,,,sample_reads_wide.tsv (v1); pipeline_reads_extract_besthit.tsv; irgsp_dedup_bam_reads.tsv; shotgun_oldnew_pairs_fullpath.tsv,reported_in_cam_metadata,"sample_meta_data_20250922.tsv: field_sample_id@field_sample, latitude, longitude",Exact coordinate reported for Angkor core CAM2509; independently reproduced in angkor_final_metadata.tsv
LV7008879205,angkor,LV7008879205,LV6000654706,ds,LV3006121068,CAM2509,65.2,1278 CE (model year),1278,1278,1278,,CE,"Northern Temple Pond, Angkor Wat","Northern Temple Pond, Angkor Wat; Cambodia",13.41298,103.864648,Qualified; QC519 collapsed available; historical collapsed available; extract count available,,,,15300,1209,375,368,,167,30,27,26,,,,,,,,,,,,,,,,,,,,,现有路线计数填入 extract,paired: old IRGSP route + new Asian route; kept separate,,,,,,,sample_reads_wide.tsv (v1); pipeline_reads_extract_besthit.tsv; irgsp_dedup_bam_reads.tsv; shotgun_oldnew_pairs_fullpath.tsv,reported_in_cam_metadata,"sample_meta_data_20250922.tsv: field_sample_id@field_sample, latitude, longitude",Exact coordinate reported for Angkor core CAM2509; independently reproduced in angkor_final_metadata.tsv
LV7008879206,angkor,LV7008879206,LV6000654689,ds,LV3006121089,CAM2509,61.7,1298 CE (model year),1298,1298,1298,,CE,"Northern Temple Pond, Angkor Wat","Northern Temple Pond, Angkor Wat; Cambodia",13.41298,103.864648,Qualified; QC519 collapsed available; historical collapsed available; extract count available,capture input registered; extract count available,capture input registered; extract count available,,18194,1462,450,445,,205,34,34,34,,1634,102,11,10,,,,,,,2999,244,74,66,,,,,,现有路线计数填入 extract,paired: old IRGSP route + new Asian route; kept separate,,,,,,,sample_reads_wide.tsv (v1); pipeline_reads_extract_besthit.tsv; irgsp_dedup_bam_reads.tsv; shotgun_oldnew_pairs_fullpath.tsv,reported_in_cam_metadata,"sample_meta_data_20250922.tsv: field_sample_id@field_sample, latitude, longitude",Exact coordinate reported for Angkor core CAM2509; independently reproduced in angkor_final_metadata.tsv
LV7008879207,angkor,LV7008879207,LV6000619927,ds,LV3006121070,CAM2509,59.45,1311 CE (model year),1311,1311,1311,,CE,"Northern Temple Pond, Angkor Wat","Northern Temple Pond, Angkor Wat; Cambodia",13.41298,103.864648,Qualified; QC519 collapsed available; historical collapsed available; extract count available,,,,16302,1230,393,391,,169,34,29,29,,,,,,,,,,,,,,,,,,,,,现有路线计数填入 extract,paired: old IRGSP route + new Asian route; kept separate,,,,,,,sample_reads_wide.tsv (v1); pipeline_reads_extract_besthit.tsv; irgsp_dedup_bam_reads.tsv; shotgun_oldnew_pairs_fullpath.tsv,reported_in_cam_metadata,"sample_meta_data_20250922.tsv: field_sample_id@field_sample, latitude, longitude",Exact coordinate reported for Angkor core CAM2509; independently reproduced in angkor_final_metadata.tsv
LV7008879209,angkor,LV7008879209,LV6000619893,ds,LV3006120628,CAM2509,53.3,1340 CE (model year),1340,1340,1340,,CE,"Northern Temple Pond, Angkor Wat","Northern Temple Pond, Angkor Wat; Cambodia",13.41298,103.864648,Qualified; QC519 collapsed available; historical collapsed available; extract count available,,,,16729,1220,390,387,,204,32,29,28,,,,,,,,,,,,,,,,,,,,,现有路线计数填入 extract,paired: old IRGSP route + new Asian route; kept separate,,,,,,,sample_reads_wide.tsv (v1); pipeline_reads_extract_besthit.tsv; irgsp_dedup_bam_reads.tsv; shotgun_oldnew_pairs_fullpath.tsv,reported_in_cam_metadata,"sample_meta_data_20250922.tsv: field_sample_id@field_sample, latitude, longitude",Exact coordinate reported for Angkor core CAM2509; independently reproduced in angkor_final_metadata.tsv
LV7008879210,angkor,LV7008879210,LV6000619923,ds,LV3006120649,CAM2509,49.9,1352 CE (model year),1352,1352,1352,,CE,"Northern Temple Pond, Angkor Wat","Northern Temple Pond, Angkor Wat; Cambodia",13.41298,103.864648,Qualified; QC519 collapsed available; historical collapsed available; extract count available,,,,14790,1148,359,352,,165,37,32,30,,,,,,,,,,,,,,,,,,,,,现有路线计数填入 extract,paired: old IRGSP route + new Asian route; kept separate,,,,,,,sample_reads_wide.tsv (v1); pipeline_reads_extract_besthit.tsv; irgsp_dedup_bam_reads.tsv; shotgun_oldnew_pairs_fullpath.tsv,reported_in_cam_metadata,"sample_meta_data_20250922.tsv: field_sample_id@field_sample, latitude, longitude",Exact coordinate reported for Angkor core CAM2509; independently reproduced in angkor_final_metadata.tsv
LV7008879211,angkor,LV7008879211,LV6000619906,ds,LV3006120638,CAM2509,47.3,1359 CE (model year),1359,1359,1359,,CE,"Northern Temple Pond, Angkor Wat","Northern Temple Pond, Angkor Wat; Cambodia",13.41298,103.864648,Qualified; QC519 collapsed available; historical collapsed available; extract count available,,,,16072,1247,393,392,,186,47,43,42,,,,,,,,,,,,,,,,,,,,,现有路线计数填入 extract,paired: old IRGSP route + new Asian route; kept separate,,,,,,,sample_reads_wide.tsv (v1); pipeline_reads_extract_besthit.tsv; irgsp_dedup_bam_reads.tsv; shotgun_oldnew_pairs_fullpath.tsv,reported_in_cam_metadata,"sample_meta_data_20250922.tsv: field_sample_id@field_sample, latitude, longitude",Exact coordinate reported for Angkor core CAM2509; independently reproduced in angkor_final_metadata.tsv
LV7008879212,angkor,LV7008879212,LV6000619889,ds,LV3006120671,CAM2509,43.8,1369 CE (model year),1369,1369,1369,,CE,"Northern Temple Pond, Angkor Wat","Northern Temple Pond, Angkor Wat; Cambodia",13.41298,103.864648,Qualified; QC519 collapsed available; historical collapsed available; extract count available,,,,17138,1365,427,424,,242,67,60,60,,,,,,,,,,,,,,,,,,,,,现有路线计数填入 extract,paired: old IRGSP route + new Asian route; kept separate,,,,,,,sample_reads_wide.tsv (v1); pipeline_reads_extract_besthit.tsv; irgsp_dedup_bam_reads.tsv; shotgun_oldnew_pairs_fullpath.tsv,reported_in_cam_metadata,"sample_meta_data_20250922.tsv: field_sample_id@field_sample, latitude, longitude",Exact coordinate reported for Angkor core CAM2509; independently reproduced in angkor_final_metadata.tsv
LV7008879213,angkor,LV7008879213,LV6000654688,ds,LV3006121043,CAM2509,77.35,1224 CE (model year),1224,1224,1224,,CE,"Northern Temple Pond, Angkor Wat","Northern Temple Pond, Angkor Wat; Cambodia",13.41298,103.864648,Qualified; QC519 collapsed available; historical collapsed available; extract count available,capture input registered; extract count available,capture input registered; extract count available,,13111,966,325,325,,154,17,16,16,,811,65,10,10,,,,,,,725,59,23,18,,,,,,现有路线计数填入 extract,paired: old IRGSP route + new Asian route; kept separate,,,,,,,sample_reads_wide.tsv (v1); pipeline_reads_extract_besthit.tsv; irgsp_dedup_bam_reads.tsv; shotgun_oldnew_pairs_fullpath.tsv,reported_in_cam_metadata,"sample_meta_data_20250922.tsv: field_sample_id@field_sample, latitude, longitude",Exact coordinate reported for Angkor core CAM2509; independently reproduced in angkor_final_metadata.tsv
LV7008879214,angkor,LV7008879214,LV6000654718,ds,LV3006121057,CAM2509,74.8,1241 CE (model year),1241,1241,1241,,CE,"Northern Temple Pond, Angkor Wat","Northern Temple Pond, Angkor Wat; Cambodia",13.41298,103.864648,Qualified; QC519 collapsed available; historical collapsed available; extract count available,,,,17105,1835,499,497,,288,151,137,136,,,,,,,,,,,,,,,,,,,,,现有路线计数填入 extract,paired: old IRGSP route + new Asian route; kept separate,,,,,,,sample_reads_wide.tsv (v1); pipeline_reads_extract_besthit.tsv; irgsp_dedup_bam_reads.tsv; shotgun_oldnew_pairs_fullpath.tsv,reported_in_cam_metadata,"sample_meta_data_20250922.tsv: field_sample_id@field_sample, latitude, longitude",Exact coordinate reported for Angkor core CAM2509; independently reproduced in angkor_final_metadata.tsv
LV7008879215,angkor,LV7008879215,LV6000654701,ds,LV3006121045,CAM2509,72.35,1253 CE (model year),1253,1253,1253,,CE,"Northern Temple Pond, Angkor Wat","Northern Temple Pond, Angkor Wat; Cambodia",13.41298,103.864648,Qualified; QC519 collapsed available; historical collapsed available; extract count available,,,,20064,1944,437,437,,250,61,55,55,,,,,,,,,,,,,,,,,,,,,现有路线计数填入 extract,paired: old IRGSP route + new Asian route; kept separate,,,,,,,sample_reads_wide.tsv (v1); pipeline_reads_extract_besthit.tsv; irgsp_dedup_bam_reads.tsv; shotgun_oldnew_pairs_fullpath.tsv,reported_in_cam_metadata,"sample_meta_data_20250922.tsv: field_sample_id@field_sample, latitude, longitude",Exact coordinate reported for Angkor core CAM2509; independently reproduced in angkor_final_metadata.tsv
LV7008879217,angkor,LV7008879217,LV6000654714,ds,LV3006121086,CAM2509,65.65,1276 CE (model year),1276,1276,1276,,CE,"Northern Temple Pond, Angkor Wat","Northern Temple Pond, Angkor Wat; Cambodia",13.41298,103.864648,Qualified; QC519 collapsed available; historical collapsed available; extract count available,,,,16782,1304,400,399,,175,35,31,31,,,,,,,,,,,,,,,,,,,,,现有路线计数填入 extract,paired: old IRGSP route + new Asian route; kept separate,,,,,,,sample_reads_wide.tsv (v1); pipeline_reads_extract_besthit.tsv; irgsp_dedup_bam_reads.tsv; shotgun_oldnew_pairs_fullpath.tsv,reported_in_cam_metadata,"sample_meta_data_20250922.tsv: field_sample_id@field_sample, latitude, longitude",Exact coordinate reported for Angkor core CAM2509; independently reproduced in angkor_final_metadata.tsv
LV7008879218,angkor,LV7008879218,LV6000654697,ds,LV3006121090,CAM2509,62.15,1296 CE (model year),1296,1296,1296,,CE,"Northern Temple Pond, Angkor Wat","Northern Temple Pond, Angkor Wat; Cambodia",13.41298,103.864648,Qualified; QC519 collapsed available; historical collapsed available; extract count available,capture input registered; extract count available,capture input registered; extract count available,,19175,1523,467,464,,225,62,56,55,,566,32,5,5,,,,,,,1649,136,48,48,,,,,,现有路线计数填入 extract,paired: old IRGSP route + new Asian route; kept separate,,,,,,,sample_reads_wide.tsv (v1); pipeline_reads_extract_besthit.tsv; irgsp_dedup_bam_reads.tsv; shotgun_oldnew_pairs_fullpath.tsv,reported_in_cam_metadata,"sample_meta_data_20250922.tsv: field_sample_id@field_sample, latitude, longitude",Exact coordinate reported for Angkor core CAM2509; independently reproduced in angkor_final_metadata.tsv
LV7008879219,angkor,LV7008879219,LV6000619888,ds,LV3006121076,CAM2509,59.8,1309 CE (model year),1309,1309,1309,,CE,"Northern Temple Pond, Angkor Wat","Northern Temple Pond, Angkor Wat; Cambodia",13.41298,103.864648,Qualified; QC519 collapsed available; historical collapsed available; extract count available,capture input registered; extract count available,capture input registered; extract count available,,19385,1598,494,494,,219,50,44,44,,1116,70,11,9,,,,,,,2815,258,86,63,,,,,,现有路线计数填入 extract,paired: old IRGSP route + new Asian route; kept separate,,,,,,,sample_reads_wide.tsv (v1); pipeline_reads_extract_besthit.tsv; irgsp_dedup_bam_reads.tsv; shotgun_oldnew_pairs_fullpath.tsv,reported_in_cam_metadata,"sample_meta_data_20250922.tsv: field_sample_id@field_sample, latitude, longitude",Exact coordinate reported for Angkor core CAM2509; independently reproduced in angkor_final_metadata.tsv
LV7008879220,angkor,LV7008879220,LV6000619918,ds,LV3006121073,CAM2509,56.6,1327 CE (model year),1327,1327,1327,,CE,"Northern Temple Pond, Angkor Wat","Northern Temple Pond, Angkor Wat; Cambodia",13.41298,103.864648,Qualified; QC519 collapsed available; historical collapsed available; extract count available,,,,15885,1302,372,371,,182,30,28,28,,,,,,,,,,,,,,,,,,,,,现有路线计数填入 extract,paired: old IRGSP route + new Asian route; kept separate,,,,,,,sample_reads_wide.tsv (v1); pipeline_reads_extract_besthit.tsv; irgsp_dedup_bam_reads.tsv; shotgun_oldnew_pairs_fullpath.tsv,reported_in_cam_metadata,"sample_meta_data_20250922.tsv: field_sample_id@field_sample, latitude, longitude",Exact coordinate reported for Angkor core CAM2509; independently reproduced in angkor_final_metadata.tsv
LV7008879221,angkor,LV7008879221,LV6000619901,ds,LV3006120627,CAM2509,53.7,1338 CE (model year),1338,1338,1338,,CE,"Northern Temple Pond, Angkor Wat","Northern Temple Pond, Angkor Wat; Cambodia",13.41298,103.864648,Qualified; QC519 collapsed available; historical collapsed available; extract count available,,,,19582,1395,433,429,,206,37,34,33,,,,,,,,,,,,,,,,,,,,,现有路线计数填入 extract,paired: old IRGSP route + new Asian route; kept separate,,,,,,,sample_reads_wide.tsv (v1); pipeline_reads_extract_besthit.tsv; irgsp_dedup_bam_reads.tsv; shotgun_oldnew_pairs_fullpath.tsv,reported_in_cam_metadata,"sample_meta_data_20250922.tsv: field_sample_id@field_sample, latitude, longitude",Exact coordinate reported for Angkor core CAM2509; independently reproduced in angkor_final_metadata.tsv
LV7008879222,angkor,LV7008879222,LV6000619884,ds,LV3006120642,CAM2509,50.3,1351 CE (model year),1351,1351,1351,,CE,"Northern Temple Pond, Angkor Wat","Northern Temple Pond, Angkor Wat; Cambodia",13.41298,103.864648,Qualified; QC519 collapsed available; historical collapsed available; extract count available,,,,18348,1413,426,423,,202,55,44,44,,,,,,,,,,,,,,,,,,,,,现有路线计数填入 extract,paired: old IRGSP route + new Asian route; kept separate,,,,,,,sample_reads_wide.tsv (v1); pipeline_reads_extract_besthit.tsv; irgsp_dedup_bam_reads.tsv; shotgun_oldnew_pairs_fullpath.tsv,reported_in_cam_metadata,"sample_meta_data_20250922.tsv: field_sample_id@field_sample, latitude, longitude",Exact coordinate reported for Angkor core CAM2509; independently reproduced in angkor_final_metadata.tsv
LV7008879223,angkor,LV7008879223,LV6000619914,ds,LV3006120644,CAM2509,47.7,1358 CE (model year),1358,1358,1358,,CE,"Northern Temple Pond, Angkor Wat","Northern Temple Pond, Angkor Wat; Cambodia",13.41298,103.864648,Qualified; QC519 collapsed available; historical collapsed available; extract count available,,,,18154,1562,500,498,,233,69,60,58,,,,,,,,,,,,,,,,,,,,,现有路线计数填入 extract,paired: old IRGSP route + new Asian route; kept separate,,,,,,,sample_reads_wide.tsv (v1); pipeline_reads_extract_besthit.tsv; irgsp_dedup_bam_reads.tsv; shotgun_oldnew_pairs_fullpath.tsv,reported_in_cam_metadata,"sample_meta_data_20250922.tsv: field_sample_id@field_sample, latitude, longitude",Exact coordinate reported for Angkor core CAM2509; independently reproduced in angkor_final_metadata.tsv
LV7008879224,angkor,LV7008879224,LV6000619897,ds,LV3006120670,CAM2509,44.2,1368 CE (model year),1368,1368,1368,,CE,"Northern Temple Pond, Angkor Wat","Northern Temple Pond, Angkor Wat; Cambodia",13.41298,103.864648,Qualified; QC519 collapsed available; historical collapsed available; extract count available,,,,19267,1706,579,573,,275,107,103,101,,,,,,,,,,,,,,,,,,,,,现有路线计数填入 extract,paired: old IRGSP route + new Asian route; kept separate,,,,,,,sample_reads_wide.tsv (v1); pipeline_reads_extract_besthit.tsv; irgsp_dedup_bam_reads.tsv; shotgun_oldnew_pairs_fullpath.tsv,reported_in_cam_metadata,"sample_meta_data_20250922.tsv: field_sample_id@field_sample, latitude, longitude",Exact coordinate reported for Angkor core CAM2509; independently reproduced in angkor_final_metadata.tsv
LV7008879225,angkor,LV7008879225,LV6000654696,ds,LV3006121030,CAM2509,77.7,1221 CE (model year),1221,1221,1221,,CE,"Northern Temple Pond, Angkor Wat","Northern Temple Pond, Angkor Wat; Cambodia",13.41298,103.864648,Qualified; QC519 collapsed available; historical collapsed available; extract count available,capture input registered; extract count available,capture input registered; extract count available,,12772,962,318,318,,123,14,12,12,,2697,196,20,13,,,,,,,1054,105,33,31,,,,,,现有路线计数填入 extract,paired: old IRGSP route + new Asian route; kept separate,,,,,,,sample_reads_wide.tsv (v1); pipeline_reads_extract_besthit.tsv; irgsp_dedup_bam_reads.tsv; shotgun_oldnew_pairs_fullpath.tsv,reported_in_cam_metadata,"sample_meta_data_20250922.tsv: field_sample_id@field_sample, latitude, longitude",Exact coordinate reported for Angkor core CAM2509; independently reproduced in angkor_final_metadata.tsv
LV7008879226,angkor,LV7008879226,LV6000654726,ds,LV3006121062,CAM2509,75.2,1238 CE (model year),1238,1238,1238,,CE,"Northern Temple Pond, Angkor Wat","Northern Temple Pond, Angkor Wat; Cambodia",13.41298,103.864648,Qualified; QC519 collapsed available; historical collapsed available; extract count available,capture input registered; extract count available,capture input registered; extract count available,,12719,1063,333,331,,158,40,36,36,,386,25,5,5,,,,,,,571,48,18,17,,,,,,现有路线计数填入 extract,paired: old IRGSP route + new Asian route; kept separate,,,,,,,sample_reads_wide.tsv (v1); pipeline_reads_extract_besthit.tsv; irgsp_dedup_bam_reads.tsv; shotgun_oldnew_pairs_fullpath.tsv,reported_in_cam_metadata,"sample_meta_data_20250922.tsv: field_sample_id@field_sample, latitude, longitude",Exact coordinate reported for Angkor core CAM2509; independently reproduced in angkor_final_metadata.tsv
LV7008879227,angkor,LV7008879227,LV6000654709,ds,LV3006121063,CAM2509,72.8,1251 CE (model year),1251,1251,1251,,CE,"Northern Temple Pond, Angkor Wat","Northern Temple Pond, Angkor Wat; Cambodia",13.41298,103.864648,Qualified; QC519 collapsed available; historical collapsed available; extract count available,capture input registered; extract count available,capture input registered; extract count available,,16918,1661,378,375,,221,58,54,54,,870,62,6,6,,,,,,,611,53,13,12,,,,,,现有路线计数填入 extract,paired: old IRGSP route + new Asian route; kept separate,,,,,,,sample_reads_wide.tsv (v1); pipeline_reads_extract_besthit.tsv; irgsp_dedup_bam_reads.tsv; shotgun_oldnew_pairs_fullpath.tsv,reported_in_cam_metadata,"sample_meta_data_20250922.tsv: field_sample_id@field_sample, latitude, longitude",Exact coordinate reported for Angkor core CAM2509; independently reproduced in angkor_final_metadata.tsv
LV7008879228,angkor,LV7008879228,LV6000654692,ds,LV3006121047,CAM2509,69.35,1262 CE (model year),1262,1262,1262,,CE,"Northern Temple Pond, Angkor Wat","Northern Temple Pond, Angkor Wat; Cambodia",13.41298,103.864648,Qualified; QC519 collapsed available; historical collapsed available; extract count available,,,,15339,1597,389,386,,235,73,68,66,,,,,,,,,,,,,,,,,,,,,现有路线计数填入 extract,paired: old IRGSP route + new Asian route; kept separate,,,,,,,sample_reads_wide.tsv (v1); pipeline_reads_extract_besthit.tsv; irgsp_dedup_bam_reads.tsv; shotgun_oldnew_pairs_fullpath.tsv,reported_in_cam_metadata,"sample_meta_data_20250922.tsv: field_sample_id@field_sample, latitude, longitude",Exact coordinate reported for Angkor core CAM2509; independently reproduced in angkor_final_metadata.tsv
LV7008879229,angkor,LV7008879229,LV6000654722,ds,LV3006121080,CAM2509,66.15,1273 CE (model year),1273,1273,1273,,CE,"Northern Temple Pond, Angkor Wat","Northern Temple Pond, Angkor Wat; Cambodia",13.41298,103.864648,Qualified; QC519 collapsed available; historical collapsed available; extract count available,capture input registered; extract count available,capture input registered; extract count available,,17928,1409,433,432,,165,28,26,26,,606,40,6,5,,,,,,,1091,73,21,20,,,,,,现有路线计数填入 extract,paired: old IRGSP route + new Asian route; kept separate,,,,,,,sample_reads_wide.tsv (v1); pipeline_reads_extract_besthit.tsv; irgsp_dedup_bam_reads.tsv; shotgun_oldnew_pairs_fullpath.tsv,reported_in_cam_metadata,"sample_meta_data_20250922.tsv: field_sample_id@field_sample, latitude, longitude",Exact coordinate reported for Angkor core CAM2509; independently reproduced in angkor_final_metadata.tsv
LV7008879230,angkor,LV7008879230,LV6000654705,ds,LV3006121082,CAM2509,62.65,1293 CE (model year),1293,1293,1293,,CE,"Northern Temple Pond, Angkor Wat","Northern Temple Pond, Angkor Wat; Cambodia",13.41298,103.864648,Qualified; QC519 collapsed available; historical collapsed available; extract count available,capture input registered; extract count available,capture input registered; extract count available,,15051,1175,353,351,,159,24,22,21,,443,27,4,4,,,,,,,1225,96,42,41,,,,,,现有路线计数填入 extract,paired: old IRGSP route + new Asian route; kept separate,,,,,,,sample_reads_wide.tsv (v1); pipeline_reads_extract_besthit.tsv; irgsp_dedup_bam_reads.tsv; shotgun_oldnew_pairs_fullpath.tsv,reported_in_cam_metadata,"sample_meta_data_20250922.tsv: field_sample_id@field_sample, latitude, longitude",Exact coordinate reported for Angkor core CAM2509; independently reproduced in angkor_final_metadata.tsv
LV7008879231,angkor,LV7008879231,LV6000619896,ds,LV3006121084,CAM2509,60.15,1307 CE (model year),1307,1307,1307,,CE,"Northern Temple Pond, Angkor Wat","Northern Temple Pond, Angkor Wat; Cambodia",13.41298,103.864648,Qualified; QC519 collapsed available; historical collapsed available; extract count available,capture input registered; extract count available,capture input registered; extract count available,,15368,1228,366,358,,176,39,37,37,,1591,107,7,5,,,,,,,1372,142,38,35,,,,,,现有路线计数填入 extract,paired: old IRGSP route + new Asian route; kept separate,,,,,,,sample_reads_wide.tsv (v1); pipeline_reads_extract_besthit.tsv; irgsp_dedup_bam_reads.tsv; shotgun_oldnew_pairs_fullpath.tsv,reported_in_cam_metadata,"sample_meta_data_20250922.tsv: field_sample_id@field_sample, latitude, longitude",Exact coordinate reported for Angkor core CAM2509; independently reproduced in angkor_final_metadata.tsv
LV7008879232,angkor,LV7008879232,LV6000619926,ds,LV3006121079,CAM2509,57,1325 CE (model year),1325,1325,1325,,CE,"Northern Temple Pond, Angkor Wat","Northern Temple Pond, Angkor Wat; Cambodia",13.41298,103.864648,Qualified; QC519 collapsed available; historical collapsed available; extract count available,,,,17081,1309,413,406,,199,35,30,30,,,,,,,,,,,,,,,,,,,,,现有路线计数填入 extract,paired: old IRGSP route + new Asian route; kept separate,,,,,,,sample_reads_wide.tsv (v1); pipeline_reads_extract_besthit.tsv; irgsp_dedup_bam_reads.tsv; shotgun_oldnew_pairs_fullpath.tsv,reported_in_cam_metadata,"sample_meta_data_20250922.tsv: field_sample_id@field_sample, latitude, longitude",Exact coordinate reported for Angkor core CAM2509; independently reproduced in angkor_final_metadata.tsv
LV7008879233,angkor,LV7008879233,LV6000619909,ds,LV3006120634,CAM2509,54.15,1336 CE (model year),1336,1336,1336,,CE,"Northern Temple Pond, Angkor Wat","Northern Temple Pond, Angkor Wat; Cambodia",13.41298,103.864648,Qualified; QC519 collapsed available; historical collapsed available; extract count available,,,,15784,1199,354,350,,173,30,28,28,,,,,,,,,,,,,,,,,,,,,现有路线计数填入 extract,paired: old IRGSP route + new Asian route; kept separate,,,,,,,sample_reads_wide.tsv (v1); pipeline_reads_extract_besthit.tsv; irgsp_dedup_bam_reads.tsv; shotgun_oldnew_pairs_fullpath.tsv,reported_in_cam_metadata,"sample_meta_data_20250922.tsv: field_sample_id@field_sample, latitude, longitude",Exact coordinate reported for Angkor core CAM2509; independently reproduced in angkor_final_metadata.tsv
LV7008879234,angkor,LV7008879234,LV6000619892,ds,LV3006120636,CAM2509,50.7,1350 CE (model year),1350,1350,1350,,CE,"Northern Temple Pond, Angkor Wat","Northern Temple Pond, Angkor Wat; Cambodia",13.41298,103.864648,Qualified; QC519 collapsed available; historical collapsed available; extract count available,,,,18927,1531,511,511,,231,41,36,36,,,,,,,,,,,,,,,,,,,,,现有路线计数填入 extract,paired: old IRGSP route + new Asian route; kept separate,,,,,,,sample_reads_wide.tsv (v1); pipeline_reads_extract_besthit.tsv; irgsp_dedup_bam_reads.tsv; shotgun_oldnew_pairs_fullpath.tsv,reported_in_cam_metadata,"sample_meta_data_20250922.tsv: field_sample_id@field_sample, latitude, longitude",Exact coordinate reported for Angkor core CAM2509; independently reproduced in angkor_final_metadata.tsv
LV7008879235,angkor,LV7008879235,LV6000619922,ds,LV3006120650,CAM2509,48.1,1357 CE (model year),1357,1357,1357,,CE,"Northern Temple Pond, Angkor Wat","Northern Temple Pond, Angkor Wat; Cambodia",13.41298,103.864648,Qualified; QC519 collapsed available; historical collapsed available; extract count available,,,,17788,1472,422,421,,194,52,47,47,,,,,,,,,,,,,,,,,,,,,现有路线计数填入 extract,paired: old IRGSP route + new Asian route; kept separate,,,,,,,sample_reads_wide.tsv (v1); pipeline_reads_extract_besthit.tsv; irgsp_dedup_bam_reads.tsv; shotgun_oldnew_pairs_fullpath.tsv,reported_in_cam_metadata,"sample_meta_data_20250922.tsv: field_sample_id@field_sample, latitude, longitude",Exact coordinate reported for Angkor core CAM2509; independently reproduced in angkor_final_metadata.tsv
LV7008879236,angkor,LV7008879236,LV6000619905,ds,LV3006120664,CAM2509,44.65,1366 CE (model year),1366,1366,1366,,CE,"Northern Temple Pond, Angkor Wat","Northern Temple Pond, Angkor Wat; Cambodia",13.41298,103.864648,Qualified; QC519 collapsed available; historical collapsed available; extract count available,,,,20809,2108,713,710,,448,228,220,220,,,,,,,,,,,,,,,,,,,,,现有路线计数填入 extract,paired: old IRGSP route + new Asian route; kept separate,,,,,,,sample_reads_wide.tsv (v1); pipeline_reads_extract_besthit.tsv; irgsp_dedup_bam_reads.tsv; shotgun_oldnew_pairs_fullpath.tsv,reported_in_cam_metadata,"sample_meta_data_20250922.tsv: field_sample_id@field_sample, latitude, longitude",Exact coordinate reported for Angkor core CAM2509; independently reproduced in angkor_final_metadata.tsv
LV7008879237,angkor,LV7008879237,LV6000654589,ds,LV3006121037,CAM2509,78.05,1219 CE (model year),1219,1219,1219,,CE,"Northern Temple Pond, Angkor Wat","Northern Temple Pond, Angkor Wat; Cambodia",13.41298,103.864648,Qualified; QC519 collapsed available; historical collapsed available; extract count available,,,,10917,846,280,278,,114,13,11,11,,,,,,,,,,,,,,,,,,,,,现有路线计数填入 extract,paired: old IRGSP route + new Asian route; kept separate,,,,,,,sample_reads_wide.tsv (v1); pipeline_reads_extract_besthit.tsv; irgsp_dedup_bam_reads.tsv; shotgun_oldnew_pairs_fullpath.tsv,reported_in_cam_metadata,"sample_meta_data_20250922.tsv: field_sample_id@field_sample, latitude, longitude",Exact coordinate reported for Angkor core CAM2509; independently reproduced in angkor_final_metadata.tsv
LV7008879238,angkor,LV7008879238,LV6000654687,ds,LV3006121059,CAM2509,75.6,1236 CE (model year),1236,1236,1236,,CE,"Northern Temple Pond, Angkor Wat","Northern Temple Pond, Angkor Wat; Cambodia",13.41298,103.864648,Qualified; QC519 collapsed available; historical collapsed available; extract count available,,,,15393,1333,394,392,,200,52,47,47,,,,,,,,,,,,,,,,,,,,,现有路线计数填入 extract,paired: old IRGSP route + new Asian route; kept separate,,,,,,,sample_reads_wide.tsv (v1); pipeline_reads_extract_besthit.tsv; irgsp_dedup_bam_reads.tsv; shotgun_oldnew_pairs_fullpath.tsv,reported_in_cam_metadata,"sample_meta_data_20250922.tsv: field_sample_id@field_sample, latitude, longitude",Exact coordinate reported for Angkor core CAM2509; independently reproduced in angkor_final_metadata.tsv
LV7008879239,angkor,LV7008879239,LV6000654717,ds,LV3006121056,CAM2509,73.2,1249 CE (model year),1249,1249,1249,,CE,"Northern Temple Pond, Angkor Wat","Northern Temple Pond, Angkor Wat; Cambodia",13.41298,103.864648,Qualified; QC519 collapsed available; historical collapsed available; extract count available,,,,16208,1540,338,337,,180,47,45,44,,,,,,,,,,,,,,,,,,,,,现有路线计数填入 extract,paired: old IRGSP route + new Asian route; kept separate,,,,,,,sample_reads_wide.tsv (v1); pipeline_reads_extract_besthit.tsv; irgsp_dedup_bam_reads.tsv; shotgun_oldnew_pairs_fullpath.tsv,reported_in_cam_metadata,"sample_meta_data_20250922.tsv: field_sample_id@field_sample, latitude, longitude",Exact coordinate reported for Angkor core CAM2509; independently reproduced in angkor_final_metadata.tsv
LV7008879240,angkor,LV7008879240,LV6000654700,ds,LV3006121053,CAM2509,69.7,1261 CE (model year),1261,1261,1261,,CE,"Northern Temple Pond, Angkor Wat","Northern Temple Pond, Angkor Wat; Cambodia",13.41298,103.864648,Qualified; QC519 collapsed available; historical collapsed available; extract count available,capture input registered; extract count available,capture input registered; extract count available,,15700,1624,382,380,,230,92,87,87,,1043,72,5,4,,,,,,,744,85,55,18,,,,,,现有路线计数填入 extract,paired: old IRGSP route + new Asian route; kept separate,,,,,,,sample_reads_wide.tsv (v1); pipeline_reads_extract_besthit.tsv; irgsp_dedup_bam_reads.tsv; shotgun_oldnew_pairs_fullpath.tsv,reported_in_cam_metadata,"sample_meta_data_20250922.tsv: field_sample_id@field_sample, latitude, longitude",Exact coordinate reported for Angkor core CAM2509; independently reproduced in angkor_final_metadata.tsv
LV7008879241,angkor,LV7008879241,LV6000654683,ds,LV3006121049,CAM2509,66.65,1270 CE (model year),1270,1270,1270,,CE,"Northern Temple Pond, Angkor Wat","Northern Temple Pond, Angkor Wat; Cambodia",13.41298,103.864648,Qualified; QC519 collapsed available; historical collapsed available; extract count available,capture input registered; extract count available,capture input registered; extract count available,,16238,1361,389,384,,159,33,30,30,,814,72,13,13,,,,,,,2718,214,84,75,,,,,,现有路线计数填入 extract,paired: old IRGSP route + new Asian route; kept separate,,,,,,,sample_reads_wide.tsv (v1); pipeline_reads_extract_besthit.tsv; irgsp_dedup_bam_reads.tsv; shotgun_oldnew_pairs_fullpath.tsv,reported_in_cam_metadata,"sample_meta_data_20250922.tsv: field_sample_id@field_sample, latitude, longitude",Exact coordinate reported for Angkor core CAM2509; independently reproduced in angkor_final_metadata.tsv
LV7008879242,angkor,LV7008879242,LV6000654713,ds,LV3006121088,CAM2509,63.05,1290 CE (model year),1290,1290,1290,,CE,"Northern Temple Pond, Angkor Wat","Northern Temple Pond, Angkor Wat; Cambodia",13.41298,103.864648,Qualified; QC519 collapsed available; historical collapsed available; extract count available,,,,17103,1476,433,431,,221,48,44,44,,,,,,,,,,,,,,,,,,,,,现有路线计数填入 extract,paired: old IRGSP route + new Asian route; kept separate,,,,,,,sample_reads_wide.tsv (v1); pipeline_reads_extract_besthit.tsv; irgsp_dedup_bam_reads.tsv; shotgun_oldnew_pairs_fullpath.tsv,reported_in_cam_metadata,"sample_meta_data_20250922.tsv: field_sample_id@field_sample, latitude, longitude",Exact coordinate reported for Angkor core CAM2509; independently reproduced in angkor_final_metadata.tsv
LV7008879243,angkor,LV7008879243,LV6000619904,ds,LV3006121083,CAM2509,60.5,1305 CE (model year),1305,1305,1305,,CE,"Northern Temple Pond, Angkor Wat","Northern Temple Pond, Angkor Wat; Cambodia",13.41298,103.864648,Qualified; QC519 collapsed available; historical collapsed available; extract count available,capture input registered; extract count available,capture input registered; extract count available,,16072,1305,399,397,,197,45,40,40,,1035,64,8,8,,,,,,,1115,130,54,29,,,,,,现有路线计数填入 extract,paired: old IRGSP route + new Asian route; kept separate,,,,,,,sample_reads_wide.tsv (v1); pipeline_reads_extract_besthit.tsv; irgsp_dedup_bam_reads.tsv; shotgun_oldnew_pairs_fullpath.tsv,reported_in_cam_metadata,"sample_meta_data_20250922.tsv: field_sample_id@field_sample, latitude, longitude",Exact coordinate reported for Angkor core CAM2509; independently reproduced in angkor_final_metadata.tsv
LV7008879244,angkor,LV7008879244,LV6000619887,ds,LV3006121072,CAM2509,57.4,1323 CE (model year),1323,1323,1323,,CE,"Northern Temple Pond, Angkor Wat","Northern Temple Pond, Angkor Wat; Cambodia",13.41298,103.864648,Qualified; QC519 collapsed available; historical collapsed available; extract count available,,,,15004,1216,345,338,,175,30,26,26,,,,,,,,,,,,,,,,,,,,,现有路线计数填入 extract,paired: old IRGSP route + new Asian route; kept separate,,,,,,,sample_reads_wide.tsv (v1); pipeline_reads_extract_besthit.tsv; irgsp_dedup_bam_reads.tsv; shotgun_oldnew_pairs_fullpath.tsv,reported_in_cam_metadata,"sample_meta_data_20250922.tsv: field_sample_id@field_sample, latitude, longitude",Exact coordinate reported for Angkor core CAM2509; independently reproduced in angkor_final_metadata.tsv
LV7008879245,angkor,LV7008879245,LV6000619917,ds,LV3006120633,CAM2509,54.7,1334 CE (model year),1334,1334,1334,,CE,"Northern Temple Pond, Angkor Wat","Northern Temple Pond, Angkor Wat; Cambodia",13.41298,103.864648,Qualified; QC519 collapsed available; historical collapsed available; extract count available,capture input registered; extract count available,capture input registered; extract count available,,13893,1021,304,299,,139,22,21,21,,4668,,,,,,,,,,11918,,,,,,,,,现有路线计数填入 extract；capture 重名输出未定 canonical：主计数字段留空，候选值见审计列,paired: old IRGSP route + new Asian route; kept separate,unresolved: two non-identical outputs; not summed,besthit=450; mapped=3; dedup=3,besthit=463; mapped=3; dedup=3,unresolved: two non-identical outputs; not summed,besthit=922; mapped=301; dedup=280,besthit=919; mapped=300; dedup=279,sample_reads_wide.tsv (v1); pipeline_reads_extract_besthit.tsv; irgsp_dedup_bam_reads.tsv; capture_duplicate_pairs_fullpath.tsv; shotgun_oldnew_pairs_fullpath.tsv,reported_in_cam_metadata,"sample_meta_data_20250922.tsv: field_sample_id@field_sample, latitude, longitude",Exact coordinate reported for Angkor core CAM2509; independently reproduced in angkor_final_metadata.tsv
LV7008879246,angkor,LV7008879246,LV6000619900,ds,LV3006120648,CAM2509,51.15,1348 CE (model year),1348,1348,1348,,CE,"Northern Temple Pond, Angkor Wat","Northern Temple Pond, Angkor Wat; Cambodia",13.41298,103.864648,Qualified; QC519 collapsed available; historical collapsed available; extract count available,,,,16685,1377,454,451,,205,48,46,46,,,,,,,,,,,,,,,,,,,,,现有路线计数填入 extract,paired: old IRGSP route + new Asian route; kept separate,,,,,,,sample_reads_wide.tsv (v1); pipeline_reads_extract_besthit.tsv; irgsp_dedup_bam_reads.tsv; shotgun_oldnew_pairs_fullpath.tsv,reported_in_cam_metadata,"sample_meta_data_20250922.tsv: field_sample_id@field_sample, latitude, longitude",Exact coordinate reported for Angkor core CAM2509; independently reproduced in angkor_final_metadata.tsv
LV7008879247,angkor,LV7008879247,LV6000619883,ds,LV3006120631,CAM2509,48.5,1356 CE (model year),1356,1356,1356,,CE,"Northern Temple Pond, Angkor Wat","Northern Temple Pond, Angkor Wat; Cambodia",13.41298,103.864648,Qualified; QC519 collapsed available; historical collapsed available; extract count available,,,,18876,1638,468,468,,225,56,51,51,,,,,,,,,,,,,,,,,,,,,现有路线计数填入 extract,paired: old IRGSP route + new Asian route; kept separate,,,,,,,sample_reads_wide.tsv (v1); pipeline_reads_extract_besthit.tsv; irgsp_dedup_bam_reads.tsv; shotgun_oldnew_pairs_fullpath.tsv,reported_in_cam_metadata,"sample_meta_data_20250922.tsv: field_sample_id@field_sample, latitude, longitude",Exact coordinate reported for Angkor core CAM2509; independently reproduced in angkor_final_metadata.tsv
LV7008879248,angkor,LV7008879248,LV6000619913,ds,LV3006120666,CAM2509,45.15,1365 CE (model year),1365,1365,1365,,CE,"Northern Temple Pond, Angkor Wat","Northern Temple Pond, Angkor Wat; Cambodia",13.41298,103.864648,Qualified; QC519 collapsed available; historical collapsed available; extract count available,,,,19728,1671,522,520,,295,100,93,91,,,,,,,,,,,,,,,,,,,,,现有路线计数填入 extract,paired: old IRGSP route + new Asian route; kept separate,,,,,,,sample_reads_wide.tsv (v1); pipeline_reads_extract_besthit.tsv; irgsp_dedup_bam_reads.tsv; shotgun_oldnew_pairs_fullpath.tsv,reported_in_cam_metadata,"sample_meta_data_20250922.tsv: field_sample_id@field_sample, latitude, longitude",Exact coordinate reported for Angkor core CAM2509; independently reproduced in angkor_final_metadata.tsv
LV7008879249,angkor,LV7008879249,LV6000654628,ds,LV3006121042,CAM2509,78.35,1217 CE (model year),1217,1217,1217,,CE,"Northern Temple Pond, Angkor Wat","Northern Temple Pond, Angkor Wat; Cambodia",13.41298,103.864648,Qualified; QC519 collapsed available; historical collapsed available; extract count available,,,,12638,958,326,326,,129,21,16,16,,,,,,,,,,,,,,,,,,,,,现有路线计数填入 extract,paired: old IRGSP route + new Asian route; kept separate,,,,,,,sample_reads_wide.tsv (v1); pipeline_reads_extract_besthit.tsv; irgsp_dedup_bam_reads.tsv; shotgun_oldnew_pairs_fullpath.tsv,reported_in_cam_metadata,"sample_meta_data_20250922.tsv: field_sample_id@field_sample, latitude, longitude",Exact coordinate reported for Angkor core CAM2509; independently reproduced in angkor_final_metadata.tsv
LV7008879250,angkor,LV7008879250,LV6000654695,ds,LV3006121064,CAM2509,75.95,1234 CE (model year),1234,1234,1234,,CE,"Northern Temple Pond, Angkor Wat","Northern Temple Pond, Angkor Wat; Cambodia",13.41298,103.864648,Qualified; QC519 collapsed available; historical collapsed available; extract count available,,,,16224,1726,498,495,,274,143,133,133,,,,,,,,,,,,,,,,,,,,,现有路线计数填入 extract,paired: old IRGSP route + new Asian route; kept separate,,,,,,,sample_reads_wide.tsv (v1); pipeline_reads_extract_besthit.tsv; irgsp_dedup_bam_reads.tsv; shotgun_oldnew_pairs_fullpath.tsv,reported_in_cam_metadata,"sample_meta_data_20250922.tsv: field_sample_id@field_sample, latitude, longitude",Exact coordinate reported for Angkor core CAM2509; independently reproduced in angkor_final_metadata.tsv
LV7008879251,angkor,LV7008879251,LV6000654725,ds,LV3006121050,CAM2509,73.55,1247 CE (model year),1247,1247,1247,,CE,"Northern Temple Pond, Angkor Wat","Northern Temple Pond, Angkor Wat; Cambodia",13.41298,103.864648,Qualified; QC519 collapsed available; historical collapsed available; extract count available,capture input registered; extract count available,capture input registered; extract count available,,12703,1331,308,307,,196,69,65,64,,869,101,24,24,,,,,,,2112,183,47,44,,,,,,现有路线计数填入 extract,paired: old IRGSP route + new Asian route; kept separate,,,,,,,sample_reads_wide.tsv (v1); pipeline_reads_extract_besthit.tsv; irgsp_dedup_bam_reads.tsv; shotgun_oldnew_pairs_fullpath.tsv,reported_in_cam_metadata,"sample_meta_data_20250922.tsv: field_sample_id@field_sample, latitude, longitude",Exact coordinate reported for Angkor core CAM2509; independently reproduced in angkor_final_metadata.tsv
LV7008879252,angkor,LV7008879252,LV6000654708,ds,LV3006121046,CAM2509,70.1,1260 CE (model year),1260,1260,1260,,CE,"Northern Temple Pond, Angkor Wat","Northern Temple Pond, Angkor Wat; Cambodia",13.41298,103.864648,Qualified; QC519 collapsed available; historical collapsed available; extract count available,,,,17010,1837,458,452,,224,85,78,76,,,,,,,,,,,,,,,,,,,,,现有路线计数填入 extract,paired: old IRGSP route + new Asian route; kept separate,,,,,,,sample_reads_wide.tsv (v1); pipeline_reads_extract_besthit.tsv; irgsp_dedup_bam_reads.tsv; shotgun_oldnew_pairs_fullpath.tsv,reported_in_cam_metadata,"sample_meta_data_20250922.tsv: field_sample_id@field_sample, latitude, longitude",Exact coordinate reported for Angkor core CAM2509; independently reproduced in angkor_final_metadata.tsv
LV7008879253,angkor,LV7008879253,LV6000654691,ds,LV3006121055,CAM2509,67.1,1268 CE (model year),1268,1268,1268,,CE,"Northern Temple Pond, Angkor Wat","Northern Temple Pond, Angkor Wat; Cambodia",13.41298,103.864648,Qualified; QC519 collapsed available; historical collapsed available; extract count available,,,,15919,1411,408,401,,193,41,36,36,,,,,,,,,,,,,,,,,,,,,现有路线计数填入 extract,paired: old IRGSP route + new Asian route; kept separate,,,,,,,sample_reads_wide.tsv (v1); pipeline_reads_extract_besthit.tsv; irgsp_dedup_bam_reads.tsv; shotgun_oldnew_pairs_fullpath.tsv,reported_in_cam_metadata,"sample_meta_data_20250922.tsv: field_sample_id@field_sample, latitude, longitude",Exact coordinate reported for Angkor core CAM2509; independently reproduced in angkor_final_metadata.tsv
LV7008879254,angkor,LV7008879254,LV6000654721,ds,LV3006121075,CAM2509,63.4,1288 CE (model year),1288,1288,1288,,CE,"Northern Temple Pond, Angkor Wat","Northern Temple Pond, Angkor Wat; Cambodia",13.41298,103.864648,Qualified; QC519 collapsed available; historical collapsed available; extract count available,,,,17803,1392,402,401,,192,49,43,42,,,,,,,,,,,,,,,,,,,,,现有路线计数填入 extract,paired: old IRGSP route + new Asian route; kept separate,,,,,,,sample_reads_wide.tsv (v1); pipeline_reads_extract_besthit.tsv; irgsp_dedup_bam_reads.tsv; shotgun_oldnew_pairs_fullpath.tsv,reported_in_cam_metadata,"sample_meta_data_20250922.tsv: field_sample_id@field_sample, latitude, longitude",Exact coordinate reported for Angkor core CAM2509; independently reproduced in angkor_final_metadata.tsv
LV7008879255,angkor,LV7008879255,LV6000619912,ds,LV3006121069,CAM2509,60.9,1303 CE (model year),1303,1303,1303,,CE,"Northern Temple Pond, Angkor Wat","Northern Temple Pond, Angkor Wat; Cambodia",13.41298,103.864648,Qualified; QC519 collapsed available; historical collapsed available; extract count available,,,,16482,1268,390,387,,204,40,34,34,,,,,,,,,,,,,,,,,,,,,现有路线计数填入 extract,paired: old IRGSP route + new Asian route; kept separate,,,,,,,sample_reads_wide.tsv (v1); pipeline_reads_extract_besthit.tsv; irgsp_dedup_bam_reads.tsv; shotgun_oldnew_pairs_fullpath.tsv,reported_in_cam_metadata,"sample_meta_data_20250922.tsv: field_sample_id@field_sample, latitude, longitude",Exact coordinate reported for Angkor core CAM2509; independently reproduced in angkor_final_metadata.tsv
LV7008879256,angkor,LV7008879256,LV6000619895,ds,LV3006121078,CAM2509,57.8,1321 CE (model year),1321,1321,1321,,CE,"Northern Temple Pond, Angkor Wat","Northern Temple Pond, Angkor Wat; Cambodia",13.41298,103.864648,Qualified; QC519 collapsed available; historical collapsed available; extract count available,,,,14490,1216,357,353,,173,33,30,30,,,,,,,,,,,,,,,,,,,,,现有路线计数填入 extract,paired: old IRGSP route + new Asian route; kept separate,,,,,,,sample_reads_wide.tsv (v1); pipeline_reads_extract_besthit.tsv; irgsp_dedup_bam_reads.tsv; shotgun_oldnew_pairs_fullpath.tsv,reported_in_cam_metadata,"sample_meta_data_20250922.tsv: field_sample_id@field_sample, latitude, longitude",Exact coordinate reported for Angkor core CAM2509; independently reproduced in angkor_final_metadata.tsv
LV7008879257,angkor,LV7008879257,LV6000619925,ds,LV3006120639,CAM2509,55.15,1332 CE (model year),1332,1332,1332,,CE,"Northern Temple Pond, Angkor Wat","Northern Temple Pond, Angkor Wat; Cambodia",13.41298,103.864648,Qualified; QC519 collapsed available; historical collapsed available; extract count available,,,,14844,1186,385,383,,148,30,24,24,,,,,,,,,,,,,,,,,,,,,现有路线计数填入 extract,paired: old IRGSP route + new Asian route; kept separate,,,,,,,sample_reads_wide.tsv (v1); pipeline_reads_extract_besthit.tsv; irgsp_dedup_bam_reads.tsv; shotgun_oldnew_pairs_fullpath.tsv,reported_in_cam_metadata,"sample_meta_data_20250922.tsv: field_sample_id@field_sample, latitude, longitude",Exact coordinate reported for Angkor core CAM2509; independently reproduced in angkor_final_metadata.tsv
LV7008879258,angkor,LV7008879258,LV6000619908,ds,LV3006120647,CAM2509,51.65,1346 CE (model year),1346,1346,1346,,CE,"Northern Temple Pond, Angkor Wat","Northern Temple Pond, Angkor Wat; Cambodia",13.41298,103.864648,Qualified; QC519 collapsed available; historical collapsed available; extract count available,capture input registered; extract count available,capture input registered; extract count available,,17175,1443,459,459,,226,54,52,52,,261,19,3,3,,,,,,,3650,327,115,102,,,,,,现有路线计数填入 extract,paired: old IRGSP route + new Asian route; kept separate,,,,,,,sample_reads_wide.tsv (v1); pipeline_reads_extract_besthit.tsv; irgsp_dedup_bam_reads.tsv; shotgun_oldnew_pairs_fullpath.tsv,reported_in_cam_metadata,"sample_meta_data_20250922.tsv: field_sample_id@field_sample, latitude, longitude",Exact coordinate reported for Angkor core CAM2509; independently reproduced in angkor_final_metadata.tsv
LV7008879259,angkor,LV7008879259,LV6000619891,ds,LV3006120637,CAM2509,48.85,1356 CE (model year),1356,1356,1356,,CE,"Northern Temple Pond, Angkor Wat","Northern Temple Pond, Angkor Wat; Cambodia",13.41298,103.864648,Qualified; QC519 collapsed available; historical collapsed available; extract count available,,,,17225,1319,401,401,,191,37,34,34,,,,,,,,,,,,,,,,,,,,,现有路线计数填入 extract,paired: old IRGSP route + new Asian route; kept separate,,,,,,,sample_reads_wide.tsv (v1); pipeline_reads_extract_besthit.tsv; irgsp_dedup_bam_reads.tsv; shotgun_oldnew_pairs_fullpath.tsv,reported_in_cam_metadata,"sample_meta_data_20250922.tsv: field_sample_id@field_sample, latitude, longitude",Exact coordinate reported for Angkor core CAM2509; independently reproduced in angkor_final_metadata.tsv
LV7008879260,angkor,LV7008879260,LV6000619921,ds,LV3006120653,CAM2509,45.6,1364 CE (model year),1364,1364,1364,,CE,"Northern Temple Pond, Angkor Wat","Northern Temple Pond, Angkor Wat; Cambodia",13.41298,103.864648,Qualified; QC519 collapsed available; historical collapsed available; extract count available,,,,17284,1476,507,501,,243,67,61,61,,,,,,,,,,,,,,,,,,,,,现有路线计数填入 extract,paired: old IRGSP route + new Asian route; kept separate,,,,,,,sample_reads_wide.tsv (v1); pipeline_reads_extract_besthit.tsv; irgsp_dedup_bam_reads.tsv; shotgun_oldnew_pairs_fullpath.tsv,reported_in_cam_metadata,"sample_meta_data_20250922.tsv: field_sample_id@field_sample, latitude, longitude",Exact coordinate reported for Angkor core CAM2509; independently reproduced in angkor_final_metadata.tsv
LV7008879262,angkor,LV7008879262,LV6000654703,ds,LV3006121025,CAM2509,76.25,1232 CE (model year),1232,1232,1232,,CE,"Northern Temple Pond, Angkor Wat","Northern Temple Pond, Angkor Wat; Cambodia",13.41298,103.864648,Qualified; QC519 collapsed available; historical collapsed available; extract count available,,,,16218,1428,376,376,,195,50,47,47,,,,,,,,,,,,,,,,,,,,,现有路线计数填入 extract,paired: old IRGSP route + new Asian route; kept separate,,,,,,,sample_reads_wide.tsv (v1); pipeline_reads_extract_besthit.tsv; irgsp_dedup_bam_reads.tsv; shotgun_oldnew_pairs_fullpath.tsv,reported_in_cam_metadata,"sample_meta_data_20250922.tsv: field_sample_id@field_sample, latitude, longitude",Exact coordinate reported for Angkor core CAM2509; independently reproduced in angkor_final_metadata.tsv
LV7008879263,angkor,LV7008879263,LV6000654686,ds,LV3006121044,CAM2509,73.85,1245 CE (model year),1245,1245,1245,,CE,"Northern Temple Pond, Angkor Wat","Northern Temple Pond, Angkor Wat; Cambodia",13.41298,103.864648,Qualified; QC519 collapsed available; historical collapsed available; extract count available,capture input registered; extract count available,capture input registered; extract count available,,17790,1927,517,516,,247,97,90,90,,2294,,,,,,,,,,9470,,,,,,,,,现有路线计数填入 extract；capture 重名输出未定 canonical：主计数字段留空，候选值见审计列,paired: old IRGSP route + new Asian route; kept separate,unresolved: two non-identical outputs; not summed,besthit=192; mapped=77; dedup=6,besthit=201; mapped=77; dedup=6,unresolved: two non-identical outputs; not summed,besthit=825; mapped=242; dedup=227,besthit=831; mapped=242; dedup=224,sample_reads_wide.tsv (v1); pipeline_reads_extract_besthit.tsv; irgsp_dedup_bam_reads.tsv; capture_duplicate_pairs_fullpath.tsv; shotgun_oldnew_pairs_fullpath.tsv,reported_in_cam_metadata,"sample_meta_data_20250922.tsv: field_sample_id@field_sample, latitude, longitude",Exact coordinate reported for Angkor core CAM2509; independently reproduced in angkor_final_metadata.tsv
LV7008879264,angkor,LV7008879264,LV6000654716,ds,LV3006121066,CAM2509,70.55,1259 CE (model year),1259,1259,1259,,CE,"Northern Temple Pond, Angkor Wat","Northern Temple Pond, Angkor Wat; Cambodia",13.41298,103.864648,Qualified; QC519 collapsed available; historical collapsed available; extract count available,,,,20234,2103,508,504,,243,81,68,66,,,,,,,,,,,,,,,,,,,,,现有路线计数填入 extract,paired: old IRGSP route + new Asian route; kept separate,,,,,,,sample_reads_wide.tsv (v1); pipeline_reads_extract_besthit.tsv; irgsp_dedup_bam_reads.tsv; shotgun_oldnew_pairs_fullpath.tsv,reported_in_cam_metadata,"sample_meta_data_20250922.tsv: field_sample_id@field_sample, latitude, longitude",Exact coordinate reported for Angkor core CAM2509; independently reproduced in angkor_final_metadata.tsv
LV7008879265,angkor,LV7008879265,LV6000654699,ds,LV3006121061,CAM2509,67.55,1267 CE (model year),1267,1267,1267,,CE,"Northern Temple Pond, Angkor Wat","Northern Temple Pond, Angkor Wat; Cambodia",13.41298,103.864648,Qualified; QC519 collapsed available; historical collapsed available; extract count available,,,,15813,1498,442,436,,208,63,58,56,,,,,,,,,,,,,,,,,,,,,现有路线计数填入 extract,paired: old IRGSP route + new Asian route; kept separate,,,,,,,sample_reads_wide.tsv (v1); pipeline_reads_extract_besthit.tsv; irgsp_dedup_bam_reads.tsv; shotgun_oldnew_pairs_fullpath.tsv,reported_in_cam_metadata,"sample_meta_data_20250922.tsv: field_sample_id@field_sample, latitude, longitude",Exact coordinate reported for Angkor core CAM2509; independently reproduced in angkor_final_metadata.tsv
LV7008879266,angkor,LV7008879266,LV6000654682,ds,LV3006121081,CAM2509,63.8,1286 CE (model year),1286,1286,1286,,CE,"Northern Temple Pond, Angkor Wat","Northern Temple Pond, Angkor Wat; Cambodia",13.41298,103.864648,Qualified; QC519 collapsed available; historical collapsed available; extract count available,,,,15597,1272,377,371,,168,42,37,36,,,,,,,,,,,,,,,,,,,,,现有路线计数填入 extract,paired: old IRGSP route + new Asian route; kept separate,,,,,,,sample_reads_wide.tsv (v1); pipeline_reads_extract_besthit.tsv; irgsp_dedup_bam_reads.tsv; shotgun_oldnew_pairs_fullpath.tsv,reported_in_cam_metadata,"sample_meta_data_20250922.tsv: field_sample_id@field_sample, latitude, longitude",Exact coordinate reported for Angkor core CAM2509; independently reproduced in angkor_final_metadata.tsv
LV7008879268,angkor,LV7008879268,LV6000619903,ds,LV3006121085,CAM2509,58.2,1319 CE (model year),1319,1319,1319,,CE,"Northern Temple Pond, Angkor Wat","Northern Temple Pond, Angkor Wat; Cambodia",13.41298,103.864648,Qualified; QC519 collapsed available; historical collapsed available; extract count available,,,,17901,1334,418,416,,183,23,21,21,,,,,,,,,,,,,,,,,,,,,现有路线计数填入 extract,paired: old IRGSP route + new Asian route; kept separate,,,,,,,sample_reads_wide.tsv (v1); pipeline_reads_extract_besthit.tsv; irgsp_dedup_bam_reads.tsv; shotgun_oldnew_pairs_fullpath.tsv,reported_in_cam_metadata,"sample_meta_data_20250922.tsv: field_sample_id@field_sample, latitude, longitude",Exact coordinate reported for Angkor core CAM2509; independently reproduced in angkor_final_metadata.tsv
LV7008879269,angkor,LV7008879269,LV6000619886,ds,LV3006120640,CAM2509,55.45,1331 CE (model year),1331,1331,1331,,CE,"Northern Temple Pond, Angkor Wat","Northern Temple Pond, Angkor Wat; Cambodia",13.41298,103.864648,Qualified; QC519 collapsed available; historical collapsed available; extract count available,,,,13272,1109,351,348,,133,40,36,36,,,,,,,,,,,,,,,,,,,,,现有路线计数填入 extract,paired: old IRGSP route + new Asian route; kept separate,,,,,,,sample_reads_wide.tsv (v1); pipeline_reads_extract_besthit.tsv; irgsp_dedup_bam_reads.tsv; shotgun_oldnew_pairs_fullpath.tsv,reported_in_cam_metadata,"sample_meta_data_20250922.tsv: field_sample_id@field_sample, latitude, longitude",Exact coordinate reported for Angkor core CAM2509; independently reproduced in angkor_final_metadata.tsv
LV7008879270,angkor,LV7008879270,LV6000619916,ds,LV3006120641,CAM2509,52.15,1344 CE (model year),1344,1344,1344,,CE,"Northern Temple Pond, Angkor Wat","Northern Temple Pond, Angkor Wat; Cambodia",13.41298,103.864648,Qualified; QC519 collapsed available; historical collapsed available; extract count available,,,,18051,1472,478,475,,197,40,36,35,,,,,,,,,,,,,,,,,,,,,现有路线计数填入 extract,paired: old IRGSP route + new Asian route; kept separate,,,,,,,sample_reads_wide.tsv (v1); pipeline_reads_extract_besthit.tsv; irgsp_dedup_bam_reads.tsv; shotgun_oldnew_pairs_fullpath.tsv,reported_in_cam_metadata,"sample_meta_data_20250922.tsv: field_sample_id@field_sample, latitude, longitude",Exact coordinate reported for Angkor core CAM2509; independently reproduced in angkor_final_metadata.tsv
LV7008879272,angkor,LV7008879272,LV6000619882,ds,LV3006120672,CAM2509,46,1363 CE (model year),1363,1363,1363,,CE,"Northern Temple Pond, Angkor Wat","Northern Temple Pond, Angkor Wat; Cambodia",13.41298,103.864648,Qualified; QC519 collapsed available; historical collapsed available; extract count available,capture input registered; extract count available,capture input registered; extract count available,,16123,1322,435,434,,210,62,59,59,,345,35,6,5,,,,,,,11584,947,332,275,,,,,,现有路线计数填入 extract,paired: old IRGSP route + new Asian route; kept separate,,,,,,,sample_reads_wide.tsv (v1); pipeline_reads_extract_besthit.tsv; irgsp_dedup_bam_reads.tsv; shotgun_oldnew_pairs_fullpath.tsv,reported_in_cam_metadata,"sample_meta_data_20250922.tsv: field_sample_id@field_sample, latitude, longitude",Exact coordinate reported for Angkor core CAM2509; independently reproduced in angkor_final_metadata.tsv
LV7008879276,angkor,LV7008879276,LV6000654724,ds,LV3006121065,CAM2509,71,1258 CE (model year),1258,1258,1258,,CE,"Northern Temple Pond, Angkor Wat","Northern Temple Pond, Angkor Wat; Cambodia",13.41298,103.864648,Qualified; QC519 collapsed available; historical collapsed available; extract count available,capture input registered; extract count available,capture input registered; extract count available,,17436,1900,436,436,,211,75,71,71,,1500,92,9,6,,,,,,,1673,150,63,46,,,,,,现有路线计数填入 extract,paired: old IRGSP route + new Asian route; kept separate,,,,,,,sample_reads_wide.tsv (v1); pipeline_reads_extract_besthit.tsv; irgsp_dedup_bam_reads.tsv; shotgun_oldnew_pairs_fullpath.tsv,reported_in_cam_metadata,"sample_meta_data_20250922.tsv: field_sample_id@field_sample, latitude, longitude",Exact coordinate reported for Angkor core CAM2509; independently reproduced in angkor_final_metadata.tsv
LV7008879277,angkor,LV7008879277,LV6000654707,ds,LV3006121048,CAM2509,68.05,1266 CE (model year),1266,1266,1266,,CE,"Northern Temple Pond, Angkor Wat","Northern Temple Pond, Angkor Wat; Cambodia",13.41298,103.864648,Qualified; QC519 collapsed available; historical collapsed available; extract count available,,,,16343,1792,487,479,,246,111,100,96,,,,,,,,,,,,,,,,,,,,,现有路线计数填入 extract,paired: old IRGSP route + new Asian route; kept separate,,,,,,,sample_reads_wide.tsv (v1); pipeline_reads_extract_besthit.tsv; irgsp_dedup_bam_reads.tsv; shotgun_oldnew_pairs_fullpath.tsv,reported_in_cam_metadata,"sample_meta_data_20250922.tsv: field_sample_id@field_sample, latitude, longitude",Exact coordinate reported for Angkor core CAM2509; independently reproduced in angkor_final_metadata.tsv
LV7008879278,angkor,LV7008879278,LV6000654690,ds,LV3006121087,CAM2509,64.25,1283 CE (model year),1283,1283,1283,,CE,"Northern Temple Pond, Angkor Wat","Northern Temple Pond, Angkor Wat; Cambodia",13.41298,103.864648,Qualified; QC519 collapsed available; historical collapsed available; extract count available,,,,19107,1914,556,554,,282,108,101,100,,,,,,,,,,,,,,,,,,,,,现有路线计数填入 extract,paired: old IRGSP route + new Asian route; kept separate,,,,,,,sample_reads_wide.tsv (v1); pipeline_reads_extract_besthit.tsv; irgsp_dedup_bam_reads.tsv; shotgun_oldnew_pairs_fullpath.tsv,reported_in_cam_metadata,"sample_meta_data_20250922.tsv: field_sample_id@field_sample, latitude, longitude",Exact coordinate reported for Angkor core CAM2509; independently reproduced in angkor_final_metadata.tsv
LV7008879280,angkor,LV7008879280,LV6000619911,ds,LV3006121077,CAM2509,58.65,1316 CE (model year),1316,1316,1316,,CE,"Northern Temple Pond, Angkor Wat","Northern Temple Pond, Angkor Wat; Cambodia",13.41298,103.864648,Qualified; QC519 collapsed available; historical collapsed available; extract count available,capture input registered; extract count available,capture input registered; extract count available,,13971,1167,367,363,,156,23,21,21,,1218,86,2,2,,,,,,,2530,203,58,54,,,,,,现有路线计数填入 extract,paired: old IRGSP route + new Asian route; kept separate,,,,,,,sample_reads_wide.tsv (v1); pipeline_reads_extract_besthit.tsv; irgsp_dedup_bam_reads.tsv; shotgun_oldnew_pairs_fullpath.tsv,reported_in_cam_metadata,"sample_meta_data_20250922.tsv: field_sample_id@field_sample, latitude, longitude",Exact coordinate reported for Angkor core CAM2509; independently reproduced in angkor_final_metadata.tsv
LV7008879281,angkor,LV7008879281,LV6000619894,ds,LV3006120646,CAM2509,55.8,1330 CE (model year),1330,1330,1330,,CE,"Northern Temple Pond, Angkor Wat","Northern Temple Pond, Angkor Wat; Cambodia",13.41298,103.864648,Qualified; QC519 collapsed available; historical collapsed available; extract count available,capture input registered; extract count available,capture input registered; extract count available,,15484,1188,354,354,,156,26,23,23,,773,50,4,4,,,,,,,3628,258,85,73,,,,,,现有路线计数填入 extract,paired: old IRGSP route + new Asian route; kept separate,,,,,,,sample_reads_wide.tsv (v1); pipeline_reads_extract_besthit.tsv; irgsp_dedup_bam_reads.tsv; shotgun_oldnew_pairs_fullpath.tsv,reported_in_cam_metadata,"sample_meta_data_20250922.tsv: field_sample_id@field_sample, latitude, longitude",Exact coordinate reported for Angkor core CAM2509; independently reproduced in angkor_final_metadata.tsv
LV7008879282,angkor,LV7008879282,LV6000619924,ds,LV3006120635,CAM2509,52.6,1343 CE (model year),1343,1343,1343,,CE,"Northern Temple Pond, Angkor Wat","Northern Temple Pond, Angkor Wat; Cambodia",13.41298,103.864648,Qualified; QC519 collapsed available; historical collapsed available; extract count available,capture input registered; extract count available,capture input registered; extract count available,,19963,1641,541,539,,229,57,55,55,,44,3,2,2,,,,,,,4351,383,149,109,,,,,,现有路线计数填入 extract,paired: old IRGSP route + new Asian route; kept separate,,,,,,,sample_reads_wide.tsv (v1); pipeline_reads_extract_besthit.tsv; irgsp_dedup_bam_reads.tsv; shotgun_oldnew_pairs_fullpath.tsv,reported_in_cam_metadata,"sample_meta_data_20250922.tsv: field_sample_id@field_sample, latitude, longitude",Exact coordinate reported for Angkor core CAM2509; independently reproduced in angkor_final_metadata.tsv
LV7008879283,angkor,LV7008879283,LV6000619907,ds,LV3006120643,CAM2509,49.65,1353 CE (model year),1353,1353,1353,,CE,"Northern Temple Pond, Angkor Wat","Northern Temple Pond, Angkor Wat; Cambodia",13.41298,103.864648,Qualified; QC519 collapsed available; historical collapsed available; extract count available,,,,18653,1396,404,403,,213,45,36,36,,,,,,,,,,,,,,,,,,,,,现有路线计数填入 extract,paired: old IRGSP route + new Asian route; kept separate,,,,,,,sample_reads_wide.tsv (v1); pipeline_reads_extract_besthit.tsv; irgsp_dedup_bam_reads.tsv; shotgun_oldnew_pairs_fullpath.tsv,reported_in_cam_metadata,"sample_meta_data_20250922.tsv: field_sample_id@field_sample, latitude, longitude",Exact coordinate reported for Angkor core CAM2509; independently reproduced in angkor_final_metadata.tsv
LV7008879284,angkor,LV7008879284,LV6000619890,ds,LV3006120667,CAM2509,46.45,1362 CE (model year),1362,1362,1362,,CE,"Northern Temple Pond, Angkor Wat","Northern Temple Pond, Angkor Wat; Cambodia",13.41298,103.864648,Qualified; QC519 collapsed available; historical collapsed available; extract count available,,,,18660,1509,460,459,,226,58,52,52,,,,,,,,,,,,,,,,,,,,,现有路线计数填入 extract,paired: old IRGSP route + new Asian route; kept separate,,,,,,,sample_reads_wide.tsv (v1); pipeline_reads_extract_besthit.tsv; irgsp_dedup_bam_reads.tsv; shotgun_oldnew_pairs_fullpath.tsv,reported_in_cam_metadata,"sample_meta_data_20250922.tsv: field_sample_id@field_sample, latitude, longitude",Exact coordinate reported for Angkor core CAM2509; independently reproduced in angkor_final_metadata.tsv
LV7008879480,angkor,LV7008879480,LV6000619523,ds,LV3006121013,CAM2509,84.95,1129 CE (model year),1129,1129,1129,,CE,"Northern Temple Pond, Angkor Wat","Northern Temple Pond, Angkor Wat; Cambodia",13.41298,103.864648,Qualified; QC519 collapsed available; historical collapsed available; extract count available,capture input registered; extract count available,capture input registered; extract count available,,10477,897,329,327,,93,15,12,12,,2379,226,6,6,,,,,,,470,36,16,16,,,,,,现有路线计数填入 extract,paired: old IRGSP route + new Asian route; kept separate,,,,,,,sample_reads_wide.tsv (v1); pipeline_reads_extract_besthit.tsv; irgsp_dedup_bam_reads.tsv; shotgun_oldnew_pairs_fullpath.tsv,reported_in_cam_metadata,"sample_meta_data_20250922.tsv: field_sample_id@field_sample, latitude, longitude",Exact coordinate reported for Angkor core CAM2509; independently reproduced in angkor_final_metadata.tsv
LV7008879481,angkor,LV7008879481,LV6000619506,ds,LV3006121021,CAM2509,81.65,1188 CE (model year),1188,1188,1188,,CE,"Northern Temple Pond, Angkor Wat","Northern Temple Pond, Angkor Wat; Cambodia",13.41298,103.864648,Qualified; QC519 collapsed available; historical collapsed available; extract count available,capture input registered; extract count available,capture input registered; extract count available,,8577,628,204,203,,90,9,5,5,,2108,104,10,8,,,,,,,1332,110,26,25,,,,,,现有路线计数填入 extract,paired: old IRGSP route + new Asian route; kept separate,,,,,,,sample_reads_wide.tsv (v1); pipeline_reads_extract_besthit.tsv; irgsp_dedup_bam_reads.tsv; shotgun_oldnew_pairs_fullpath.tsv,reported_in_cam_metadata,"sample_meta_data_20250922.tsv: field_sample_id@field_sample, latitude, longitude",Exact coordinate reported for Angkor core CAM2509; independently reproduced in angkor_final_metadata.tsv
LV7008879482,angkor,LV7008879482,LV6000619489,ds,LV3006121029,CAM2509,78.7,1214 CE (model year),1214,1214,1214,,CE,"Northern Temple Pond, Angkor Wat","Northern Temple Pond, Angkor Wat; Cambodia",13.41298,103.864648,Qualified; QC519 collapsed available; historical collapsed available; extract count available,capture input registered; extract count available,capture input registered; extract count available,,8774,705,237,236,,86,10,10,10,,1082,75,4,3,,,,,,,538,34,13,13,,,,,,现有路线计数填入 extract,paired: old IRGSP route + new Asian route; kept separate,,,,,,,sample_reads_wide.tsv (v1); pipeline_reads_extract_besthit.tsv; irgsp_dedup_bam_reads.tsv; shotgun_oldnew_pairs_fullpath.tsv,reported_in_cam_metadata,"sample_meta_data_20250922.tsv: field_sample_id@field_sample, latitude, longitude",Exact coordinate reported for Angkor core CAM2509; independently reproduced in angkor_final_metadata.tsv
LV7008879491,angkor,LV7008879491,LV6000619501,ds,LV3006121012,CAM2509,87.8,1039 CE (model year),1039,1039,1039,,CE,"Northern Temple Pond, Angkor Wat","Northern Temple Pond, Angkor Wat; Cambodia",13.41298,103.864648,Low Risk; QC519 collapsed available; historical collapsed available; extract count available,,,,142,11,4,4,,2,,,,,,,,,,,,,,,,,,,,,,,,现有路线计数填入 extract,,,,,,,,sample_reads_wide.tsv (v1); pipeline_reads_extract_besthit.tsv; irgsp_dedup_bam_reads.tsv,reported_in_cam_metadata,"sample_meta_data_20250922.tsv: field_sample_id@field_sample, latitude, longitude",Exact coordinate reported for Angkor core CAM2509; independently reproduced in angkor_final_metadata.tsv
LV7008879492,angkor,LV7008879492,LV6000619531,ds,LV3006121007,CAM2509,85.4,1118 CE (model year),1118,1118,1118,,CE,"Northern Temple Pond, Angkor Wat","Northern Temple Pond, Angkor Wat; Cambodia",13.41298,103.864648,Qualified; QC519 collapsed available; historical collapsed available; extract count available,,,,13518,1138,396,393,,116,9,9,9,,,,,,,,,,,,,,,,,,,,,现有路线计数填入 extract,paired: old IRGSP route + new Asian route; kept separate,,,,,,,sample_reads_wide.tsv (v1); pipeline_reads_extract_besthit.tsv; irgsp_dedup_bam_reads.tsv; shotgun_oldnew_pairs_fullpath.tsv,reported_in_cam_metadata,"sample_meta_data_20250922.tsv: field_sample_id@field_sample, latitude, longitude",Exact coordinate reported for Angkor core CAM2509; independently reproduced in angkor_final_metadata.tsv
LV7008879493,angkor,LV7008879493,LV6000619514,ds,LV3006121027,CAM2509,82.15,1182 CE (model year),1182,1182,1182,,CE,"Northern Temple Pond, Angkor Wat","Northern Temple Pond, Angkor Wat; Cambodia",13.41298,103.864648,Qualified; QC519 collapsed available; historical collapsed available; extract count available,capture input registered; extract count available,capture input registered; extract count available,,8675,643,213,213,,95,9,8,8,,1812,117,13,10,,,,,,,1128,63,23,21,,,,,,现有路线计数填入 extract,paired: old IRGSP route + new Asian route; kept separate,,,,,,,sample_reads_wide.tsv (v1); pipeline_reads_extract_besthit.tsv; irgsp_dedup_bam_reads.tsv; shotgun_oldnew_pairs_fullpath.tsv,reported_in_cam_metadata,"sample_meta_data_20250922.tsv: field_sample_id@field_sample, latitude, longitude",Exact coordinate reported for Angkor core CAM2509; independently reproduced in angkor_final_metadata.tsv
LV7008879494,angkor,LV7008879494,LV6000619497,ds,LV3006121023,CAM2509,79.1,1211 CE (model year),1211,1211,1211,,CE,"Northern Temple Pond, Angkor Wat","Northern Temple Pond, Angkor Wat; Cambodia",13.41298,103.864648,Qualified; QC519 collapsed available; historical collapsed available; extract count available,capture input registered; extract count available,capture input registered; extract count available,,9646,791,278,277,,94,8,6,6,,1719,97,13,12,,,,,,,984,87,24,24,,,,,,现有路线计数填入 extract,paired: old IRGSP route + new Asian route; kept separate,,,,,,,sample_reads_wide.tsv (v1); pipeline_reads_extract_besthit.tsv; irgsp_dedup_bam_reads.tsv; shotgun_oldnew_pairs_fullpath.tsv,reported_in_cam_metadata,"sample_meta_data_20250922.tsv: field_sample_id@field_sample, latitude, longitude",Exact coordinate reported for Angkor core CAM2509; independently reproduced in angkor_final_metadata.tsv
LV7008879503,angkor,LV7008879503,LV6000619509,ds,LV3006121009,CAM2509,88.15,1027 CE (model year),1027,1027,1027,,CE,"Northern Temple Pond, Angkor Wat","Northern Temple Pond, Angkor Wat; Cambodia",13.41298,103.864648,Low Risk; QC519 collapsed available; historical collapsed available; extract count available,,,,31,2,0,0,,1,,,,,,,,,,,,,,,,,,,,,,,,现有路线计数填入 extract,,,,,,,,sample_reads_wide.tsv (v1); pipeline_reads_extract_besthit.tsv; irgsp_dedup_bam_reads.tsv,reported_in_cam_metadata,"sample_meta_data_20250922.tsv: field_sample_id@field_sample, latitude, longitude",Exact coordinate reported for Angkor core CAM2509; independently reproduced in angkor_final_metadata.tsv
LV7008879505,angkor,LV7008879505,LV6000619522,ds,LV3006121039,CAM2509,82.6,1176 CE (model year),1176,1176,1176,,CE,"Northern Temple Pond, Angkor Wat","Northern Temple Pond, Angkor Wat; Cambodia",13.41298,103.864648,Qualified; QC519 collapsed available; historical collapsed available; extract count available,,,,9954,807,271,271,,93,15,15,15,,,,,,,,,,,,,,,,,,,,,现有路线计数填入 extract,paired: old IRGSP route + new Asian route; kept separate,,,,,,,sample_reads_wide.tsv (v1); pipeline_reads_extract_besthit.tsv; irgsp_dedup_bam_reads.tsv; shotgun_oldnew_pairs_fullpath.tsv,reported_in_cam_metadata,"sample_meta_data_20250922.tsv: field_sample_id@field_sample, latitude, longitude",Exact coordinate reported for Angkor core CAM2509; independently reproduced in angkor_final_metadata.tsv
LV7008879506,angkor,LV7008879506,LV6000619034,ds,LV3006121035,CAM2509,79.5,1208 CE (model year),1208,1208,1208,,CE,"Northern Temple Pond, Angkor Wat","Northern Temple Pond, Angkor Wat; Cambodia",13.41298,103.864648,Qualified; QC519 collapsed available; historical collapsed available; extract count available,capture input registered; extract count available,capture input registered; extract count available,,12725,965,339,338,,138,9,8,8,,3472,164,10,8,,,,,,,2341,186,65,62,,,,,,现有路线计数填入 extract,paired: old IRGSP route + new Asian route; kept separate,,,,,,,sample_reads_wide.tsv (v1); pipeline_reads_extract_besthit.tsv; irgsp_dedup_bam_reads.tsv; shotgun_oldnew_pairs_fullpath.tsv,reported_in_cam_metadata,"sample_meta_data_20250922.tsv: field_sample_id@field_sample, latitude, longitude",Exact coordinate reported for Angkor core CAM2509; independently reproduced in angkor_final_metadata.tsv
LV7008879515,angkor,LV7008879515,LV6000619517,ds,LV3006121010,CAM2509,88.45,1016 CE (model year),1016,1016,1016,,CE,"Northern Temple Pond, Angkor Wat","Northern Temple Pond, Angkor Wat; Cambodia",13.41298,103.864648,Low Risk; QC519 collapsed available; historical collapsed available; extract count available,,,,56,7,1,1,,1,,,,,,,,,,,,,,,,,,,,,,,,现有路线计数填入 extract,,,,,,,,sample_reads_wide.tsv (v1); pipeline_reads_extract_besthit.tsv; irgsp_dedup_bam_reads.tsv,reported_in_cam_metadata,"sample_meta_data_20250922.tsv: field_sample_id@field_sample, latitude, longitude",Exact coordinate reported for Angkor core CAM2509; independently reproduced in angkor_final_metadata.tsv
LV7008879516,angkor,LV7008879516,LV6000619500,ds,LV3006121014,CAM2509,85.8,1112 CE (model year),1112,1112,1112,,CE,"Northern Temple Pond, Angkor Wat","Northern Temple Pond, Angkor Wat; Cambodia",13.41298,103.864648,Qualified; QC519 collapsed available; historical collapsed available; extract count available,,,,11514,1018,348,346,,84,5,5,5,,,,,,,,,,,,,,,,,,,,,现有路线计数填入 extract,paired: old IRGSP route + new Asian route; kept separate,,,,,,,sample_reads_wide.tsv (v1); pipeline_reads_extract_besthit.tsv; irgsp_dedup_bam_reads.tsv; shotgun_oldnew_pairs_fullpath.tsv,reported_in_cam_metadata,"sample_meta_data_20250922.tsv: field_sample_id@field_sample, latitude, longitude",Exact coordinate reported for Angkor core CAM2509; independently reproduced in angkor_final_metadata.tsv
LV7008879517,angkor,LV7008879517,LV6000619530,ds,LV3006121033,CAM2509,83,1171 CE (model year),1171,1171,1171,,CE,"Northern Temple Pond, Angkor Wat","Northern Temple Pond, Angkor Wat; Cambodia",13.41298,103.864648,Qualified; QC519 collapsed available; historical collapsed available; extract count available,capture input registered; extract count available,capture input registered; extract count available,,9628,745,256,254,,89,8,7,7,,1313,80,8,6,,,,,,,976,63,16,16,,,,,,现有路线计数填入 extract,paired: old IRGSP route + new Asian route; kept separate,,,,,,,sample_reads_wide.tsv (v1); pipeline_reads_extract_besthit.tsv; irgsp_dedup_bam_reads.tsv; shotgun_oldnew_pairs_fullpath.tsv,reported_in_cam_metadata,"sample_meta_data_20250922.tsv: field_sample_id@field_sample, latitude, longitude",Exact coordinate reported for Angkor core CAM2509; independently reproduced in angkor_final_metadata.tsv
LV7008879518,angkor,LV7008879518,LV6000619513,ds,LV3006121041,CAM2509,79.85,1206 CE (model year),1206,1206,1206,,CE,"Northern Temple Pond, Angkor Wat","Northern Temple Pond, Angkor Wat; Cambodia",13.41298,103.864648,Qualified; QC519 collapsed available; historical collapsed available; extract count available,,,,9734,702,213,213,,103,8,8,8,,,,,,,,,,,,,,,,,,,,,现有路线计数填入 extract,paired: old IRGSP route + new Asian route; kept separate,,,,,,,sample_reads_wide.tsv (v1); pipeline_reads_extract_besthit.tsv; irgsp_dedup_bam_reads.tsv; shotgun_oldnew_pairs_fullpath.tsv,reported_in_cam_metadata,"sample_meta_data_20250922.tsv: field_sample_id@field_sample, latitude, longitude",Exact coordinate reported for Angkor core CAM2509; independently reproduced in angkor_final_metadata.tsv
LV7008879527,angkor,LV7008879527,LV6000619525,ds,LV3006121011,CAM2509,88.75,1006 CE (model year),1006,1006,1006,,CE,"Northern Temple Pond, Angkor Wat","Northern Temple Pond, Angkor Wat; Cambodia",13.41298,103.864648,Low Risk; QC519 collapsed available; historical collapsed available; extract count available,,,,38,3,0,0,,0,,,,,,,,,,,,,,,,,,,,,,,,现有路线计数填入 extract,,,,,,,,sample_reads_wide.tsv (v1); pipeline_reads_extract_besthit.tsv; irgsp_dedup_bam_reads.tsv,reported_in_cam_metadata,"sample_meta_data_20250922.tsv: field_sample_id@field_sample, latitude, longitude",Exact coordinate reported for Angkor core CAM2509; independently reproduced in angkor_final_metadata.tsv
LV7008879528,angkor,LV7008879528,LV6000619033,ds,LV3006121016,CAM2509,86.2,1097 CE (model year),1097,1097,1097,,CE,"Northern Temple Pond, Angkor Wat","Northern Temple Pond, Angkor Wat; Cambodia",13.41298,103.864648,Qualified; QC519 collapsed available; historical collapsed available; extract count available,capture input registered; extract count available,capture input registered; extract count available,,4942,392,122,121,,36,7,5,5,,0,,,,,,,,,,351,22,6,6,,,,,,现有路线计数填入 extract,paired: old IRGSP route + new Asian route; kept separate,,,,,,,sample_reads_wide.tsv (v1); pipeline_reads_extract_besthit.tsv; irgsp_dedup_bam_reads.tsv; shotgun_oldnew_pairs_fullpath.tsv,reported_in_cam_metadata,"sample_meta_data_20250922.tsv: field_sample_id@field_sample, latitude, longitude",Exact coordinate reported for Angkor core CAM2509; independently reproduced in angkor_final_metadata.tsv
LV7008879529,angkor,LV7008879529,LV6000619491,ds,LV3006121038,CAM2509,83.4,1166 CE (model year),1166,1166,1166,,CE,"Northern Temple Pond, Angkor Wat","Northern Temple Pond, Angkor Wat; Cambodia",13.41298,103.864648,Qualified; QC519 collapsed available; historical collapsed available; extract count available,,,,10176,802,277,275,,91,17,13,13,,,,,,,,,,,,,,,,,,,,,现有路线计数填入 extract,paired: old IRGSP route + new Asian route; kept separate,,,,,,,sample_reads_wide.tsv (v1); pipeline_reads_extract_besthit.tsv; irgsp_dedup_bam_reads.tsv; shotgun_oldnew_pairs_fullpath.tsv,reported_in_cam_metadata,"sample_meta_data_20250922.tsv: field_sample_id@field_sample, latitude, longitude",Exact coordinate reported for Angkor core CAM2509; independently reproduced in angkor_final_metadata.tsv
LV7008879530,angkor,LV7008879530,LV6000619037,ds,LV3006121040,CAM2509,80.2,1202 CE (model year),1202,1202,1202,,CE,"Northern Temple Pond, Angkor Wat","Northern Temple Pond, Angkor Wat; Cambodia",13.41298,103.864648,Qualified; QC519 collapsed available; historical collapsed available; extract count available,,,,10501,814,276,274,,141,13,13,13,,,,,,,,,,,,,,,,,,,,,现有路线计数填入 extract,paired: old IRGSP route + new Asian route; kept separate,,,,,,,sample_reads_wide.tsv (v1); pipeline_reads_extract_besthit.tsv; irgsp_dedup_bam_reads.tsv; shotgun_oldnew_pairs_fullpath.tsv,reported_in_cam_metadata,"sample_meta_data_20250922.tsv: field_sample_id@field_sample, latitude, longitude",Exact coordinate reported for Angkor core CAM2509; independently reproduced in angkor_final_metadata.tsv
LV7008879539,angkor,LV7008879539,LV6000619533,ds,LV3006121005,CAM2509,89.05,996 CE (model year),996,996,996,,CE,"Northern Temple Pond, Angkor Wat","Northern Temple Pond, Angkor Wat; Cambodia",13.41298,103.864648,Low Risk; QC519 collapsed available; historical collapsed available; extract count available,,,,53,3,0,0,,1,,,,,,,,,,,,,,,,,,,,,,,,现有路线计数填入 extract,,,,,,,,sample_reads_wide.tsv (v1); pipeline_reads_extract_besthit.tsv; irgsp_dedup_bam_reads.tsv,reported_in_cam_metadata,"sample_meta_data_20250922.tsv: field_sample_id@field_sample, latitude, longitude",Exact coordinate reported for Angkor core CAM2509; independently reproduced in angkor_final_metadata.tsv
LV7008879540,angkor,LV7008879540,LV6000619516,ds,LV3006121001,CAM2509,86.55,1084 CE (model year),1084,1084,1084,,CE,"Northern Temple Pond, Angkor Wat","Northern Temple Pond, Angkor Wat; Cambodia",13.41298,103.864648,Qualified; QC519 collapsed available; historical collapsed available; extract count available,,,,567,40,12,12,,6,,,,,,,,,,,,,,,,,,,,,,,,现有路线计数填入 extract,,,,,,,,sample_reads_wide.tsv (v1); pipeline_reads_extract_besthit.tsv; irgsp_dedup_bam_reads.tsv,reported_in_cam_metadata,"sample_meta_data_20250922.tsv: field_sample_id@field_sample, latitude, longitude",Exact coordinate reported for Angkor core CAM2509; independently reproduced in angkor_final_metadata.tsv
LV7008879541,angkor,LV7008879541,LV6000619499,ds,LV3006121032,CAM2509,83.75,1160 CE (model year),1160,1160,1160,,CE,"Northern Temple Pond, Angkor Wat","Northern Temple Pond, Angkor Wat; Cambodia",13.41298,103.864648,Qualified; QC519 collapsed available; historical collapsed available; extract count available,capture input registered; extract count available,capture input registered; extract count available,,9249,746,248,247,,114,16,14,14,,3421,,,,,,,,,,8663,,,,,,,,,现有路线计数填入 extract；capture 重名输出未定 canonical：主计数字段留空，候选值见审计列,paired: old IRGSP route + new Asian route; kept separate,unresolved: two non-identical outputs; not summed,besthit=258; mapped=5; dedup=5,besthit=263; mapped=5; dedup=5,unresolved: two non-identical outputs; not summed,besthit=706; mapped=220; dedup=201,besthit=707; mapped=220; dedup=202,sample_reads_wide.tsv (v1); pipeline_reads_extract_besthit.tsv; irgsp_dedup_bam_reads.tsv; capture_duplicate_pairs_fullpath.tsv; shotgun_oldnew_pairs_fullpath.tsv,reported_in_cam_metadata,"sample_meta_data_20250922.tsv: field_sample_id@field_sample, latitude, longitude",Exact coordinate reported for Angkor core CAM2509; independently reproduced in angkor_final_metadata.tsv
LV7008879542,angkor,LV7008879542,LV6000619529,ds,LV3006121028,CAM2509,80.55,1199 CE (model year),1199,1199,1199,,CE,"Northern Temple Pond, Angkor Wat","Northern Temple Pond, Angkor Wat; Cambodia",13.41298,103.864648,Qualified; QC519 collapsed available; historical collapsed available; extract count available,,,,8243,597,205,204,,86,10,7,7,,,,,,,,,,,,,,,,,,,,,现有路线计数填入 extract,paired: old IRGSP route + new Asian route; kept separate,,,,,,,sample_reads_wide.tsv (v1); pipeline_reads_extract_besthit.tsv; irgsp_dedup_bam_reads.tsv; shotgun_oldnew_pairs_fullpath.tsv,reported_in_cam_metadata,"sample_meta_data_20250922.tsv: field_sample_id@field_sample, latitude, longitude",Exact coordinate reported for Angkor core CAM2509; independently reproduced in angkor_final_metadata.tsv
LV7008879551,angkor,LV7008879551,LV6000619494,ds,LV3006121006,CAM2509,89.4,985 CE (model year),985,985,985,,CE,"Northern Temple Pond, Angkor Wat","Northern Temple Pond, Angkor Wat; Cambodia",13.41298,103.864648,Unqualified; QC519 collapsed available; historical collapsed available; extract count available,,,,90,9,4,4,,0,,,,,,,,,,,,,,,,,,,,,,,,现有路线计数填入 extract,,,,,,,,sample_reads_wide.tsv (v1); pipeline_reads_extract_besthit.tsv; irgsp_dedup_bam_reads.tsv,reported_in_cam_metadata,"sample_meta_data_20250922.tsv: field_sample_id@field_sample, latitude, longitude",Exact coordinate reported for Angkor core CAM2509; independently reproduced in angkor_final_metadata.tsv
LV7008879552,angkor,LV7008879552,LV6000619038,ds,LV3006121017,CAM2509,86.85,1073 CE (model year),1073,1073,1073,,CE,"Northern Temple Pond, Angkor Wat","Northern Temple Pond, Angkor Wat; Cambodia",13.41298,103.864648,Low Risk; QC519 collapsed available; historical collapsed available; extract count available,,,,504,46,12,12,,2,1,1,1,,,,,,,,,,,,,,,,,,,,,现有路线计数填入 extract,paired: old IRGSP route + new Asian route; kept separate,,,,,,,sample_reads_wide.tsv (v1); pipeline_reads_extract_besthit.tsv; irgsp_dedup_bam_reads.tsv; shotgun_oldnew_pairs_fullpath.tsv,reported_in_cam_metadata,"sample_meta_data_20250922.tsv: field_sample_id@field_sample, latitude, longitude",Exact coordinate reported for Angkor core CAM2509; independently reproduced in angkor_final_metadata.tsv
LV7008879553,angkor,LV7008879553,LV6000619507,ds,LV3006121026,CAM2509,84.1,1151 CE (model year),1151,1151,1151,,CE,"Northern Temple Pond, Angkor Wat","Northern Temple Pond, Angkor Wat; Cambodia",13.41298,103.864648,Qualified; QC519 collapsed available; historical collapsed available; extract count available,,,,10209,782,266,266,,83,5,4,4,,,,,,,,,,,,,,,,,,,,,现有路线计数填入 extract,paired: old IRGSP route + new Asian route; kept separate,,,,,,,sample_reads_wide.tsv (v1); pipeline_reads_extract_besthit.tsv; irgsp_dedup_bam_reads.tsv; shotgun_oldnew_pairs_fullpath.tsv,reported_in_cam_metadata,"sample_meta_data_20250922.tsv: field_sample_id@field_sample, latitude, longitude",Exact coordinate reported for Angkor core CAM2509; independently reproduced in angkor_final_metadata.tsv
LV7008879554,angkor,LV7008879554,LV6000619490,ds,LV3006121034,CAM2509,80.85,1196 CE (model year),1196,1196,1196,,CE,"Northern Temple Pond, Angkor Wat","Northern Temple Pond, Angkor Wat; Cambodia",13.41298,103.864648,Qualified; QC519 collapsed available; historical collapsed available; extract count available,capture input registered; extract count available,capture input registered; extract count available,,6896,526,174,173,,68,7,7,7,,3056,208,19,16,,,,,,,2296,195,57,50,,,,,,现有路线计数填入 extract,paired: old IRGSP route + new Asian route; kept separate,,,,,,,sample_reads_wide.tsv (v1); pipeline_reads_extract_besthit.tsv; irgsp_dedup_bam_reads.tsv; shotgun_oldnew_pairs_fullpath.tsv,reported_in_cam_metadata,"sample_meta_data_20250922.tsv: field_sample_id@field_sample, latitude, longitude",Exact coordinate reported for Angkor core CAM2509; independently reproduced in angkor_final_metadata.tsv
LV7008879563,angkor,LV7008879563,LV6000619502,ds,LV3006121004,CAM2509,89.8,972 CE (model year),972,972,972,,CE,"Northern Temple Pond, Angkor Wat","Northern Temple Pond, Angkor Wat; Cambodia",13.41298,103.864648,Unqualified; QC519 collapsed available; historical collapsed available; extract count available,,,,48,11,4,4,,1,,,,,,,,,,,,,,,,,,,,,,,,现有路线计数填入 extract,,,,,,,,sample_reads_wide.tsv (v1); pipeline_reads_extract_besthit.tsv; irgsp_dedup_bam_reads.tsv,reported_in_cam_metadata,"sample_meta_data_20250922.tsv: field_sample_id@field_sample, latitude, longitude",Exact coordinate reported for Angkor core CAM2509; independently reproduced in angkor_final_metadata.tsv
LV7008879564,angkor,LV7008879564,LV6000619532,ds,LV3006121018,CAM2509,87.15,1062 CE (model year),1062,1062,1062,,CE,"Northern Temple Pond, Angkor Wat","Northern Temple Pond, Angkor Wat; Cambodia",13.41298,103.864648,Low Risk; QC519 collapsed available; historical collapsed available; extract count available,,,,126,10,2,2,,0,,,,,,,,,,,,,,,,,,,,,,,,现有路线计数填入 extract,,,,,,,,sample_reads_wide.tsv (v1); pipeline_reads_extract_besthit.tsv; irgsp_dedup_bam_reads.tsv,reported_in_cam_metadata,"sample_meta_data_20250922.tsv: field_sample_id@field_sample, latitude, longitude",Exact coordinate reported for Angkor core CAM2509; independently reproduced in angkor_final_metadata.tsv
LV7008879565,angkor,LV7008879565,LV6000619515,ds,LV3006121020,CAM2509,84.5,1141 CE (model year),1141,1141,1141,,CE,"Northern Temple Pond, Angkor Wat","Northern Temple Pond, Angkor Wat; Cambodia",13.41298,103.864648,Qualified; QC519 collapsed available; historical collapsed available; extract count available,,,,13092,1088,353,353,,133,14,14,14,,,,,,,,,,,,,,,,,,,,,现有路线计数填入 extract,paired: old IRGSP route + new Asian route; kept separate,,,,,,,sample_reads_wide.tsv (v1); pipeline_reads_extract_besthit.tsv; irgsp_dedup_bam_reads.tsv; shotgun_oldnew_pairs_fullpath.tsv,reported_in_cam_metadata,"sample_meta_data_20250922.tsv: field_sample_id@field_sample, latitude, longitude",Exact coordinate reported for Angkor core CAM2509; independently reproduced in angkor_final_metadata.tsv
LV7008879566,angkor,LV7008879566,LV6000619498,ds,LV3006121022,CAM2509,81.2,1193 CE (model year),1193,1193,1193,,CE,"Northern Temple Pond, Angkor Wat","Northern Temple Pond, Angkor Wat; Cambodia",13.41298,103.864648,Qualified; QC519 collapsed available; historical collapsed available; extract count available,,,,8380,607,212,212,,83,5,5,5,,,,,,,,,,,,,,,,,,,,,现有路线计数填入 extract,paired: old IRGSP route + new Asian route; kept separate,,,,,,,sample_reads_wide.tsv (v1); pipeline_reads_extract_besthit.tsv; irgsp_dedup_bam_reads.tsv; shotgun_oldnew_pairs_fullpath.tsv,reported_in_cam_metadata,"sample_meta_data_20250922.tsv: field_sample_id@field_sample, latitude, longitude",Exact coordinate reported for Angkor core CAM2509; independently reproduced in angkor_final_metadata.tsv
LV7008890325,angkor,LV7008890325,LV6000620037,ds,LV3006120654,CAM2509,41.2,1376 CE (model year),1376,1376,1376,,CE,"Northern Temple Pond, Angkor Wat","Northern Temple Pond, Angkor Wat; Cambodia",13.41298,103.864648,Qualified; historical collapsed available; extract count available,,,,,,,,,159,38,34,34,,,,,,,,,,,,,,,,,,,,,现有路线计数填入 extract,,,,,,,,sample_reads_wide.tsv (v1); pipeline_reads_extract_besthit.tsv; irgsp_dedup_bam_reads.tsv,reported_in_cam_metadata,"sample_meta_data_20250922.tsv: field_sample_id@field_sample, latitude, longitude",Exact coordinate reported for Angkor core CAM2509; independently reproduced in angkor_final_metadata.tsv
LV7008890326,angkor,LV7008890326,LV6000619990,ds,LV3006120657,CAM2509,38.6,1384 CE (model year),1384,1384,1384,,CE,"Northern Temple Pond, Angkor Wat","Northern Temple Pond, Angkor Wat; Cambodia",13.41298,103.864648,Qualified; historical collapsed available; extract count available,,,,,,,,,267,147,138,138,,,,,,,,,,,,,,,,,,,,,现有路线计数填入 extract,,,,,,,,sample_reads_wide.tsv (v1); pipeline_reads_extract_besthit.tsv; irgsp_dedup_bam_reads.tsv,reported_in_cam_metadata,"sample_meta_data_20250922.tsv: field_sample_id@field_sample, latitude, longitude",Exact coordinate reported for Angkor core CAM2509; independently reproduced in angkor_final_metadata.tsv
LV7008890327,angkor,LV7008890327,LV6000620042,ds,LV3006120688,CAM2509,35.8,1392 CE (model year),1392,1392,1392,,CE,"Northern Temple Pond, Angkor Wat","Northern Temple Pond, Angkor Wat; Cambodia",13.41298,103.864648,Qualified; historical collapsed available; extract count available,,,,,,,,,1793,1595,1515,1496,,,,,,,,,,,,,,,,,,,,,现有路线计数填入 extract,,,,,,,,sample_reads_wide.tsv (v1); pipeline_reads_extract_besthit.tsv; irgsp_dedup_bam_reads.tsv,reported_in_cam_metadata,"sample_meta_data_20250922.tsv: field_sample_id@field_sample, latitude, longitude",Exact coordinate reported for Angkor core CAM2509; independently reproduced in angkor_final_metadata.tsv
LV7008890328,angkor,LV7008890328,LV6000620022,ds,LV3006120678,CAM2509,32.95,1406 CE (model year),1406,1406,1406,,CE,"Northern Temple Pond, Angkor Wat","Northern Temple Pond, Angkor Wat; Cambodia",13.41298,103.864648,Qualified; historical collapsed available; extract count available,,,,,,,,,468,358,333,329,,,,,,,,,,,,,,,,,,,,,现有路线计数填入 extract,,,,,,,,sample_reads_wide.tsv (v1); pipeline_reads_extract_besthit.tsv; irgsp_dedup_bam_reads.tsv,reported_in_cam_metadata,"sample_meta_data_20250922.tsv: field_sample_id@field_sample, latitude, longitude",Exact coordinate reported for Angkor core CAM2509; independently reproduced in angkor_final_metadata.tsv
LV7008890329,angkor,LV7008890329,LV6000620010,ds,LV3006120697,CAM2509,30.3,1417 CE (model year),1417,1417,1417,,CE,"Northern Temple Pond, Angkor Wat","Northern Temple Pond, Angkor Wat; Cambodia",13.41298,103.864648,Qualified; historical collapsed available; extract count available,,,,,,,,,230,113,106,106,,,,,,,,,,,,,,,,,,,,,现有路线计数填入 extract,,,,,,,,sample_reads_wide.tsv (v1); pipeline_reads_extract_besthit.tsv; irgsp_dedup_bam_reads.tsv,reported_in_cam_metadata,"sample_meta_data_20250922.tsv: field_sample_id@field_sample, latitude, longitude",Exact coordinate reported for Angkor core CAM2509; independently reproduced in angkor_final_metadata.tsv
LV7008890330,angkor,LV7008890330,LV6000619977,ds,LV3006120720,CAM2509,27.55,1428 CE (model year),1428,1428,1428,,CE,"Northern Temple Pond, Angkor Wat","Northern Temple Pond, Angkor Wat; Cambodia",13.41298,103.864648,Qualified; historical collapsed available; extract count available,,,,,,,,,210,62,58,57,,,,,,,,,,,,,,,,,,,,,现有路线计数填入 extract,,,,,,,,sample_reads_wide.tsv (v1); pipeline_reads_extract_besthit.tsv; irgsp_dedup_bam_reads.tsv,reported_in_cam_metadata,"sample_meta_data_20250922.tsv: field_sample_id@field_sample, latitude, longitude",Exact coordinate reported for Angkor core CAM2509; independently reproduced in angkor_final_metadata.tsv
LV7008890331,angkor,LV7008890331,LV6000620184,ds,LV3006120715,CAM2509,25.2,1435 CE (model year),1435,1435,1435,,CE,"Northern Temple Pond, Angkor Wat","Northern Temple Pond, Angkor Wat; Cambodia",13.41298,103.864648,Qualified; historical collapsed available; extract count available,capture input registered; extract count available,capture input registered; extract count available,,,,,,,295,82,75,75,,489,47,3,3,,,,,,,10929,914,332,276,,,,,,现有路线计数填入 extract,,,,,,,,sample_reads_wide.tsv (v1); pipeline_reads_extract_besthit.tsv; irgsp_dedup_bam_reads.tsv,reported_in_cam_metadata,"sample_meta_data_20250922.tsv: field_sample_id@field_sample, latitude, longitude",Exact coordinate reported for Angkor core CAM2509; independently reproduced in angkor_final_metadata.tsv
LV7008890332,angkor,LV7008890332,LV6000620186,ds,LV3006120724,CAM2509,22.3,1446 CE (model year),1446,1446,1446,,CE,"Northern Temple Pond, Angkor Wat","Northern Temple Pond, Angkor Wat; Cambodia",13.41298,103.864648,Qualified; historical collapsed available; extract count available,,,,,,,,,400,119,109,108,,,,,,,,,,,,,,,,,,,,,现有路线计数填入 extract,,,,,,,,sample_reads_wide.tsv (v1); pipeline_reads_extract_besthit.tsv; irgsp_dedup_bam_reads.tsv,reported_in_cam_metadata,"sample_meta_data_20250922.tsv: field_sample_id@field_sample, latitude, longitude",Exact coordinate reported for Angkor core CAM2509; independently reproduced in angkor_final_metadata.tsv
LV7008890333,angkor,LV7008890333,LV6000620195,ds,LV3006105276,CAM2509,19.2,1455 CE (model year),1455,1455,1455,,CE,"Northern Temple Pond, Angkor Wat","Northern Temple Pond, Angkor Wat; Cambodia",13.41298,103.864648,Qualified; historical collapsed available; extract count available,capture input registered; extract count available,capture input registered; extract count available,,,,,,,234,57,53,53,,1458,86,12,10,,,,,,,3727,296,97,89,,,,,,现有路线计数填入 extract,,,,,,,,sample_reads_wide.tsv (v1); pipeline_reads_extract_besthit.tsv; irgsp_dedup_bam_reads.tsv,reported_in_cam_metadata,"sample_meta_data_20250922.tsv: field_sample_id@field_sample, latitude, longitude",Exact coordinate reported for Angkor core CAM2509; independently reproduced in angkor_final_metadata.tsv
LV7008890334,angkor,LV7008890334,LV6000620196,ds,LV3006105286,CAM2509,16.2,1463 CE (model year),1463,1463,1463,,CE,"Northern Temple Pond, Angkor Wat","Northern Temple Pond, Angkor Wat; Cambodia",13.41298,103.864648,Qualified; historical collapsed available; extract count available,,,,,,,,,345,122,108,108,,,,,,,,,,,,,,,,,,,,,现有路线计数填入 extract,,,,,,,,sample_reads_wide.tsv (v1); pipeline_reads_extract_besthit.tsv; irgsp_dedup_bam_reads.tsv,reported_in_cam_metadata,"sample_meta_data_20250922.tsv: field_sample_id@field_sample, latitude, longitude",Exact coordinate reported for Angkor core CAM2509; independently reproduced in angkor_final_metadata.tsv
LV7008890335,angkor,LV7008890335,LV6000620181,ds,LV3006105268,CAM2509,13.4,1469 CE (model year),1469,1469,1469,,CE,"Northern Temple Pond, Angkor Wat","Northern Temple Pond, Angkor Wat; Cambodia",13.41298,103.864648,Qualified; historical collapsed available; extract count available,,,,,,,,,379,131,117,115,,,,,,,,,,,,,,,,,,,,,现有路线计数填入 extract,,,,,,,,sample_reads_wide.tsv (v1); pipeline_reads_extract_besthit.tsv; irgsp_dedup_bam_reads.tsv,reported_in_cam_metadata,"sample_meta_data_20250922.tsv: field_sample_id@field_sample, latitude, longitude",Exact coordinate reported for Angkor core CAM2509; independently reproduced in angkor_final_metadata.tsv
LV7008890336,angkor,LV7008890336,LV6000620207,ds,LV3006105288,CAM2509,10.35,,,,,,,"Northern Temple Pond, Angkor Wat","Northern Temple Pond, Angkor Wat; Cambodia",13.41298,103.864648,Qualified; historical collapsed available; extract count available,,,,,,,,,260,80,73,73,,,,,,,,,,,,,,,,,,,,,现有路线计数填入 extract,,,,,,,,sample_reads_wide.tsv (v1); pipeline_reads_extract_besthit.tsv; irgsp_dedup_bam_reads.tsv,reported_in_cam_metadata,"sample_meta_data_20250922.tsv: field_sample_id@field_sample, latitude, longitude",Exact coordinate reported for Angkor core CAM2509; independently reproduced in angkor_final_metadata.tsv
LV7008890337,angkor,LV7008890337,LV6000620045,ds,LV3006120661,CAM2509,41.6,1375 CE (model year),1375,1375,1375,,CE,"Northern Temple Pond, Angkor Wat","Northern Temple Pond, Angkor Wat; Cambodia",13.41298,103.864648,Qualified; historical collapsed available; extract count available,capture input registered; extract count available,capture input registered; extract count available,,,,,,,272,65,59,59,,1490,100,11,11,,,,,,,6396,576,266,145,,,,,,现有路线计数填入 extract,,,,,,,,sample_reads_wide.tsv (v1); pipeline_reads_extract_besthit.tsv; irgsp_dedup_bam_reads.tsv,reported_in_cam_metadata,"sample_meta_data_20250922.tsv: field_sample_id@field_sample, latitude, longitude",Exact coordinate reported for Angkor core CAM2509; independently reproduced in angkor_final_metadata.tsv
LV7008890339,angkor,LV7008890339,LV6000619981,ds,LV3006120695,CAM2509,36.2,1391 CE (model year),1391,1391,1391,,CE,"Northern Temple Pond, Angkor Wat","Northern Temple Pond, Angkor Wat; Cambodia",13.41298,103.864648,Qualified; historical collapsed available; extract count available,,,,,,,,,3218,2929,2773,2752,,,,,,,,,,,,,,,,,,,,,现有路线计数填入 extract,,,,,,,,sample_reads_wide.tsv (v1); pipeline_reads_extract_besthit.tsv; irgsp_dedup_bam_reads.tsv,reported_in_cam_metadata,"sample_meta_data_20250922.tsv: field_sample_id@field_sample, latitude, longitude",Exact coordinate reported for Angkor core CAM2509; independently reproduced in angkor_final_metadata.tsv
LV7008890340,angkor,LV7008890340,LV6000620033,ds,LV3006120696,CAM2509,33.25,1404 CE (model year),1404,1404,1404,,CE,"Northern Temple Pond, Angkor Wat","Northern Temple Pond, Angkor Wat; Cambodia",13.41298,103.864648,Qualified; historical collapsed available; extract count available,,,,,,,,,685,507,483,480,,,,,,,,,,,,,,,,,,,,,现有路线计数填入 extract,,,,,,,,sample_reads_wide.tsv (v1); pipeline_reads_extract_besthit.tsv; irgsp_dedup_bam_reads.tsv,reported_in_cam_metadata,"sample_meta_data_20250922.tsv: field_sample_id@field_sample, latitude, longitude",Exact coordinate reported for Angkor core CAM2509; independently reproduced in angkor_final_metadata.tsv
LV7008890341,angkor,LV7008890341,LV6000620019,ds,LV3006120681,CAM2509,30.75,1416 CE (model year),1416,1416,1416,,CE,"Northern Temple Pond, Angkor Wat","Northern Temple Pond, Angkor Wat; Cambodia",13.41298,103.864648,Qualified; historical collapsed available; extract count available,,,,,,,,,388,210,199,195,,,,,,,,,,,,,,,,,,,,,现有路线计数填入 extract,,,,,,,,sample_reads_wide.tsv (v1); pipeline_reads_extract_besthit.tsv; irgsp_dedup_bam_reads.tsv,reported_in_cam_metadata,"sample_meta_data_20250922.tsv: field_sample_id@field_sample, latitude, longitude",Exact coordinate reported for Angkor core CAM2509; independently reproduced in angkor_final_metadata.tsv
LV7008890342,angkor,LV7008890342,LV6000619985,ds,LV3006120700,CAM2509,27.85,1427 CE (model year),1427,1427,1427,,CE,"Northern Temple Pond, Angkor Wat","Northern Temple Pond, Angkor Wat; Cambodia",13.41298,103.864648,Qualified; historical collapsed available; extract count available,,,,,,,,,335,123,109,108,,,,,,,,,,,,,,,,,,,,,现有路线计数填入 extract,,,,,,,,sample_reads_wide.tsv (v1); pipeline_reads_extract_besthit.tsv; irgsp_dedup_bam_reads.tsv,reported_in_cam_metadata,"sample_meta_data_20250922.tsv: field_sample_id@field_sample, latitude, longitude",Exact coordinate reported for Angkor core CAM2509; independently reproduced in angkor_final_metadata.tsv
LV7008890343,angkor,LV7008890343,LV6000620175,ds,LV3006120722,CAM2509,25.65,1434 CE (model year),1434,1434,1434,,CE,"Northern Temple Pond, Angkor Wat","Northern Temple Pond, Angkor Wat; Cambodia",13.41298,103.864648,Qualified; historical collapsed available; extract count available,capture input registered; extract count available,capture input registered; extract count available,,,,,,,353,131,125,124,,1548,141,18,18,,,,,,,2903,231,84,72,,,,,,现有路线计数填入 extract,,,,,,,,sample_reads_wide.tsv (v1); pipeline_reads_extract_besthit.tsv; irgsp_dedup_bam_reads.tsv,reported_in_cam_metadata,"sample_meta_data_20250922.tsv: field_sample_id@field_sample, latitude, longitude",Exact coordinate reported for Angkor core CAM2509; independently reproduced in angkor_final_metadata.tsv
LV7008890345,angkor,LV7008890345,LV6000620155,ds,LV3006120725,CAM2509,19.6,1454 CE (model year),1454,1454,1454,,CE,"Northern Temple Pond, Angkor Wat","Northern Temple Pond, Angkor Wat; Cambodia",13.41298,103.864648,Qualified; historical collapsed available; extract count available,capture input registered; extract count available,capture input registered; extract count available,,,,,,,145,26,20,20,,1681,100,13,13,,,,,,,7671,562,183,172,,,,,,现有路线计数填入 extract,,,,,,,,sample_reads_wide.tsv (v1); pipeline_reads_extract_besthit.tsv; irgsp_dedup_bam_reads.tsv,reported_in_cam_metadata,"sample_meta_data_20250922.tsv: field_sample_id@field_sample, latitude, longitude",Exact coordinate reported for Angkor core CAM2509; independently reproduced in angkor_final_metadata.tsv
LV7008890346,angkor,LV7008890346,LV6000620171,ds,LV3006105287,CAM2509,16.55,1462 CE (model year),1462,1462,1462,,CE,"Northern Temple Pond, Angkor Wat","Northern Temple Pond, Angkor Wat; Cambodia",13.41298,103.864648,Qualified; historical collapsed available; extract count available,,,,,,,,,601,242,219,216,,,,,,,,,,,,,,,,,,,,,现有路线计数填入 extract,,,,,,,,sample_reads_wide.tsv (v1); pipeline_reads_extract_besthit.tsv; irgsp_dedup_bam_reads.tsv,reported_in_cam_metadata,"sample_meta_data_20250922.tsv: field_sample_id@field_sample, latitude, longitude",Exact coordinate reported for Angkor core CAM2509; independently reproduced in angkor_final_metadata.tsv
LV7008890347,angkor,LV7008890347,LV6000620160,ds,LV3006105280,CAM2509,13.85,1468 CE (model year),1468,1468,1468,,CE,"Northern Temple Pond, Angkor Wat","Northern Temple Pond, Angkor Wat; Cambodia",13.41298,103.864648,Qualified; historical collapsed available; extract count available,,,,,,,,,343,123,110,110,,,,,,,,,,,,,,,,,,,,,现有路线计数填入 extract,,,,,,,,sample_reads_wide.tsv (v1); pipeline_reads_extract_besthit.tsv; irgsp_dedup_bam_reads.tsv,reported_in_cam_metadata,"sample_meta_data_20250922.tsv: field_sample_id@field_sample, latitude, longitude",Exact coordinate reported for Angkor core CAM2509; independently reproduced in angkor_final_metadata.tsv
LV7008890348,angkor,LV7008890348,LV6000620190,ds,LV3006105289,CAM2509,10.85,,,,,,,"Northern Temple Pond, Angkor Wat","Northern Temple Pond, Angkor Wat; Cambodia",13.41298,103.864648,Qualified; historical collapsed available; extract count available,,,,,,,,,293,74,65,65,,,,,,,,,,,,,,,,,,,,,现有路线计数填入 extract,,,,,,,,sample_reads_wide.tsv (v1); pipeline_reads_extract_besthit.tsv; irgsp_dedup_bam_reads.tsv,reported_in_cam_metadata,"sample_meta_data_20250922.tsv: field_sample_id@field_sample, latitude, longitude",Exact coordinate reported for Angkor core CAM2509; independently reproduced in angkor_final_metadata.tsv
LV7008890349,angkor,LV7008890349,LV6000619984,ds,LV3006120660,CAM2509,42,1374 CE (model year),1374,1374,1374,,CE,"Northern Temple Pond, Angkor Wat","Northern Temple Pond, Angkor Wat; Cambodia",13.41298,103.864648,Qualified; historical collapsed available; extract count available,,,,,,,,,120,33,28,28,,,,,,,,,,,,,,,,,,,,,现有路线计数填入 extract,,,,,,,,sample_reads_wide.tsv (v1); pipeline_reads_extract_besthit.tsv; irgsp_dedup_bam_reads.tsv,reported_in_cam_metadata,"sample_meta_data_20250922.tsv: field_sample_id@field_sample, latitude, longitude",Exact coordinate reported for Angkor core CAM2509; independently reproduced in angkor_final_metadata.tsv
LV7008890350,angkor,LV7008890350,LV6000620036,ds,LV3006120662,CAM2509,39,1383 CE (model year),1383,1383,1383,,CE,"Northern Temple Pond, Angkor Wat","Northern Temple Pond, Angkor Wat; Cambodia",13.41298,103.864648,Qualified; historical collapsed available; extract count available,,,,,,,,,223,112,110,106,,,,,,,,,,,,,,,,,,,,,现有路线计数填入 extract,,,,,,,,sample_reads_wide.tsv (v1); pipeline_reads_extract_besthit.tsv; irgsp_dedup_bam_reads.tsv,reported_in_cam_metadata,"sample_meta_data_20250922.tsv: field_sample_id@field_sample, latitude, longitude",Exact coordinate reported for Angkor core CAM2509; independently reproduced in angkor_final_metadata.tsv
LV7008890351,angkor,LV7008890351,LV6000619989,ds,LV3006120694,CAM2509,36.55,1390 CE (model year),1390,1390,1390,,CE,"Northern Temple Pond, Angkor Wat","Northern Temple Pond, Angkor Wat; Cambodia",13.41298,103.864648,Qualified; historical collapsed available; extract count available,,,,,,,,,32867,31896,30388,30195,,,,,,,,,,,,,,,,,,,,,现有路线计数填入 extract,,,,,,,,sample_reads_wide.tsv (v1); pipeline_reads_extract_besthit.tsv; irgsp_dedup_bam_reads.tsv,reported_in_cam_metadata,"sample_meta_data_20250922.tsv: field_sample_id@field_sample, latitude, longitude",Exact coordinate reported for Angkor core CAM2509; independently reproduced in angkor_final_metadata.tsv
LV7008890352,angkor,LV7008890352,LV6000620041,ds,LV3006120676,CAM2509,33.6,1402 CE (model year),1402,1402,1402,,CE,"Northern Temple Pond, Angkor Wat","Northern Temple Pond, Angkor Wat; Cambodia",13.41298,103.864648,Qualified; historical collapsed available; extract count available,,,,,,,,,1061,882,824,819,,,,,,,,,,,,,,,,,,,,,现有路线计数填入 extract,,,,,,,,sample_reads_wide.tsv (v1); pipeline_reads_extract_besthit.tsv; irgsp_dedup_bam_reads.tsv,reported_in_cam_metadata,"sample_meta_data_20250922.tsv: field_sample_id@field_sample, latitude, longitude",Exact coordinate reported for Angkor core CAM2509; independently reproduced in angkor_final_metadata.tsv
LV7008890353,angkor,LV7008890353,LV6000620032,ds,LV3006120680,CAM2509,31.2,1414 CE (model year),1414,1414,1414,,CE,"Northern Temple Pond, Angkor Wat","Northern Temple Pond, Angkor Wat; Cambodia",13.41298,103.864648,Qualified; historical collapsed available; extract count available,capture input registered; extract count available,capture input registered; extract count available,,,,,,,483,294,277,273,,533,,,,,,,,,,18133,,,,,,,,,现有路线计数填入 extract；capture 重名输出未定 canonical：主计数字段留空，候选值见审计列,,unresolved: two non-identical outputs; not summed,besthit=38; mapped=7; dedup=2,besthit=39; mapped=7; dedup=2,unresolved: two non-identical outputs; not summed,besthit=1614; mapped=564; dedup=421,besthit=1613; mapped=561; dedup=417,sample_reads_wide.tsv (v1); pipeline_reads_extract_besthit.tsv; irgsp_dedup_bam_reads.tsv; capture_duplicate_pairs_fullpath.tsv,reported_in_cam_metadata,"sample_meta_data_20250922.tsv: field_sample_id@field_sample, latitude, longitude",Exact coordinate reported for Angkor core CAM2509; independently reproduced in angkor_final_metadata.tsv
LV7008890354,angkor,LV7008890354,LV6000620009,ds,LV3006120713,CAM2509,28.15,1426 CE (model year),1426,1426,1426,,CE,"Northern Temple Pond, Angkor Wat","Northern Temple Pond, Angkor Wat; Cambodia",13.41298,103.864648,Qualified; historical collapsed available; extract count available,,,,,,,,,335,106,96,96,,,,,,,,,,,,,,,,,,,,,现有路线计数填入 extract,,,,,,,,sample_reads_wide.tsv (v1); pipeline_reads_extract_besthit.tsv; irgsp_dedup_bam_reads.tsv,reported_in_cam_metadata,"sample_meta_data_20250922.tsv: field_sample_id@field_sample, latitude, longitude",Exact coordinate reported for Angkor core CAM2509; independently reproduced in angkor_final_metadata.tsv
LV7008890355,angkor,LV7008890355,LV6000620192,ds,LV3006120714,CAM2509,26.1,1433 CE (model year),1433,1433,1433,,CE,"Northern Temple Pond, Angkor Wat","Northern Temple Pond, Angkor Wat; Cambodia",13.41298,103.864648,Qualified; historical collapsed available; extract count available,,,,,,,,,15,7,7,7,,,,,,,,,,,,,,,,,,,,,现有路线计数填入 extract,,,,,,,,sample_reads_wide.tsv (v1); pipeline_reads_extract_besthit.tsv; irgsp_dedup_bam_reads.tsv,reported_in_cam_metadata,"sample_meta_data_20250922.tsv: field_sample_id@field_sample, latitude, longitude",Exact coordinate reported for Angkor core CAM2509; independently reproduced in angkor_final_metadata.tsv
LV7008890356,angkor,LV7008890356,LV6000620176,ds,LV3006120719,CAM2509,22.7,1444 CE (model year),1444,1444,1444,,CE,"Northern Temple Pond, Angkor Wat","Northern Temple Pond, Angkor Wat; Cambodia",13.41298,103.864648,Qualified; historical collapsed available; extract count available,,,,,,,,,418,185,175,172,,,,,,,,,,,,,,,,,,,,,现有路线计数填入 extract,,,,,,,,sample_reads_wide.tsv (v1); pipeline_reads_extract_besthit.tsv; irgsp_dedup_bam_reads.tsv,reported_in_cam_metadata,"sample_meta_data_20250922.tsv: field_sample_id@field_sample, latitude, longitude",Exact coordinate reported for Angkor core CAM2509; independently reproduced in angkor_final_metadata.tsv
LV7008890357,angkor,LV7008890357,LV6000620194,ds,LV3006120718,CAM2509,20,1453 CE (model year),1453,1453,1453,,CE,"Northern Temple Pond, Angkor Wat","Northern Temple Pond, Angkor Wat; Cambodia",13.41298,103.864648,Qualified; historical collapsed available; extract count available,capture input registered; extract count available,capture input registered; extract count available,,,,,,,238,46,40,39,,1065,84,9,7,,,,,,,4053,290,96,83,,,,,,现有路线计数填入 extract,,,,,,,,sample_reads_wide.tsv (v1); pipeline_reads_extract_besthit.tsv; irgsp_dedup_bam_reads.tsv,reported_in_cam_metadata,"sample_meta_data_20250922.tsv: field_sample_id@field_sample, latitude, longitude",Exact coordinate reported for Angkor core CAM2509; independently reproduced in angkor_final_metadata.tsv
LV7008890358,angkor,LV7008890358,LV6000620170,ds,LV3006105281,CAM2509,16.9,1461 CE (model year),1461,1461,1461,,CE,"Northern Temple Pond, Angkor Wat","Northern Temple Pond, Angkor Wat; Cambodia",13.41298,103.864648,Qualified; historical collapsed available; extract count available,,,,,,,,,559,267,244,239,,,,,,,,,,,,,,,,,,,,,现有路线计数填入 extract,,,,,,,,sample_reads_wide.tsv (v1); pipeline_reads_extract_besthit.tsv; irgsp_dedup_bam_reads.tsv,reported_in_cam_metadata,"sample_meta_data_20250922.tsv: field_sample_id@field_sample, latitude, longitude",Exact coordinate reported for Angkor core CAM2509; independently reproduced in angkor_final_metadata.tsv
LV7008890359,angkor,LV7008890359,LV6000620172,ds,LV3006105274,CAM2509,14.3,1467 CE (model year),1467,1467,1467,,CE,"Northern Temple Pond, Angkor Wat","Northern Temple Pond, Angkor Wat; Cambodia",13.41298,103.864648,Qualified; historical collapsed available; extract count available,capture input registered; extract count available,capture input registered; extract count available,,,,,,,295,107,98,97,,1021,,,,,,,,,,17195,,,,,,,,,现有路线计数填入 extract；capture 重名输出未定 canonical：主计数字段留空，候选值见审计列,,unresolved: two non-identical outputs; not summed,besthit=52; mapped=8; dedup=8,besthit=56; mapped=8; dedup=8,unresolved: two non-identical outputs; not summed,besthit=1511; mapped=526; dedup=409,besthit=1510; mapped=528; dedup=411,sample_reads_wide.tsv (v1); pipeline_reads_extract_besthit.tsv; irgsp_dedup_bam_reads.tsv; capture_duplicate_pairs_fullpath.tsv,reported_in_cam_metadata,"sample_meta_data_20250922.tsv: field_sample_id@field_sample, latitude, longitude",Exact coordinate reported for Angkor core CAM2509; independently reproduced in angkor_final_metadata.tsv
LV7008890360,angkor,LV7008890360,LV6000620182,ds,LV3006105283,CAM2509,11.15,,,,,,,"Northern Temple Pond, Angkor Wat","Northern Temple Pond, Angkor Wat; Cambodia",13.41298,103.864648,Qualified; historical collapsed available; extract count available,,,,,,,,,206,56,51,51,,,,,,,,,,,,,,,,,,,,,现有路线计数填入 extract,,,,,,,,sample_reads_wide.tsv (v1); pipeline_reads_extract_besthit.tsv; irgsp_dedup_bam_reads.tsv,reported_in_cam_metadata,"sample_meta_data_20250922.tsv: field_sample_id@field_sample, latitude, longitude",Exact coordinate reported for Angkor core CAM2509; independently reproduced in angkor_final_metadata.tsv
LV7008890361,angkor,LV7008890361,LV6000619992,ds,LV3006120659,CAM2509,42.4,1373 CE (model year),1373,1373,1373,,CE,"Northern Temple Pond, Angkor Wat","Northern Temple Pond, Angkor Wat; Cambodia",13.41298,103.864648,Qualified; historical collapsed available; extract count available,capture input registered; extract count available,capture input registered; extract count available,,,,,,,156,32,26,26,,139,14,5,5,,,,,,,7945,644,222,174,,,,,,现有路线计数填入 extract,,,,,,,,sample_reads_wide.tsv (v1); pipeline_reads_extract_besthit.tsv; irgsp_dedup_bam_reads.tsv,reported_in_cam_metadata,"sample_meta_data_20250922.tsv: field_sample_id@field_sample, latitude, longitude",Exact coordinate reported for Angkor core CAM2509; independently reproduced in angkor_final_metadata.tsv
LV7008890362,angkor,LV7008890362,LV6000620044,ds,LV3006120668,CAM2509,39.4,1382 CE (model year),1382,1382,1382,,CE,"Northern Temple Pond, Angkor Wat","Northern Temple Pond, Angkor Wat; Cambodia",13.41298,103.864648,Qualified; historical collapsed available; extract count available,,,,,,,,,209,108,106,105,,,,,,,,,,,,,,,,,,,,,现有路线计数填入 extract,,,,,,,,sample_reads_wide.tsv (v1); pipeline_reads_extract_besthit.tsv; irgsp_dedup_bam_reads.tsv,reported_in_cam_metadata,"sample_meta_data_20250922.tsv: field_sample_id@field_sample, latitude, longitude",Exact coordinate reported for Angkor core CAM2509; independently reproduced in angkor_final_metadata.tsv
LV7008890363,angkor,LV7008890363,LV6000620013,ds,LV3006120691,CAM2509,36.85,1389 CE (model year),1389,1389,1389,,CE,"Northern Temple Pond, Angkor Wat","Northern Temple Pond, Angkor Wat; Cambodia",13.41298,103.864648,Qualified; historical collapsed available; extract count available,,,,,,,,,3200,3021,2847,2808,,,,,,,,,,,,,,,,,,,,,现有路线计数填入 extract,,,,,,,,sample_reads_wide.tsv (v1); pipeline_reads_extract_besthit.tsv; irgsp_dedup_bam_reads.tsv,reported_in_cam_metadata,"sample_meta_data_20250922.tsv: field_sample_id@field_sample, latitude, longitude",Exact coordinate reported for Angkor core CAM2509; independently reproduced in angkor_final_metadata.tsv
LV7008890364,angkor,LV7008890364,LV6000619980,ds,LV3006120682,CAM2509,33.95,1400 CE (model year),1400,1400,1400,,CE,"Northern Temple Pond, Angkor Wat","Northern Temple Pond, Angkor Wat; Cambodia",13.41298,103.864648,Qualified; historical collapsed available; extract count available,,,,,,,,,815,635,606,598,,,,,,,,,,,,,,,,,,,,,现有路线计数填入 extract,,,,,,,,sample_reads_wide.tsv (v1); pipeline_reads_extract_besthit.tsv; irgsp_dedup_bam_reads.tsv,reported_in_cam_metadata,"sample_meta_data_20250922.tsv: field_sample_id@field_sample, latitude, longitude",Exact coordinate reported for Angkor core CAM2509; independently reproduced in angkor_final_metadata.tsv
LV7008890365,angkor,LV7008890365,LV6000620040,ds,LV3006120686,CAM2509,31.6,1412 CE (model year),1412,1412,1412,,CE,"Northern Temple Pond, Angkor Wat","Northern Temple Pond, Angkor Wat; Cambodia",13.41298,103.864648,Qualified; historical collapsed available; extract count available,,,,,,,,,326,218,204,202,,,,,,,,,,,,,,,,,,,,,现有路线计数填入 extract,,,,,,,,sample_reads_wide.tsv (v1); pipeline_reads_extract_besthit.tsv; irgsp_dedup_bam_reads.tsv,reported_in_cam_metadata,"sample_meta_data_20250922.tsv: field_sample_id@field_sample, latitude, longitude",Exact coordinate reported for Angkor core CAM2509; independently reproduced in angkor_final_metadata.tsv
LV7008890366,angkor,LV7008890366,LV6000620018,ds,LV3006120721,CAM2509,28.5,1425 CE (model year),1425,1425,1425,,CE,"Northern Temple Pond, Angkor Wat","Northern Temple Pond, Angkor Wat; Cambodia",13.41298,103.864648,Qualified; historical collapsed available; extract count available,,,,,,,,,310,53,48,48,,,,,,,,,,,,,,,,,,,,,现有路线计数填入 extract,,,,,,,,sample_reads_wide.tsv (v1); pipeline_reads_extract_besthit.tsv; irgsp_dedup_bam_reads.tsv,reported_in_cam_metadata,"sample_meta_data_20250922.tsv: field_sample_id@field_sample, latitude, longitude",Exact coordinate reported for Angkor core CAM2509; independently reproduced in angkor_final_metadata.tsv
LV7008890367,angkor,LV7008890367,LV6000620183,ds,LV3006120707,CAM2509,26.5,1431 CE (model year),1431,1431,1431,,CE,"Northern Temple Pond, Angkor Wat","Northern Temple Pond, Angkor Wat; Cambodia",13.41298,103.864648,Qualified; historical collapsed available; extract count available,,,,,,,,,142,43,37,37,,,,,,,,,,,,,,,,,,,,,现有路线计数填入 extract,,,,,,,,sample_reads_wide.tsv (v1); pipeline_reads_extract_besthit.tsv; irgsp_dedup_bam_reads.tsv,reported_in_cam_metadata,"sample_meta_data_20250922.tsv: field_sample_id@field_sample, latitude, longitude",Exact coordinate reported for Angkor core CAM2509; independently reproduced in angkor_final_metadata.tsv
LV7008890368,angkor,LV7008890368,LV6000620205,ds,LV3006120717,CAM2509,23.1,1443 CE (model year),1443,1443,1443,,CE,"Northern Temple Pond, Angkor Wat","Northern Temple Pond, Angkor Wat; Cambodia",13.41298,103.864648,Qualified; historical collapsed available; extract count available,,,,,,,,,363,153,137,136,,,,,,,,,,,,,,,,,,,,,现有路线计数填入 extract,,,,,,,,sample_reads_wide.tsv (v1); pipeline_reads_extract_besthit.tsv; irgsp_dedup_bam_reads.tsv,reported_in_cam_metadata,"sample_meta_data_20250922.tsv: field_sample_id@field_sample, latitude, longitude",Exact coordinate reported for Angkor core CAM2509; independently reproduced in angkor_final_metadata.tsv
LV7008890369,angkor,LV7008890369,LV6000620203,ds,LV3006120712,CAM2509,20.4,1451 CE (model year),1451,1451,1451,,CE,"Northern Temple Pond, Angkor Wat","Northern Temple Pond, Angkor Wat; Cambodia",13.41298,103.864648,Qualified; historical collapsed available; extract count available,capture input registered; extract count available,capture input registered; extract count available,,,,,,,224,42,37,37,,2672,194,23,19,,,,,,,12457,976,331,292,,,,,,现有路线计数填入 extract,,,,,,,,sample_reads_wide.tsv (v1); pipeline_reads_extract_besthit.tsv; irgsp_dedup_bam_reads.tsv,reported_in_cam_metadata,"sample_meta_data_20250922.tsv: field_sample_id@field_sample, latitude, longitude",Exact coordinate reported for Angkor core CAM2509; independently reproduced in angkor_final_metadata.tsv
LV7008890370,angkor,LV7008890370,LV6000620158,ds,LV3006105277,CAM2509,17.3,1460 CE (model year),1460,1460,1460,,CE,"Northern Temple Pond, Angkor Wat","Northern Temple Pond, Angkor Wat; Cambodia",13.41298,103.864648,Qualified; historical collapsed available; extract count available,,,,,,,,,523,210,194,191,,,,,,,,,,,,,,,,,,,,,现有路线计数填入 extract,,,,,,,,sample_reads_wide.tsv (v1); pipeline_reads_extract_besthit.tsv; irgsp_dedup_bam_reads.tsv,reported_in_cam_metadata,"sample_meta_data_20250922.tsv: field_sample_id@field_sample, latitude, longitude",Exact coordinate reported for Angkor core CAM2509; independently reproduced in angkor_final_metadata.tsv
LV7008890371,angkor,LV7008890371,LV6000620197,ds,LV3006105269,CAM2509,14.65,1466 CE (model year),1466,1466,1466,,CE,"Northern Temple Pond, Angkor Wat","Northern Temple Pond, Angkor Wat; Cambodia",13.41298,103.864648,Qualified; historical collapsed available; extract count available,,,,,,,,,299,103,90,90,,,,,,,,,,,,,,,,,,,,,现有路线计数填入 extract,,,,,,,,sample_reads_wide.tsv (v1); pipeline_reads_extract_besthit.tsv; irgsp_dedup_bam_reads.tsv,reported_in_cam_metadata,"sample_meta_data_20250922.tsv: field_sample_id@field_sample, latitude, longitude",Exact coordinate reported for Angkor core CAM2509; independently reproduced in angkor_final_metadata.tsv
LV7008890372,angkor,LV7008890372,LV6000620174,ds,LV3006105278,CAM2509,11.45,,,,,,,"Northern Temple Pond, Angkor Wat","Northern Temple Pond, Angkor Wat; Cambodia",13.41298,103.864648,Qualified; historical collapsed available; extract count available,,,,,,,,,5,1,1,1,,,,,,,,,,,,,,,,,,,,,现有路线计数填入 extract,,,,,,,,sample_reads_wide.tsv (v1); pipeline_reads_extract_besthit.tsv; irgsp_dedup_bam_reads.tsv,reported_in_cam_metadata,"sample_meta_data_20250922.tsv: field_sample_id@field_sample, latitude, longitude",Exact coordinate reported for Angkor core CAM2509; independently reproduced in angkor_final_metadata.tsv
LV7008890373,angkor,LV7008890373,LV6000620016,ds,LV3006120665,CAM2509,42.8,1372 CE (model year),1372,1372,1372,,CE,"Northern Temple Pond, Angkor Wat","Northern Temple Pond, Angkor Wat; Cambodia",13.41298,103.864648,Qualified; historical collapsed available; extract count available,capture input registered; extract count available,capture input registered; extract count available,,,,,,,211,63,60,60,,1310,,,,,,,,,,11948,,,,,,,,,现有路线计数填入 extract；capture 重名输出未定 canonical：主计数字段留空，候选值见审计列,,unresolved: two non-identical outputs; not summed,besthit=113; mapped=3; dedup=3,besthit=113; mapped=3; dedup=3,unresolved: two non-identical outputs; not summed,besthit=956; mapped=291; dedup=252,besthit=951; mapped=288; dedup=251,sample_reads_wide.tsv (v1); pipeline_reads_extract_besthit.tsv; irgsp_dedup_bam_reads.tsv; capture_duplicate_pairs_fullpath.tsv,reported_in_cam_metadata,"sample_meta_data_20250922.tsv: field_sample_id@field_sample, latitude, longitude",Exact coordinate reported for Angkor core CAM2509; independently reproduced in angkor_final_metadata.tsv
LV7008890374,angkor,LV7008890374,LV6000619983,ds,LV3006120674,CAM2509,39.8,1380 CE (model year),1380,1380,1380,,CE,"Northern Temple Pond, Angkor Wat","Northern Temple Pond, Angkor Wat; Cambodia",13.41298,103.864648,Qualified; historical collapsed available; extract count available,,,,,,,,,166,60,57,55,,,,,,,,,,,,,,,,,,,,,现有路线计数填入 extract,,,,,,,,sample_reads_wide.tsv (v1); pipeline_reads_extract_besthit.tsv; irgsp_dedup_bam_reads.tsv,reported_in_cam_metadata,"sample_meta_data_20250922.tsv: field_sample_id@field_sample, latitude, longitude",Exact coordinate reported for Angkor core CAM2509; independently reproduced in angkor_final_metadata.tsv
LV7008890375,angkor,LV7008890375,LV6000620024,ds,LV3006120690,CAM2509,37.15,1388 CE (model year),1388,1388,1388,,CE,"Northern Temple Pond, Angkor Wat","Northern Temple Pond, Angkor Wat; Cambodia",13.41298,103.864648,Unqualified; historical collapsed available; extract count available,,,,,,,,,294,160,156,154,,,,,,,,,,,,,,,,,,,,,现有路线计数填入 extract,,,,,,,,sample_reads_wide.tsv (v1); pipeline_reads_extract_besthit.tsv; irgsp_dedup_bam_reads.tsv,reported_in_cam_metadata,"sample_meta_data_20250922.tsv: field_sample_id@field_sample, latitude, longitude",Exact coordinate reported for Angkor core CAM2509; independently reproduced in angkor_final_metadata.tsv
LV7008890376,angkor,LV7008890376,LV6000619988,ds,LV3006120683,CAM2509,34.3,1398 CE (model year),1398,1398,1398,,CE,"Northern Temple Pond, Angkor Wat","Northern Temple Pond, Angkor Wat; Cambodia",13.41298,103.864648,Qualified; historical collapsed available; extract count available,,,,,,,,,431,296,282,280,,,,,,,,,,,,,,,,,,,,,现有路线计数填入 extract,,,,,,,,sample_reads_wide.tsv (v1); pipeline_reads_extract_besthit.tsv; irgsp_dedup_bam_reads.tsv,reported_in_cam_metadata,"sample_meta_data_20250922.tsv: field_sample_id@field_sample, latitude, longitude",Exact coordinate reported for Angkor core CAM2509; independently reproduced in angkor_final_metadata.tsv
LV7008890377,angkor,LV7008890377,LV6000619979,ds,LV3006120684,CAM2509,32,1410 CE (model year),1410,1410,1410,,CE,"Northern Temple Pond, Angkor Wat","Northern Temple Pond, Angkor Wat; Cambodia",13.41298,103.864648,Qualified; historical collapsed available; extract count available,capture input registered; extract count available,capture input registered; extract count available,,,,,,,355,192,181,179,,50,5,3,1,,,,,,,8127,593,218,189,,,,,,现有路线计数填入 extract,,,,,,,,sample_reads_wide.tsv (v1); pipeline_reads_extract_besthit.tsv; irgsp_dedup_bam_reads.tsv,reported_in_cam_metadata,"sample_meta_data_20250922.tsv: field_sample_id@field_sample, latitude, longitude",Exact coordinate reported for Angkor core CAM2509; independently reproduced in angkor_final_metadata.tsv
LV7008890378,angkor,LV7008890378,LV6000620031,ds,LV3006120699,CAM2509,28.85,1423 CE (model year),1423,1423,1423,,CE,"Northern Temple Pond, Angkor Wat","Northern Temple Pond, Angkor Wat; Cambodia",13.41298,103.864648,Qualified; historical collapsed available; extract count available,,,,,,,,,108,16,13,13,,,,,,,,,,,,,,,,,,,,,现有路线计数填入 extract,,,,,,,,sample_reads_wide.tsv (v1); pipeline_reads_extract_besthit.tsv; irgsp_dedup_bam_reads.tsv,reported_in_cam_metadata,"sample_meta_data_20250922.tsv: field_sample_id@field_sample, latitude, longitude",Exact coordinate reported for Angkor core CAM2509; independently reproduced in angkor_final_metadata.tsv
LV7008890379,angkor,LV7008890379,LV6000620191,ds,LV3006120706,CAM2509,26.9,1430 CE (model year),1430,1430,1430,,CE,"Northern Temple Pond, Angkor Wat","Northern Temple Pond, Angkor Wat; Cambodia",13.41298,103.864648,Qualified; historical collapsed available; extract count available,,,,,,,,,173,41,38,37,,,,,,,,,,,,,,,,,,,,,现有路线计数填入 extract,,,,,,,,sample_reads_wide.tsv (v1); pipeline_reads_extract_besthit.tsv; irgsp_dedup_bam_reads.tsv,reported_in_cam_metadata,"sample_meta_data_20250922.tsv: field_sample_id@field_sample, latitude, longitude",Exact coordinate reported for Angkor core CAM2509; independently reproduced in angkor_final_metadata.tsv
LV7008890380,angkor,LV7008890380,LV6000620193,ds,LV3006120703,CAM2509,23.45,1442 CE (model year),1442,1442,1442,,CE,"Northern Temple Pond, Angkor Wat","Northern Temple Pond, Angkor Wat; Cambodia",13.41298,103.864648,Qualified; historical collapsed available; extract count available,capture input registered; extract count available,capture input registered; extract count available,,,,,,,175,62,52,50,,1069,61,4,4,,,,,,,7066,638,205,137,,,,,,现有路线计数填入 extract,,,,,,,,sample_reads_wide.tsv (v1); pipeline_reads_extract_besthit.tsv; irgsp_dedup_bam_reads.tsv,reported_in_cam_metadata,"sample_meta_data_20250922.tsv: field_sample_id@field_sample, latitude, longitude",Exact coordinate reported for Angkor core CAM2509; independently reproduced in angkor_final_metadata.tsv
LV7008890381,angkor,LV7008890381,LV6000620177,ds,LV3006120711,CAM2509,20.8,1450 CE (model year),1450,1450,1450,,CE,"Northern Temple Pond, Angkor Wat","Northern Temple Pond, Angkor Wat; Cambodia",13.41298,103.864648,Qualified; historical collapsed available; extract count available,,,,,,,,,194,48,39,39,,,,,,,,,,,,,,,,,,,,,现有路线计数填入 extract,,,,,,,,sample_reads_wide.tsv (v1); pipeline_reads_extract_besthit.tsv; irgsp_dedup_bam_reads.tsv,reported_in_cam_metadata,"sample_meta_data_20250922.tsv: field_sample_id@field_sample, latitude, longitude",Exact coordinate reported for Angkor core CAM2509; independently reproduced in angkor_final_metadata.tsv
LV7008890382,angkor,LV7008890382,LV6000620156,ds,LV3006105271,CAM2509,17.7,1459 CE (model year),1459,1459,1459,,CE,"Northern Temple Pond, Angkor Wat","Northern Temple Pond, Angkor Wat; Cambodia",13.41298,103.864648,Qualified; historical collapsed available; extract count available,,,,,,,,,168,51,47,46,,,,,,,,,,,,,,,,,,,,,现有路线计数填入 extract,,,,,,,,sample_reads_wide.tsv (v1); pipeline_reads_extract_besthit.tsv; irgsp_dedup_bam_reads.tsv,reported_in_cam_metadata,"sample_meta_data_20250922.tsv: field_sample_id@field_sample, latitude, longitude",Exact coordinate reported for Angkor core CAM2509; independently reproduced in angkor_final_metadata.tsv
LV7008890383,angkor,LV7008890383,LV6000620180,ds,LV3006105285,CAM2509,15,1466 CE (model year),1466,1466,1466,,CE,"Northern Temple Pond, Angkor Wat","Northern Temple Pond, Angkor Wat; Cambodia",13.41298,103.864648,Qualified; historical collapsed available; extract count available,,,,,,,,,174,64,55,54,,,,,,,,,,,,,,,,,,,,,现有路线计数填入 extract,,,,,,,,sample_reads_wide.tsv (v1); pipeline_reads_extract_besthit.tsv; irgsp_dedup_bam_reads.tsv,reported_in_cam_metadata,"sample_meta_data_20250922.tsv: field_sample_id@field_sample, latitude, longitude",Exact coordinate reported for Angkor core CAM2509; independently reproduced in angkor_final_metadata.tsv
LV7008890384,angkor,LV7008890384,LV6000620163,ds,LV3006105284,CAM2509,11.8,,,,,,,"Northern Temple Pond, Angkor Wat","Northern Temple Pond, Angkor Wat; Cambodia",13.41298,103.864648,Qualified; historical collapsed available; extract count available,,,,,,,,,210,73,66,66,,,,,,,,,,,,,,,,,,,,,现有路线计数填入 extract,,,,,,,,sample_reads_wide.tsv (v1); pipeline_reads_extract_besthit.tsv; irgsp_dedup_bam_reads.tsv,reported_in_cam_metadata,"sample_meta_data_20250922.tsv: field_sample_id@field_sample, latitude, longitude",Exact coordinate reported for Angkor core CAM2509; independently reproduced in angkor_final_metadata.tsv
LV7008890385,angkor,LV7008890385,LV6000620030,ds,LV3006120658,CAM2509,43.2,1371 CE (model year),1371,1371,1371,,CE,"Northern Temple Pond, Angkor Wat","Northern Temple Pond, Angkor Wat; Cambodia",13.41298,103.864648,Qualified; historical collapsed available; extract count available,,,,,,,,,183,51,41,41,,,,,,,,,,,,,,,,,,,,,现有路线计数填入 extract,,,,,,,,sample_reads_wide.tsv (v1); pipeline_reads_extract_besthit.tsv; irgsp_dedup_bam_reads.tsv,reported_in_cam_metadata,"sample_meta_data_20250922.tsv: field_sample_id@field_sample, latitude, longitude",Exact coordinate reported for Angkor core CAM2509; independently reproduced in angkor_final_metadata.tsv
LV7008890386,angkor,LV7008890386,LV6000619991,ds,LV3006120673,CAM2509,40.15,1379 CE (model year),1379,1379,1379,,CE,"Northern Temple Pond, Angkor Wat","Northern Temple Pond, Angkor Wat; Cambodia",13.41298,103.864648,Qualified; historical collapsed available; extract count available,,,,,,,,,282,103,97,96,,,,,,,,,,,,,,,,,,,,,现有路线计数填入 extract,,,,,,,,sample_reads_wide.tsv (v1); pipeline_reads_extract_besthit.tsv; irgsp_dedup_bam_reads.tsv,reported_in_cam_metadata,"sample_meta_data_20250922.tsv: field_sample_id@field_sample, latitude, longitude",Exact coordinate reported for Angkor core CAM2509; independently reproduced in angkor_final_metadata.tsv
LV7008890387,angkor,LV7008890387,LV6000620035,ds,LV3006120675,CAM2509,37.45,1387 CE (model year),1387,1387,1387,,CE,"Northern Temple Pond, Angkor Wat","Northern Temple Pond, Angkor Wat; Cambodia",13.41298,103.864648,Qualified; historical collapsed available; extract count available,capture input registered; extract count available,capture input registered; extract count available,,,,,,,427,216,199,199,,1366,119,14,9,,,,,,,4310,364,167,127,,,,,,现有路线计数填入 extract,,,,,,,,sample_reads_wide.tsv (v1); pipeline_reads_extract_besthit.tsv; irgsp_dedup_bam_reads.tsv,reported_in_cam_metadata,"sample_meta_data_20250922.tsv: field_sample_id@field_sample, latitude, longitude",Exact coordinate reported for Angkor core CAM2509; independently reproduced in angkor_final_metadata.tsv
LV7008890388,angkor,LV7008890388,LV6000620012,ds,LV3006120677,CAM2509,34.7,1396 CE (model year),1396,1396,1396,,CE,"Northern Temple Pond, Angkor Wat","Northern Temple Pond, Angkor Wat; Cambodia",13.41298,103.864648,Qualified; historical collapsed available; extract count available,,,,,,,,,421,325,310,308,,,,,,,,,,,,,,,,,,,,,现有路线计数填入 extract,,,,,,,,sample_reads_wide.tsv (v1); pipeline_reads_extract_besthit.tsv; irgsp_dedup_bam_reads.tsv,reported_in_cam_metadata,"sample_meta_data_20250922.tsv: field_sample_id@field_sample, latitude, longitude",Exact coordinate reported for Angkor core CAM2509; independently reproduced in angkor_final_metadata.tsv
LV7008890389,angkor,LV7008890389,LV6000619987,ds,LV3006120679,CAM2509,32.35,1409 CE (model year),1409,1409,1409,,CE,"Northern Temple Pond, Angkor Wat","Northern Temple Pond, Angkor Wat; Cambodia",13.41298,103.864648,Qualified; historical collapsed available; extract count available,,,,,,,,,1059,791,742,732,,,,,,,,,,,,,,,,,,,,,现有路线计数填入 extract,,,,,,,,sample_reads_wide.tsv (v1); pipeline_reads_extract_besthit.tsv; irgsp_dedup_bam_reads.tsv,reported_in_cam_metadata,"sample_meta_data_20250922.tsv: field_sample_id@field_sample, latitude, longitude",Exact coordinate reported for Angkor core CAM2509; independently reproduced in angkor_final_metadata.tsv
LV7008890390,angkor,LV7008890390,LV6000620039,ds,LV3006120687,CAM2509,29.2,1422 CE (model year),1422,1422,1422,,CE,"Northern Temple Pond, Angkor Wat","Northern Temple Pond, Angkor Wat; Cambodia",13.41298,103.864648,Qualified; historical collapsed available; extract count available,,,,,,,,,364,94,78,78,,,,,,,,,,,,,,,,,,,,,现有路线计数填入 extract,,,,,,,,sample_reads_wide.tsv (v1); pipeline_reads_extract_besthit.tsv; irgsp_dedup_bam_reads.tsv,reported_in_cam_metadata,"sample_meta_data_20250922.tsv: field_sample_id@field_sample, latitude, longitude",Exact coordinate reported for Angkor core CAM2509; independently reproduced in angkor_final_metadata.tsv
LV7008890391,angkor,LV7008890391,LV6000620199,ds,LV3006120701,CAM2509,27.25,1429 CE (model year),1429,1429,1429,,CE,"Northern Temple Pond, Angkor Wat","Northern Temple Pond, Angkor Wat; Cambodia",13.41298,103.864648,Qualified; historical collapsed available; extract count available,,,,,,,,,358,129,121,120,,,,,,,,,,,,,,,,,,,,,现有路线计数填入 extract,,,,,,,,sample_reads_wide.tsv (v1); pipeline_reads_extract_besthit.tsv; irgsp_dedup_bam_reads.tsv,reported_in_cam_metadata,"sample_meta_data_20250922.tsv: field_sample_id@field_sample, latitude, longitude",Exact coordinate reported for Angkor core CAM2509; independently reproduced in angkor_final_metadata.tsv
LV7008890392,angkor,LV7008890392,LV6000620167,ds,LV3006120702,CAM2509,23.8,1440 CE (model year),1440,1440,1440,,CE,"Northern Temple Pond, Angkor Wat","Northern Temple Pond, Angkor Wat; Cambodia",13.41298,103.864648,Qualified; historical collapsed available; extract count available,,,,,,,,,341,129,123,122,,,,,,,,,,,,,,,,,,,,,现有路线计数填入 extract,,,,,,,,sample_reads_wide.tsv (v1); pipeline_reads_extract_besthit.tsv; irgsp_dedup_bam_reads.tsv,reported_in_cam_metadata,"sample_meta_data_20250922.tsv: field_sample_id@field_sample, latitude, longitude",Exact coordinate reported for Angkor core CAM2509; independently reproduced in angkor_final_metadata.tsv
LV7008890393,angkor,LV7008890393,LV6000620185,ds,LV3006120705,CAM2509,21.15,1449 CE (model year),1449,1449,1449,,CE,"Northern Temple Pond, Angkor Wat","Northern Temple Pond, Angkor Wat; Cambodia",13.41298,103.864648,Unqualified; historical collapsed available; extract count available,capture input registered; extract count available,capture input registered; extract count available,,,,,,,183,38,35,35,,1478,110,9,9,,,,,,,5208,434,152,140,,,,,,现有路线计数填入 extract,,,,,,,,sample_reads_wide.tsv (v1); pipeline_reads_extract_besthit.tsv; irgsp_dedup_bam_reads.tsv,reported_in_cam_metadata,"sample_meta_data_20250922.tsv: field_sample_id@field_sample, latitude, longitude",Exact coordinate reported for Angkor core CAM2509; independently reproduced in angkor_final_metadata.tsv
LV7008890394,angkor,LV7008890394,LV6000620187,ds,LV3006105273,CAM2509,18.1,1458 CE (model year),1458,1458,1458,,CE,"Northern Temple Pond, Angkor Wat","Northern Temple Pond, Angkor Wat; Cambodia",13.41298,103.864648,Qualified; historical collapsed available; extract count available,,,,,,,,,466,165,153,150,,,,,,,,,,,,,,,,,,,,,现有路线计数填入 extract,,,,,,,,sample_reads_wide.tsv (v1); pipeline_reads_extract_besthit.tsv; irgsp_dedup_bam_reads.tsv,reported_in_cam_metadata,"sample_meta_data_20250922.tsv: field_sample_id@field_sample, latitude, longitude",Exact coordinate reported for Angkor core CAM2509; independently reproduced in angkor_final_metadata.tsv
LV7008890395,angkor,LV7008890395,LV6000620188,ds,LV3006105270,CAM2509,15.4,1465 CE (model year),1465,1465,1465,,CE,"Northern Temple Pond, Angkor Wat","Northern Temple Pond, Angkor Wat; Cambodia",13.41298,103.864648,Qualified; historical collapsed available; extract count available,,,,,,,,,504,167,154,147,,,,,,,,,,,,,,,,,,,,,现有路线计数填入 extract,,,,,,,,sample_reads_wide.tsv (v1); pipeline_reads_extract_besthit.tsv; irgsp_dedup_bam_reads.tsv,reported_in_cam_metadata,"sample_meta_data_20250922.tsv: field_sample_id@field_sample, latitude, longitude",Exact coordinate reported for Angkor core CAM2509; independently reproduced in angkor_final_metadata.tsv
LV7008890396,angkor,LV7008890396,LV6000620162,ds,LV3006105272,CAM2509,12.2,,,,,,,"Northern Temple Pond, Angkor Wat","Northern Temple Pond, Angkor Wat; Cambodia",13.41298,103.864648,Qualified; historical collapsed available; extract count available,,,,,,,,,326,101,92,90,,,,,,,,,,,,,,,,,,,,,现有路线计数填入 extract,,,,,,,,sample_reads_wide.tsv (v1); pipeline_reads_extract_besthit.tsv; irgsp_dedup_bam_reads.tsv,reported_in_cam_metadata,"sample_meta_data_20250922.tsv: field_sample_id@field_sample, latitude, longitude",Exact coordinate reported for Angkor core CAM2509; independently reproduced in angkor_final_metadata.tsv
LV7008890398,angkor,LV7008890398,LV6000620015,ds,LV3006120656,CAM2509,40.5,1378 CE (model year),1378,1378,1378,,CE,"Northern Temple Pond, Angkor Wat","Northern Temple Pond, Angkor Wat; Cambodia",13.41298,103.864648,Qualified; historical collapsed available; extract count available,,,,,,,,,153,60,56,56,,,,,,,,,,,,,,,,,,,,,现有路线计数填入 extract,,,,,,,,sample_reads_wide.tsv (v1); pipeline_reads_extract_besthit.tsv; irgsp_dedup_bam_reads.tsv,reported_in_cam_metadata,"sample_meta_data_20250922.tsv: field_sample_id@field_sample, latitude, longitude",Exact coordinate reported for Angkor core CAM2509; independently reproduced in angkor_final_metadata.tsv
LV7008890399,angkor,LV7008890399,LV6000620043,ds,LV3006120669,CAM2509,37.8,1386 CE (model year),1386,1386,1386,,CE,"Northern Temple Pond, Angkor Wat","Northern Temple Pond, Angkor Wat; Cambodia",13.41298,103.864648,Qualified; historical collapsed available; extract count available,,,,,,,,,361,128,120,118,,,,,,,,,,,,,,,,,,,,,现有路线计数填入 extract,,,,,,,,sample_reads_wide.tsv (v1); pipeline_reads_extract_besthit.tsv; irgsp_dedup_bam_reads.tsv,reported_in_cam_metadata,"sample_meta_data_20250922.tsv: field_sample_id@field_sample, latitude, longitude",Exact coordinate reported for Angkor core CAM2509; independently reproduced in angkor_final_metadata.tsv
LV7008890400,angkor,LV7008890400,LV6000620023,ds,LV3006120689,CAM2509,35.1,1394 CE (model year),1394,1394,1394,,CE,"Northern Temple Pond, Angkor Wat","Northern Temple Pond, Angkor Wat; Cambodia",13.41298,103.864648,Qualified; historical collapsed available; extract count available,,,,,,,,,5924,5602,5316,5285,,,,,,,,,,,,,,,,,,,,,现有路线计数填入 extract,,,,,,,,sample_reads_wide.tsv (v1); pipeline_reads_extract_besthit.tsv; irgsp_dedup_bam_reads.tsv,reported_in_cam_metadata,"sample_meta_data_20250922.tsv: field_sample_id@field_sample, latitude, longitude",Exact coordinate reported for Angkor core CAM2509; independently reproduced in angkor_final_metadata.tsv
LV7008890402,angkor,LV7008890402,LV6000619978,ds,LV3006120693,CAM2509,29.6,1420 CE (model year),1420,1420,1420,,CE,"Northern Temple Pond, Angkor Wat","Northern Temple Pond, Angkor Wat; Cambodia",13.41298,103.864648,Qualified; historical collapsed available; extract count available,,,,,,,,,304,61,56,56,,,,,,,,,,,,,,,,,,,,,现有路线计数填入 extract,,,,,,,,sample_reads_wide.tsv (v1); pipeline_reads_extract_besthit.tsv; irgsp_dedup_bam_reads.tsv,reported_in_cam_metadata,"sample_meta_data_20250922.tsv: field_sample_id@field_sample, latitude, longitude",Exact coordinate reported for Angkor core CAM2509; independently reproduced in angkor_final_metadata.tsv
LV7008890404,angkor,LV7008890404,LV6000620166,ds,LV3006120708,CAM2509,24.25,1439 CE (model year),1439,1439,1439,,CE,"Northern Temple Pond, Angkor Wat","Northern Temple Pond, Angkor Wat; Cambodia",13.41298,103.864648,Qualified; historical collapsed available; extract count available,capture input registered; extract count available,capture input registered; extract count available,,,,,,,425,197,185,179,,4677,,,,,,,,,,27777,,,,,,,,,现有路线计数填入 extract；capture 重名输出未定 canonical：主计数字段留空，候选值见审计列,,unresolved: two non-identical outputs; not summed,besthit=490; mapped=145; dedup=19,besthit=478; mapped=145; dedup=19,unresolved: two non-identical outputs; not summed,besthit=2935; mapped=1227; dedup=702,besthit=2934; mapped=1217; dedup=697,sample_reads_wide.tsv (v1); pipeline_reads_extract_besthit.tsv; irgsp_dedup_bam_reads.tsv; capture_duplicate_pairs_fullpath.tsv,reported_in_cam_metadata,"sample_meta_data_20250922.tsv: field_sample_id@field_sample, latitude, longitude",Exact coordinate reported for Angkor core CAM2509; independently reproduced in angkor_final_metadata.tsv
LV7008890405,angkor,LV7008890405,LV6000620202,ds,LV3006120704,CAM2509,21.5,1448 CE (model year),1448,1448,1448,,CE,"Northern Temple Pond, Angkor Wat","Northern Temple Pond, Angkor Wat; Cambodia",13.41298,103.864648,Qualified; historical collapsed available; extract count available,,,,,,,,,175,42,37,37,,,,,,,,,,,,,,,,,,,,,现有路线计数填入 extract,,,,,,,,sample_reads_wide.tsv (v1); pipeline_reads_extract_besthit.tsv; irgsp_dedup_bam_reads.tsv,reported_in_cam_metadata,"sample_meta_data_20250922.tsv: field_sample_id@field_sample, latitude, longitude",Exact coordinate reported for Angkor core CAM2509; independently reproduced in angkor_final_metadata.tsv
LV7008890406,angkor,LV7008890406,LV6000620178,ds,LV3006105275,CAM2509,18.45,1457 CE (model year),1457,1457,1457,,CE,"Northern Temple Pond, Angkor Wat","Northern Temple Pond, Angkor Wat; Cambodia",13.41298,103.864648,Qualified; historical collapsed available; extract count available,,,,,,,,,361,71,65,65,,,,,,,,,,,,,,,,,,,,,现有路线计数填入 extract,,,,,,,,sample_reads_wide.tsv (v1); pipeline_reads_extract_besthit.tsv; irgsp_dedup_bam_reads.tsv,reported_in_cam_metadata,"sample_meta_data_20250922.tsv: field_sample_id@field_sample, latitude, longitude",Exact coordinate reported for Angkor core CAM2509; independently reproduced in angkor_final_metadata.tsv
LV7008890408,angkor,LV7008890408,LV6000620189,ds,LV3006105266,CAM2509,12.6,1472 CE (model year),1472,1472,1472,,CE,"Northern Temple Pond, Angkor Wat","Northern Temple Pond, Angkor Wat; Cambodia",13.41298,103.864648,Qualified; historical collapsed available; extract count available,,,,,,,,,168,49,47,47,,,,,,,,,,,,,,,,,,,,,现有路线计数填入 extract,,,,,,,,sample_reads_wide.tsv (v1); pipeline_reads_extract_besthit.tsv; irgsp_dedup_bam_reads.tsv,reported_in_cam_metadata,"sample_meta_data_20250922.tsv: field_sample_id@field_sample, latitude, longitude",Exact coordinate reported for Angkor core CAM2509; independently reproduced in angkor_final_metadata.tsv
LV7008890410,angkor,LV7008890410,LV6000620029,ds,LV3006120655,CAM2509,40.85,1377 CE (model year),1377,1377,1377,,CE,"Northern Temple Pond, Angkor Wat","Northern Temple Pond, Angkor Wat; Cambodia",13.41298,103.864648,Qualified; historical collapsed available; extract count available,,,,,,,,,358,168,155,152,,,,,,,,,,,,,,,,,,,,,现有路线计数填入 extract,,,,,,,,sample_reads_wide.tsv (v1); pipeline_reads_extract_besthit.tsv; irgsp_dedup_bam_reads.tsv,reported_in_cam_metadata,"sample_meta_data_20250922.tsv: field_sample_id@field_sample, latitude, longitude",Exact coordinate reported for Angkor core CAM2509; independently reproduced in angkor_final_metadata.tsv
LV7008890411,angkor,LV7008890411,LV6000619982,ds,LV3006120663,CAM2509,38.2,1385 CE (model year),1385,1385,1385,,CE,"Northern Temple Pond, Angkor Wat","Northern Temple Pond, Angkor Wat; Cambodia",13.41298,103.864648,Qualified; historical collapsed available; extract count available,,,,,,,,,167,53,46,46,,,,,,,,,,,,,,,,,,,,,现有路线计数填入 extract,,,,,,,,sample_reads_wide.tsv (v1); pipeline_reads_extract_besthit.tsv; irgsp_dedup_bam_reads.tsv,reported_in_cam_metadata,"sample_meta_data_20250922.tsv: field_sample_id@field_sample, latitude, longitude",Exact coordinate reported for Angkor core CAM2509; independently reproduced in angkor_final_metadata.tsv
LV7008890412,angkor,LV7008890412,LV6000620034,ds,LV3006120685,CAM2509,35.45,1393 CE (model year),1393,1393,1393,,CE,"Northern Temple Pond, Angkor Wat","Northern Temple Pond, Angkor Wat; Cambodia",13.41298,103.864648,Qualified; historical collapsed available; extract count available,,,,,,,,,12526,12210,11630,11493,,,,,,,,,,,,,,,,,,,,,现有路线计数填入 extract,,,,,,,,sample_reads_wide.tsv (v1); pipeline_reads_extract_besthit.tsv; irgsp_dedup_bam_reads.tsv,reported_in_cam_metadata,"sample_meta_data_20250922.tsv: field_sample_id@field_sample, latitude, longitude",Exact coordinate reported for Angkor core CAM2509; independently reproduced in angkor_final_metadata.tsv
LV7008890413,angkor,LV7008890413,LV6000620027,ds,LV3006120692,CAM2509,32.65,1407 CE (model year),1407,1407,1407,,CE,"Northern Temple Pond, Angkor Wat","Northern Temple Pond, Angkor Wat; Cambodia",13.41298,103.864648,Qualified; historical collapsed available; extract count available,,,,,,,,,693,563,542,536,,,,,,,,,,,,,,,,,,,,,现有路线计数填入 extract,,,,,,,,sample_reads_wide.tsv (v1); pipeline_reads_extract_besthit.tsv; irgsp_dedup_bam_reads.tsv,reported_in_cam_metadata,"sample_meta_data_20250922.tsv: field_sample_id@field_sample, latitude, longitude",Exact coordinate reported for Angkor core CAM2509; independently reproduced in angkor_final_metadata.tsv
LV7008890414,angkor,LV7008890414,LV6000619986,ds,LV3006120698,CAM2509,29.95,1419 CE (model year),1419,1419,1419,,CE,"Northern Temple Pond, Angkor Wat","Northern Temple Pond, Angkor Wat; Cambodia",13.41298,103.864648,Qualified; historical collapsed available; extract count available,,,,,,,,,337,117,109,109,,,,,,,,,,,,,,,,,,,,,现有路线计数填入 extract,,,,,,,,sample_reads_wide.tsv (v1); pipeline_reads_extract_besthit.tsv; irgsp_dedup_bam_reads.tsv,reported_in_cam_metadata,"sample_meta_data_20250922.tsv: field_sample_id@field_sample, latitude, longitude",Exact coordinate reported for Angkor core CAM2509; independently reproduced in angkor_final_metadata.tsv
LV7008890416,angkor,LV7008890416,LV6000620200,ds,LV3006120723,CAM2509,24.75,1437 CE (model year),1437,1437,1437,,CE,"Northern Temple Pond, Angkor Wat","Northern Temple Pond, Angkor Wat; Cambodia",13.41298,103.864648,Unqualified; historical collapsed available; extract count available,,,,,,,,,219,88,84,80,,,,,,,,,,,,,,,,,,,,,现有路线计数填入 extract,,,,,,,,sample_reads_wide.tsv (v1); pipeline_reads_extract_besthit.tsv; irgsp_dedup_bam_reads.tsv,reported_in_cam_metadata,"sample_meta_data_20250922.tsv: field_sample_id@field_sample, latitude, longitude",Exact coordinate reported for Angkor core CAM2509; independently reproduced in angkor_final_metadata.tsv
LV7008890417,angkor,LV7008890417,LV6000620169,ds,LV3006120710,CAM2509,21.9,1447 CE (model year),1447,1447,1447,,CE,"Northern Temple Pond, Angkor Wat","Northern Temple Pond, Angkor Wat; Cambodia",13.41298,103.864648,Qualified; historical collapsed available; extract count available,capture input registered; extract count available,capture input registered; extract count available,,,,,,,182,52,42,42,,442,33,3,3,,,,,,,9264,706,244,219,,,,,,现有路线计数填入 extract,,,,,,,,sample_reads_wide.tsv (v1); pipeline_reads_extract_besthit.tsv; irgsp_dedup_bam_reads.tsv,reported_in_cam_metadata,"sample_meta_data_20250922.tsv: field_sample_id@field_sample, latitude, longitude",Exact coordinate reported for Angkor core CAM2509; independently reproduced in angkor_final_metadata.tsv
LV7008890419,angkor,LV7008890419,LV6000620179,ds,LV3006105279,CAM2509,15.8,1464 CE (model year),1464,1464,1464,,CE,"Northern Temple Pond, Angkor Wat","Northern Temple Pond, Angkor Wat; Cambodia",13.41298,103.864648,Qualified; historical collapsed available; extract count available,,,,,,,,,189,82,75,73,,,,,,,,,,,,,,,,,,,,,现有路线计数填入 extract,,,,,,,,sample_reads_wide.tsv (v1); pipeline_reads_extract_besthit.tsv; irgsp_dedup_bam_reads.tsv,reported_in_cam_metadata,"sample_meta_data_20250922.tsv: field_sample_id@field_sample, latitude, longitude",Exact coordinate reported for Angkor core CAM2509; independently reproduced in angkor_final_metadata.tsv
LV7008890420,angkor,LV7008890420,LV6000620173,ds,LV3006105267,CAM2509,13,1471 CE (model year),1471,1471,1471,,CE,"Northern Temple Pond, Angkor Wat","Northern Temple Pond, Angkor Wat; Cambodia",13.41298,103.864648,Qualified; historical collapsed available; extract count available,,,,,,,,,273,139,135,131,,,,,,,,,,,,,,,,,,,,,现有路线计数填入 extract,,,,,,,,sample_reads_wide.tsv (v1); pipeline_reads_extract_besthit.tsv; irgsp_dedup_bam_reads.tsv,reported_in_cam_metadata,"sample_meta_data_20250922.tsv: field_sample_id@field_sample, latitude, longitude",Exact coordinate reported for Angkor core CAM2509; independently reproduced in angkor_final_metadata.tsv
LV7008890438,angkor,LV7008890438,LV6000620157,ds,LV3006105282,CAM2509,18.8,1456 CE (model year),1456,1456,1456,,CE,"Northern Temple Pond, Angkor Wat","Northern Temple Pond, Angkor Wat; Cambodia",13.41298,103.864648,Qualified; historical collapsed available; extract count available,,,,,,,,,121,17,15,15,,,,,,,,,,,,,,,,,,,,,现有路线计数填入 extract,,,,,,,,sample_reads_wide.tsv (v1); pipeline_reads_extract_besthit.tsv; irgsp_dedup_bam_reads.tsv,reported_in_cam_metadata,"sample_meta_data_20250922.tsv: field_sample_id@field_sample, latitude, longitude",Exact coordinate reported for Angkor core CAM2509; independently reproduced in angkor_final_metadata.tsv
LV7008954795,angkor,LV7008954795,LV7008416364,ss,LV3006007202,CAM23-11,42,1785 CE (model year),1785,1785,1785,,CE,"Northern Temple Moat, Angkor Wat","Northern Temple Moat, Angkor Wat; Cambodia",13.412944,103.864806,Qualified; historical collapsed available; extract count available,,,,,,,,,222,75,72,72,,,,,,,,,,,,,,,,,,,,,现有路线计数填入 extract,,,,,,,,sample_reads_wide.tsv (v1); pipeline_reads_extract_besthit.tsv; irgsp_dedup_bam_reads.tsv,reported_in_cam_metadata,"sample_meta_data_20250922.tsv: field_sample_id@field_sample, latitude, longitude",Exact coordinate reported for Angkor core CAM23-11; independently reproduced in angkor_final_metadata.tsv
LV7008955270,angkor,LV7008955270,LV7008416391,ss,LV3006007222,CAM23-11,22.5,1941 CE (model year),1941,1941,1941,,CE,"Northern Temple Moat, Angkor Wat","Northern Temple Moat, Angkor Wat; Cambodia",13.412944,103.864806,Qualified; historical collapsed available; extract count available,,,,,,,,,286,53,47,47,,,,,,,,,,,,,,,,,,,,,现有路线计数填入 extract,,,,,,,,sample_reads_wide.tsv (v1); pipeline_reads_extract_besthit.tsv; irgsp_dedup_bam_reads.tsv,reported_in_cam_metadata,"sample_meta_data_20250922.tsv: field_sample_id@field_sample, latitude, longitude",Exact coordinate reported for Angkor core CAM23-11; independently reproduced in angkor_final_metadata.tsv
LV7008955282,angkor,LV7008955282,LV7008416320,ss,LV3006007185,CAM23-11,92.5,1513 CE (model year),1513,1513,1513,,CE,"Northern Temple Moat, Angkor Wat","Northern Temple Moat, Angkor Wat; Cambodia",13.412944,103.864806,Qualified; historical collapsed available; extract count available,capture input registered; extract count available,capture input registered; extract count available,,,,,,,216,171,154,152,,102,10,0,0,,,,,,,3222,278,99,50,,,,,,现有路线计数填入 extract,,,,,,,,sample_reads_wide.tsv (v1); pipeline_reads_extract_besthit.tsv; irgsp_dedup_bam_reads.tsv,reported_in_cam_metadata,"sample_meta_data_20250922.tsv: field_sample_id@field_sample, latitude, longitude",Exact coordinate reported for Angkor core CAM23-11; independently reproduced in angkor_final_metadata.tsv
LV7008955428,angkor,LV7008955428,LV7008416382,ss,LV3006007239,CAM23-11,21,1952 CE (model year),1952,1952,1952,,CE,"Northern Temple Moat, Angkor Wat","Northern Temple Moat, Angkor Wat; Cambodia",13.412944,103.864806,Qualified; historical collapsed available; extract count available,,,,,,,,,867,175,148,146,,,,,,,,,,,,,,,,,,,,,现有路线计数填入 extract,,,,,,,,sample_reads_wide.tsv (v1); pipeline_reads_extract_besthit.tsv; irgsp_dedup_bam_reads.tsv,reported_in_cam_metadata,"sample_meta_data_20250922.tsv: field_sample_id@field_sample, latitude, longitude",Exact coordinate reported for Angkor core CAM23-11; independently reproduced in angkor_final_metadata.tsv
LV7008955441,angkor,LV7008955441,LV7008416378,ss,LV3006007210,CAM23-11,56.5,1690 CE (model year),1690,1690,1690,,CE,"Northern Temple Moat, Angkor Wat","Northern Temple Moat, Angkor Wat; Cambodia",13.412944,103.864806,Qualified; historical collapsed available; extract count available,,,,,,,,,1191,561,519,512,,,,,,,,,,,,,,,,,,,,,现有路线计数填入 extract,,,,,,,,sample_reads_wide.tsv (v1); pipeline_reads_extract_besthit.tsv; irgsp_dedup_bam_reads.tsv,reported_in_cam_metadata,"sample_meta_data_20250922.tsv: field_sample_id@field_sample, latitude, longitude",Exact coordinate reported for Angkor core CAM23-11; independently reproduced in angkor_final_metadata.tsv
LV7008955463,angkor,LV7008955463,LV7008416333,ss,LV3006007296,CAM23-13,18.5,1427 CE (model year),1427,1427,1427,,CE,"Northern Temple Moat, Angkor Wat","Northern Temple Moat, Angkor Wat; Cambodia",13.413,103.864639,Qualified; historical collapsed available; extract count available,,,,,,,,,127,52,50,49,,,,,,,,,,,,,,,,,,,,,现有路线计数填入 extract,,,,,,,,sample_reads_wide.tsv (v1); pipeline_reads_extract_besthit.tsv; irgsp_dedup_bam_reads.tsv,reported_in_cam_metadata,"sample_meta_data_20250922.tsv: field_sample_id@field_sample, latitude, longitude",Exact coordinate reported for Angkor core CAM23-13; independently reproduced in angkor_final_metadata.tsv
LV7008955486,angkor,LV7008955486,LV7008416325,ss,LV3006007313,CAM23-13,20,1423 CE (model year),1423,1423,1423,,CE,"Northern Temple Moat, Angkor Wat","Northern Temple Moat, Angkor Wat; Cambodia",13.413,103.864639,Qualified; historical collapsed available; extract count available,,,,,,,,,0,,,,,,,,,,,,,,,,,,,,,,,,现有路线计数填入 extract,,,,,,,,sample_reads_wide.tsv (v1),reported_in_cam_metadata,"sample_meta_data_20250922.tsv: field_sample_id@field_sample, latitude, longitude",Exact coordinate reported for Angkor core CAM23-13; independently reproduced in angkor_final_metadata.tsv
LV7008955584,angkor,LV7008955584,LV7008416302,ss,LV3006006414,CAM23-13,60,1229 CE (model year),1229,1229,1229,,CE,"Northern Temple Moat, Angkor Wat","Northern Temple Moat, Angkor Wat; Cambodia",13.413,103.864639,Qualified; historical collapsed available; extract count available,,,,,,,,,127,15,12,12,,,,,,,,,,,,,,,,,,,,,现有路线计数填入 extract,,,,,,,,sample_reads_wide.tsv (v1); pipeline_reads_extract_besthit.tsv; irgsp_dedup_bam_reads.tsv,reported_in_cam_metadata,"sample_meta_data_20250922.tsv: field_sample_id@field_sample, latitude, longitude",Exact coordinate reported for Angkor core CAM23-13; independently reproduced in angkor_final_metadata.tsv
LV7008957213,angkor,LV7008957213,LV7008416358,ss,LV3006007314,CAM23-13,14.5,1438 CE (model year),1438,1438,1438,,CE,"Northern Temple Moat, Angkor Wat","Northern Temple Moat, Angkor Wat; Cambodia",13.413,103.864639,Qualified; historical collapsed available; extract count available,,,,,,,,,105,55,51,51,,,,,,,,,,,,,,,,,,,,,现有路线计数填入 extract,,,,,,,,sample_reads_wide.tsv (v1); pipeline_reads_extract_besthit.tsv; irgsp_dedup_bam_reads.tsv,reported_in_cam_metadata,"sample_meta_data_20250922.tsv: field_sample_id@field_sample, latitude, longitude",Exact coordinate reported for Angkor core CAM23-13; independently reproduced in angkor_final_metadata.tsv
LV7008957215,angkor,LV7008957215,LV7008416356,ss,LV3006007295,CAM23-13,24.5,1406 CE (model year),1406,1406,1406,,CE,"Northern Temple Moat, Angkor Wat","Northern Temple Moat, Angkor Wat; Cambodia",13.413,103.864639,Qualified; historical collapsed available; extract count available,,,,,,,,,209,102,93,93,,,,,,,,,,,,,,,,,,,,,现有路线计数填入 extract,,,,,,,,sample_reads_wide.tsv (v1); pipeline_reads_extract_besthit.tsv; irgsp_dedup_bam_reads.tsv,reported_in_cam_metadata,"sample_meta_data_20250922.tsv: field_sample_id@field_sample, latitude, longitude",Exact coordinate reported for Angkor core CAM23-13; independently reproduced in angkor_final_metadata.tsv
LV7008957217,angkor,LV7008957217,LV7008416324,ss,LV3006007307,CAM23-13,21.5,1417 CE (model year),1417,1417,1417,,CE,"Northern Temple Moat, Angkor Wat","Northern Temple Moat, Angkor Wat; Cambodia",13.413,103.864639,Qualified; historical collapsed available; extract count available,,,,,,,,,260,121,114,113,,,,,,,,,,,,,,,,,,,,,现有路线计数填入 extract,,,,,,,,sample_reads_wide.tsv (v1); pipeline_reads_extract_besthit.tsv; irgsp_dedup_bam_reads.tsv,reported_in_cam_metadata,"sample_meta_data_20250922.tsv: field_sample_id@field_sample, latitude, longitude",Exact coordinate reported for Angkor core CAM23-13; independently reproduced in angkor_final_metadata.tsv
LV7008957239,angkor,LV7008957239,LV7008416395,ss,LV3006007214,CAM23-11,45,1762 CE (model year),1762,1762,1762,,CE,"Northern Temple Moat, Angkor Wat","Northern Temple Moat, Angkor Wat; Cambodia",13.412944,103.864806,Qualified; historical collapsed available; extract count available,capture input registered; extract count available,capture input registered; extract count available,,,,,,,168,69,65,63,,2341,302,40,38,,,,,,,5069,399,125,111,,,,,,现有路线计数填入 extract,,,,,,,,sample_reads_wide.tsv (v1); pipeline_reads_extract_besthit.tsv; irgsp_dedup_bam_reads.tsv,reported_in_cam_metadata,"sample_meta_data_20250922.tsv: field_sample_id@field_sample, latitude, longitude",Exact coordinate reported for Angkor core CAM23-11; independently reproduced in angkor_final_metadata.tsv
LV7008957253,angkor,LV7008957253,LV7008416278,ss,LV3006006424,CAM23-13,64.5,1192 CE (model year),1192,1192,1192,,CE,"Northern Temple Moat, Angkor Wat","Northern Temple Moat, Angkor Wat; Cambodia",13.413,103.864639,Qualified; historical collapsed available; extract count available,,,,,,,,,51,5,4,3,,,,,,,,,,,,,,,,,,,,,现有路线计数填入 extract,,,,,,,,sample_reads_wide.tsv (v1); pipeline_reads_extract_besthit.tsv; irgsp_dedup_bam_reads.tsv,reported_in_cam_metadata,"sample_meta_data_20250922.tsv: field_sample_id@field_sample, latitude, longitude",Exact coordinate reported for Angkor core CAM23-13; independently reproduced in angkor_final_metadata.tsv
LV7008957262,angkor,LV7008957262,LV7005365854,ss,LV3006006399,CAM23-13,44,1323 CE (model year),1323,1323,1323,,CE,"Northern Temple Moat, Angkor Wat","Northern Temple Moat, Angkor Wat; Cambodia",13.413,103.864639,Qualified; historical collapsed available; extract count available,,,,,,,,,84,13,12,11,,,,,,,,,,,,,,,,,,,,,现有路线计数填入 extract,,,,,,,,sample_reads_wide.tsv (v1); pipeline_reads_extract_besthit.tsv; irgsp_dedup_bam_reads.tsv,reported_in_cam_metadata,"sample_meta_data_20250922.tsv: field_sample_id@field_sample, latitude, longitude",Exact coordinate reported for Angkor core CAM23-13; independently reproduced in angkor_final_metadata.tsv
LV7008957297,angkor,LV7008957297,LV6000200426,ss,LV3006007218,CAM23-11,75,1594 CE (model year),1594,1594,1594,,CE,"Northern Temple Moat, Angkor Wat","Northern Temple Moat, Angkor Wat; Cambodia",13.412944,103.864806,Qualified; historical collapsed available; extract count available,capture input registered; extract count available,capture input registered; extract count available,,,,,,,230,67,65,65,,2736,327,21,18,,,,,,,18614,1321,394,354,,,,,,现有路线计数填入 extract,,,,,,,,sample_reads_wide.tsv (v1); pipeline_reads_extract_besthit.tsv; irgsp_dedup_bam_reads.tsv,reported_in_cam_metadata,"sample_meta_data_20250922.tsv: field_sample_id@field_sample, latitude, longitude",Exact coordinate reported for Angkor core CAM23-11; independently reproduced in angkor_final_metadata.tsv
LV7008957310,angkor,LV7008957310,LV7008416328,ss,LV3006007191,CAM23-11,94,1506 CE (model year),1506,1506,1506,,CE,"Northern Temple Moat, Angkor Wat","Northern Temple Moat, Angkor Wat; Cambodia",13.412944,103.864806,Qualified; historical collapsed available; extract count available,,,,,,,,,317,272,259,258,,,,,,,,,,,,,,,,,,,,,现有路线计数填入 extract,,,,,,,,sample_reads_wide.tsv (v1); pipeline_reads_extract_besthit.tsv; irgsp_dedup_bam_reads.tsv,reported_in_cam_metadata,"sample_meta_data_20250922.tsv: field_sample_id@field_sample, latitude, longitude",Exact coordinate reported for Angkor core CAM23-11; independently reproduced in angkor_final_metadata.tsv
LV7008957311,angkor,LV7008957311,LV7008416330,ss,LV3006007299,CAM23-13,35,1360 CE (model year),1360,1360,1360,,CE,"Northern Temple Moat, Angkor Wat","Northern Temple Moat, Angkor Wat; Cambodia",13.413,103.864639,Qualified; historical collapsed available; extract count available,,,,,,,,,38,8,8,8,,,,,,,,,,,,,,,,,,,,,现有路线计数填入 extract,,,,,,,,sample_reads_wide.tsv (v1); pipeline_reads_extract_besthit.tsv; irgsp_dedup_bam_reads.tsv,reported_in_cam_metadata,"sample_meta_data_20250922.tsv: field_sample_id@field_sample, latitude, longitude",Exact coordinate reported for Angkor core CAM23-13; independently reproduced in angkor_final_metadata.tsv
LV7008957394,angkor,LV7008957394,LV7008416398,ss,LV3006007242,CAM23-11,25.5,1919 CE (model year),1919,1919,1919,,CE,"Northern Temple Moat, Angkor Wat","Northern Temple Moat, Angkor Wat; Cambodia",13.412944,103.864806,Qualified; historical collapsed available; extract count available,,,,,,,,,563,192,173,171,,,,,,,,,,,,,,,,,,,,,现有路线计数填入 extract,,,,,,,,sample_reads_wide.tsv (v1); pipeline_reads_extract_besthit.tsv; irgsp_dedup_bam_reads.tsv,reported_in_cam_metadata,"sample_meta_data_20250922.tsv: field_sample_id@field_sample, latitude, longitude",Exact coordinate reported for Angkor core CAM23-11; independently reproduced in angkor_final_metadata.tsv
LV7008957395,angkor,LV7008957395,LV7008416346,ss,LV3006007294,CAM23-13,30.5,1379 CE (model year),1379,1379,1379,,CE,"Northern Temple Moat, Angkor Wat","Northern Temple Moat, Angkor Wat; Cambodia",13.413,103.864639,Qualified; historical collapsed available; extract count available,,,,,,,,,255,204,191,190,,,,,,,,,,,,,,,,,,,,,现有路线计数填入 extract,,,,,,,,sample_reads_wide.tsv (v1); pipeline_reads_extract_besthit.tsv; irgsp_dedup_bam_reads.tsv,reported_in_cam_metadata,"sample_meta_data_20250922.tsv: field_sample_id@field_sample, latitude, longitude",Exact coordinate reported for Angkor core CAM23-13; independently reproduced in angkor_final_metadata.tsv
LV7008957423,angkor,LV7008957423,LV7008416399,ss,LV3006007241,CAM23-11,19,1968 CE (model year),1968,1968,1968,,CE,"Northern Temple Moat, Angkor Wat","Northern Temple Moat, Angkor Wat; Cambodia",13.412944,103.864806,Qualified; historical collapsed available; extract count available,,,,,,,,,528,135,119,116,,,,,,,,,,,,,,,,,,,,,现有路线计数填入 extract,,,,,,,,sample_reads_wide.tsv (v1); pipeline_reads_extract_besthit.tsv; irgsp_dedup_bam_reads.tsv,reported_in_cam_metadata,"sample_meta_data_20250922.tsv: field_sample_id@field_sample, latitude, longitude",Exact coordinate reported for Angkor core CAM23-11; independently reproduced in angkor_final_metadata.tsv
LV7008957549,angkor,LV7008957549,LV7008416319,ss,LV3006007298,CAM23-13,0.5,1477 CE (model year),1477,1477,1477,,CE,"Northern Temple Moat, Angkor Wat","Northern Temple Moat, Angkor Wat; Cambodia",13.413,103.864639,Qualified; historical collapsed available; extract count available,,,,,,,,,265,163,152,151,,,,,,,,,,,,,,,,,,,,,现有路线计数填入 extract,,,,,,,,sample_reads_wide.tsv (v1); pipeline_reads_extract_besthit.tsv; irgsp_dedup_bam_reads.tsv,reported_in_cam_metadata,"sample_meta_data_20250922.tsv: field_sample_id@field_sample, latitude, longitude",Exact coordinate reported for Angkor core CAM23-13; independently reproduced in angkor_final_metadata.tsv
LV7008957553,angkor,LV7008957553,LV7008416363,ss,LV3006007203,CAM23-11,48.5,1738 CE (model year),1738,1738,1738,,CE,"Northern Temple Moat, Angkor Wat","Northern Temple Moat, Angkor Wat; Cambodia",13.412944,103.864806,Qualified; historical collapsed available; extract count available,,,,,,,,,256,98,92,89,,,,,,,,,,,,,,,,,,,,,现有路线计数填入 extract,,,,,,,,sample_reads_wide.tsv (v1); pipeline_reads_extract_besthit.tsv; irgsp_dedup_bam_reads.tsv,reported_in_cam_metadata,"sample_meta_data_20250922.tsv: field_sample_id@field_sample, latitude, longitude",Exact coordinate reported for Angkor core CAM23-11; independently reproduced in angkor_final_metadata.tsv
LV7008957561,angkor,LV7008957561,LV7008416367,ss,LV3006007229,CAM23-11,5,2017 CE (model year),2017,2017,2017,,CE,"Northern Temple Moat, Angkor Wat","Northern Temple Moat, Angkor Wat; Cambodia",13.412944,103.864806,Qualified; historical collapsed available; extract count available,capture input registered; extract count available,capture input registered; extract count available,,,,,,,434,98,90,90,,5008,688,62,54,,,,,,,219,27,6,6,,,,,,现有路线计数填入 extract,,,,,,,,sample_reads_wide.tsv (v1); pipeline_reads_extract_besthit.tsv; irgsp_dedup_bam_reads.tsv,reported_in_cam_metadata,"sample_meta_data_20250922.tsv: field_sample_id@field_sample, latitude, longitude",Exact coordinate reported for Angkor core CAM23-11; independently reproduced in angkor_final_metadata.tsv
LV7008957562,angkor,LV7008957562,LV7008416374,ss,LV3006007236,CAM23-11,15.5,1997 CE (model year),1997,1997,1997,,CE,"Northern Temple Moat, Angkor Wat","Northern Temple Moat, Angkor Wat; Cambodia",13.412944,103.864806,Qualified; historical collapsed available; extract count available,,,,,,,,,887,203,187,185,,,,,,,,,,,,,,,,,,,,,现有路线计数填入 extract,,,,,,,,sample_reads_wide.tsv (v1); pipeline_reads_extract_besthit.tsv; irgsp_dedup_bam_reads.tsv,reported_in_cam_metadata,"sample_meta_data_20250922.tsv: field_sample_id@field_sample, latitude, longitude",Exact coordinate reported for Angkor core CAM23-11; independently reproduced in angkor_final_metadata.tsv
LV7008957587,angkor,LV7008957587,LV7008416403,ss,LV3006007213,CAM23-11,38.5,1813 CE (model year),1813,1813,1813,,CE,"Northern Temple Moat, Angkor Wat","Northern Temple Moat, Angkor Wat; Cambodia",13.412944,103.864806,Qualified; historical collapsed available; extract count available,capture input registered; extract count available,capture input registered; extract count available,,,,,,,284,88,85,84,,5619,664,101,84,,,,,,,2876,199,61,55,,,,,,现有路线计数填入 extract,,,,,,,,sample_reads_wide.tsv (v1); pipeline_reads_extract_besthit.tsv; irgsp_dedup_bam_reads.tsv,reported_in_cam_metadata,"sample_meta_data_20250922.tsv: field_sample_id@field_sample, latitude, longitude",Exact coordinate reported for Angkor core CAM23-11; independently reproduced in angkor_final_metadata.tsv
LV7008957590,angkor,LV7008957590,LV7008416308,ss,LV3006006391,CAM23-13,78.5,1020 CE (model year),1020,1020,1020,,CE,"Northern Temple Moat, Angkor Wat","Northern Temple Moat, Angkor Wat; Cambodia",13.413,103.864639,Unqualified; historical collapsed available; extract count available,,,,,,,,,1,1,1,1,,,,,,,,,,,,,,,,,,,,,现有路线计数填入 extract,,,,,,,,sample_reads_wide.tsv (v1); pipeline_reads_extract_besthit.tsv; irgsp_dedup_bam_reads.tsv,reported_in_cam_metadata,"sample_meta_data_20250922.tsv: field_sample_id@field_sample, latitude, longitude",Exact coordinate reported for Angkor core CAM23-13; independently reproduced in angkor_final_metadata.tsv
LV7008957621,angkor,LV7008957621,LV7008416329,ss,LV3006007172,CAM23-11,82.5,1555 CE (model year),1555,1555,1555,,CE,"Northern Temple Moat, Angkor Wat","Northern Temple Moat, Angkor Wat; Cambodia",13.412944,103.864806,Qualified; historical collapsed available; extract count available,capture input registered; extract count available,capture input registered; extract count available,,,,,,,380,168,158,156,,727,,,,,,,,,,13150,,,,,,,,,现有路线计数填入 extract；capture 重名输出未定 canonical：主计数字段留空，候选值见审计列,,unresolved: two non-identical outputs; not summed,besthit=45; mapped=12; dedup=2,besthit=46; mapped=12; dedup=2,unresolved: two non-identical outputs; not summed,besthit=1268; mapped=370; dedup=257,besthit=1268; mapped=370; dedup=257,sample_reads_wide.tsv (v1); pipeline_reads_extract_besthit.tsv; irgsp_dedup_bam_reads.tsv; capture_duplicate_pairs_fullpath.tsv,reported_in_cam_metadata,"sample_meta_data_20250922.tsv: field_sample_id@field_sample, latitude, longitude",Exact coordinate reported for Angkor core CAM23-11; independently reproduced in angkor_final_metadata.tsv
LV7008958317,angkor,LV7008958317,LV7008416366,ss,LV3006007234,CAM23-11,9.5,2014 CE (model year),2014,2014,2014,,CE,"Northern Temple Moat, Angkor Wat","Northern Temple Moat, Angkor Wat; Cambodia",13.412944,103.864806,Qualified; historical collapsed available; extract count available,,,,,,,,,1618,1188,1126,1111,,,,,,,,,,,,,,,,,,,,,现有路线计数填入 extract,,,,,,,,sample_reads_wide.tsv (v1); pipeline_reads_extract_besthit.tsv; irgsp_dedup_bam_reads.tsv,reported_in_cam_metadata,"sample_meta_data_20250922.tsv: field_sample_id@field_sample, latitude, longitude",Exact coordinate reported for Angkor core CAM23-11; independently reproduced in angkor_final_metadata.tsv
LV7008958322,angkor,LV7008958322,LV7008416340,ss,LV3006007312,CAM23-13,26,1399 CE (model year),1399,1399,1399,,CE,"Northern Temple Moat, Angkor Wat","Northern Temple Moat, Angkor Wat; Cambodia",13.413,103.864639,Qualified; historical collapsed available; extract count available,,,,,,,,,353,189,177,177,,,,,,,,,,,,,,,,,,,,,现有路线计数填入 extract,,,,,,,,sample_reads_wide.tsv (v1); pipeline_reads_extract_besthit.tsv; irgsp_dedup_bam_reads.tsv,reported_in_cam_metadata,"sample_meta_data_20250922.tsv: field_sample_id@field_sample, latitude, longitude",Exact coordinate reported for Angkor core CAM23-13; independently reproduced in angkor_final_metadata.tsv
LV7008958330,angkor,LV7008958330,LV7008416338,ss,LV3006006405,CAM23-13,42.5,1330 CE (model year),1330,1330,1330,,CE,"Northern Temple Moat, Angkor Wat","Northern Temple Moat, Angkor Wat; Cambodia",13.413,103.864639,Qualified; historical collapsed available; extract count available,,,,,,,,,43,5,5,5,,,,,,,,,,,,,,,,,,,,,现有路线计数填入 extract,,,,,,,,sample_reads_wide.tsv (v1); pipeline_reads_extract_besthit.tsv; irgsp_dedup_bam_reads.tsv,reported_in_cam_metadata,"sample_meta_data_20250922.tsv: field_sample_id@field_sample, latitude, longitude",Exact coordinate reported for Angkor core CAM23-13; independently reproduced in angkor_final_metadata.tsv
LV7008958343,angkor,LV7008958343,LV7008416284,ss,LV3006006392,CAM23-13,82,982 CE (model year),982,982,982,,CE,"Northern Temple Moat, Angkor Wat","Northern Temple Moat, Angkor Wat; Cambodia",13.413,103.864639,Unqualified; historical collapsed available; extract count available,,,,,,,,,1,,,,,,,,,,,,,,,,,,,,,,,,现有路线计数填入 extract,,,,,,,,sample_reads_wide.tsv (v1),reported_in_cam_metadata,"sample_meta_data_20250922.tsv: field_sample_id@field_sample, latitude, longitude",Exact coordinate reported for Angkor core CAM23-13; independently reproduced in angkor_final_metadata.tsv
LV7008958344,angkor,LV7008958344,LV7008416402,ss,LV3006007205,CAM23-11,66,1641 CE (model year),1641,1641,1641,,CE,"Northern Temple Moat, Angkor Wat","Northern Temple Moat, Angkor Wat; Cambodia",13.412944,103.864806,Qualified; historical collapsed available; extract count available,,,,,,,,,478,227,208,207,,,,,,,,,,,,,,,,,,,,,现有路线计数填入 extract,,,,,,,,sample_reads_wide.tsv (v1); pipeline_reads_extract_besthit.tsv; irgsp_dedup_bam_reads.tsv,reported_in_cam_metadata,"sample_meta_data_20250922.tsv: field_sample_id@field_sample, latitude, longitude",Exact coordinate reported for Angkor core CAM23-11; independently reproduced in angkor_final_metadata.tsv
LV7008958346,angkor,LV7008958346,LV7008416292,ss,LV3006006410,CAM23-13,74,1073 CE (model year),1073,1073,1073,,CE,"Northern Temple Moat, Angkor Wat","Northern Temple Moat, Angkor Wat; Cambodia",13.413,103.864639,Unqualified; historical collapsed available; extract count available,,,,,,,,,0,,,,,,,,,,,,,,,,,,,,,,,,现有路线计数填入 extract,,,,,,,,sample_reads_wide.tsv (v1),reported_in_cam_metadata,"sample_meta_data_20250922.tsv: field_sample_id@field_sample, latitude, longitude",Exact coordinate reported for Angkor core CAM23-13; independently reproduced in angkor_final_metadata.tsv
LV7008958486,angkor,LV7008958486,LV7008416295,ss,LV3006006401,CAM23-13,57,1247 CE (model year),1247,1247,1247,,CE,"Northern Temple Moat, Angkor Wat","Northern Temple Moat, Angkor Wat; Cambodia",13.413,103.864639,Qualified; historical collapsed available; extract count available,,,,,,,,,108,24,23,23,,,,,,,,,,,,,,,,,,,,,现有路线计数填入 extract,,,,,,,,sample_reads_wide.tsv (v1); pipeline_reads_extract_besthit.tsv; irgsp_dedup_bam_reads.tsv,reported_in_cam_metadata,"sample_meta_data_20250922.tsv: field_sample_id@field_sample, latitude, longitude",Exact coordinate reported for Angkor core CAM23-13; independently reproduced in angkor_final_metadata.tsv
LV7008958499,angkor,LV7008958499,LV7008416336,ss,LV3006007179,CAM23-11,91,1519 CE (model year),1519,1519,1519,,CE,"Northern Temple Moat, Angkor Wat","Northern Temple Moat, Angkor Wat; Cambodia",13.412944,103.864806,Qualified; historical collapsed available; extract count available,,,,,,,,,565,495,462,460,,,,,,,,,,,,,,,,,,,,,现有路线计数填入 extract,,,,,,,,sample_reads_wide.tsv (v1); pipeline_reads_extract_besthit.tsv; irgsp_dedup_bam_reads.tsv,reported_in_cam_metadata,"sample_meta_data_20250922.tsv: field_sample_id@field_sample, latitude, longitude",Exact coordinate reported for Angkor core CAM23-11; independently reproduced in angkor_final_metadata.tsv
LV7008958511,angkor,LV7008958511,LV7008416347,ss,LV3006006411,CAM23-13,40.5,1339 CE (model year),1339,1339,1339,,CE,"Northern Temple Moat, Angkor Wat","Northern Temple Moat, Angkor Wat; Cambodia",13.413,103.864639,Qualified; historical collapsed available; extract count available,,,,,,,,,47,11,11,11,,,,,,,,,,,,,,,,,,,,,现有路线计数填入 extract,,,,,,,,sample_reads_wide.tsv (v1); pipeline_reads_extract_besthit.tsv; irgsp_dedup_bam_reads.tsv,reported_in_cam_metadata,"sample_meta_data_20250922.tsv: field_sample_id@field_sample, latitude, longitude",Exact coordinate reported for Angkor core CAM23-13; independently reproduced in angkor_final_metadata.tsv
LV7008958558,angkor,LV7008958558,LV6000200433,ss,LV3006007206,CAM23-11,72,1612 CE (model year),1612,1612,1612,,CE,"Northern Temple Moat, Angkor Wat","Northern Temple Moat, Angkor Wat; Cambodia",13.412944,103.864806,Qualified; historical collapsed available; extract count available,,,,,,,,,54,16,14,14,,,,,,,,,,,,,,,,,,,,,现有路线计数填入 extract,,,,,,,,sample_reads_wide.tsv (v1); pipeline_reads_extract_besthit.tsv; irgsp_dedup_bam_reads.tsv,reported_in_cam_metadata,"sample_meta_data_20250922.tsv: field_sample_id@field_sample, latitude, longitude",Exact coordinate reported for Angkor core CAM23-11; independently reproduced in angkor_final_metadata.tsv
LV7008960323,angkor,LV7008960323,LV7008416376,ss,LV3006007219,CAM23-11,2,2020 CE (model year),2020,2020,2020,,CE,"Northern Temple Moat, Angkor Wat","Northern Temple Moat, Angkor Wat; Cambodia",13.412944,103.864806,Qualified; historical collapsed available; extract count available,capture input registered,capture input registered,,,,,,,393,88,84,83,,,,,,,,,,,,,,,,,,,,,现有路线计数填入 extract,,,,,,,,sample_reads_wide.tsv (v1); pipeline_reads_extract_besthit.tsv; irgsp_dedup_bam_reads.tsv,reported_in_cam_metadata,"sample_meta_data_20250922.tsv: field_sample_id@field_sample, latitude, longitude",Exact coordinate reported for Angkor core CAM23-11; independently reproduced in angkor_final_metadata.tsv
LV7008960326,angkor,LV7008960326,LV7008416381,ss,LV3006009104,CAM23-11,29,1895 CE (model year),1895,1895,1895,,CE,"Northern Temple Moat, Angkor Wat","Northern Temple Moat, Angkor Wat; Cambodia",13.412944,103.864806,Qualified; historical collapsed available; extract count available,,,,,,,,,140,44,42,42,,,,,,,,,,,,,,,,,,,,,现有路线计数填入 extract,,,,,,,,sample_reads_wide.tsv (v1); pipeline_reads_extract_besthit.tsv; irgsp_dedup_bam_reads.tsv,reported_in_cam_metadata,"sample_meta_data_20250922.tsv: field_sample_id@field_sample, latitude, longitude",Exact coordinate reported for Angkor core CAM23-11; independently reproduced in angkor_final_metadata.tsv
LV7008960345,angkor,LV7008960345,LV7008416280,ss,LV3006006421,CAM23-13,53.5,1265 CE (model year),1265,1265,1265,,CE,"Northern Temple Moat, Angkor Wat","Northern Temple Moat, Angkor Wat; Cambodia",13.413,103.864639,Qualified; historical collapsed available; extract count available,capture input registered; extract count available,capture input registered; extract count available,,,,,,,171,86,81,79,,12227,,,,,,,,,,9221,,,,,,,,,现有路线计数填入 extract；capture 重名输出未定 canonical：主计数字段留空，候选值见审计列,,unresolved: two non-identical outputs; not summed,besthit=1224; mapped=38; dedup=34,besthit=1213; mapped=38; dedup=34,unresolved: two non-identical outputs; not summed,besthit=769; mapped=170; dedup=156,besthit=772; mapped=170; dedup=156,sample_reads_wide.tsv (v1); pipeline_reads_extract_besthit.tsv; irgsp_dedup_bam_reads.tsv; capture_duplicate_pairs_fullpath.tsv,reported_in_cam_metadata,"sample_meta_data_20250922.tsv: field_sample_id@field_sample, latitude, longitude",Exact coordinate reported for Angkor core CAM23-13; independently reproduced in angkor_final_metadata.tsv
LV7008960346,angkor,LV7008960346,LV6000200417,ss,LV3006007212,CAM23-11,73.5,1603 CE (model year),1603,1603,1603,,CE,"Northern Temple Moat, Angkor Wat","Northern Temple Moat, Angkor Wat; Cambodia",13.412944,103.864806,Qualified; historical collapsed available; extract count available,,,,,,,,,93,32,30,30,,,,,,,,,,,,,,,,,,,,,现有路线计数填入 extract,,,,,,,,sample_reads_wide.tsv (v1); pipeline_reads_extract_besthit.tsv; irgsp_dedup_bam_reads.tsv,reported_in_cam_metadata,"sample_meta_data_20250922.tsv: field_sample_id@field_sample, latitude, longitude",Exact coordinate reported for Angkor core CAM23-11; independently reproduced in angkor_final_metadata.tsv
LV7008960360,angkor,LV7008960360,LV7008416321,ss,LV3006007178,CAM23-11,84,1548 CE (model year),1548,1548,1548,,CE,"Northern Temple Moat, Angkor Wat","Northern Temple Moat, Angkor Wat; Cambodia",13.412944,103.864806,Qualified; historical collapsed available; extract count available,,,,,,,,,330,166,156,156,,,,,,,,,,,,,,,,,,,,,现有路线计数填入 extract,,,,,,,,sample_reads_wide.tsv (v1); pipeline_reads_extract_besthit.tsv; irgsp_dedup_bam_reads.tsv,reported_in_cam_metadata,"sample_meta_data_20250922.tsv: field_sample_id@field_sample, latitude, longitude",Exact coordinate reported for Angkor core CAM23-11; independently reproduced in angkor_final_metadata.tsv
LV7008960369,angkor,LV7008960369,LV7008416315,ss,LV3006007293,CAM23-13,37,1353 CE (model year),1353,1353,1353,,CE,"Northern Temple Moat, Angkor Wat","Northern Temple Moat, Angkor Wat; Cambodia",13.413,103.864639,Qualified; historical collapsed available; extract count available,,,,,,,,,112,43,41,41,,,,,,,,,,,,,,,,,,,,,现有路线计数填入 extract,,,,,,,,sample_reads_wide.tsv (v1); pipeline_reads_extract_besthit.tsv; irgsp_dedup_bam_reads.tsv,reported_in_cam_metadata,"sample_meta_data_20250922.tsv: field_sample_id@field_sample, latitude, longitude",Exact coordinate reported for Angkor core CAM23-13; independently reproduced in angkor_final_metadata.tsv
LV7008960407,angkor,LV7008960407,LV7008416335,ss,LV3006007322,CAM23-13,4,1467 CE (model year),1467,1467,1467,,CE,"Northern Temple Moat, Angkor Wat","Northern Temple Moat, Angkor Wat; Cambodia",13.413,103.864639,Qualified; historical collapsed available; extract count available,,,,,,,,,155,90,86,85,,,,,,,,,,,,,,,,,,,,,现有路线计数填入 extract,,,,,,,,sample_reads_wide.tsv (v1); pipeline_reads_extract_besthit.tsv; irgsp_dedup_bam_reads.tsv,reported_in_cam_metadata,"sample_meta_data_20250922.tsv: field_sample_id@field_sample, latitude, longitude",Exact coordinate reported for Angkor core CAM23-13; independently reproduced in angkor_final_metadata.tsv
LV7008960410,angkor,LV7008960410,LV7008416332,ss,LV3006007301,CAM23-13,23,1412 CE (model year),1412,1412,1412,,CE,"Northern Temple Moat, Angkor Wat","Northern Temple Moat, Angkor Wat; Cambodia",13.413,103.864639,Qualified; historical collapsed available; extract count available,,,,,,,,,175,101,92,92,,,,,,,,,,,,,,,,,,,,,现有路线计数填入 extract,,,,,,,,sample_reads_wide.tsv (v1); pipeline_reads_extract_besthit.tsv; irgsp_dedup_bam_reads.tsv,reported_in_cam_metadata,"sample_meta_data_20250922.tsv: field_sample_id@field_sample, latitude, longitude",Exact coordinate reported for Angkor core CAM23-13; independently reproduced in angkor_final_metadata.tsv
LV7008960420,angkor,LV7008960420,LV7008416296,ss,LV3006006412,CAM23-13,47,1305 CE (model year),1305,1305,1305,,CE,"Northern Temple Moat, Angkor Wat","Northern Temple Moat, Angkor Wat; Cambodia",13.413,103.864639,Qualified; historical collapsed available; extract count available,,,,,,,,,119,18,18,18,,,,,,,,,,,,,,,,,,,,,现有路线计数填入 extract,,,,,,,,sample_reads_wide.tsv (v1); pipeline_reads_extract_besthit.tsv; irgsp_dedup_bam_reads.tsv,reported_in_cam_metadata,"sample_meta_data_20250922.tsv: field_sample_id@field_sample, latitude, longitude",Exact coordinate reported for Angkor core CAM23-13; independently reproduced in angkor_final_metadata.tsv
LV7008960422,angkor,LV7008960422,LV7008416394,ss,LV3006007216,CAM23-11,58,1682 CE (model year),1682,1682,1682,,CE,"Northern Temple Moat, Angkor Wat","Northern Temple Moat, Angkor Wat; Cambodia",13.412944,103.864806,Qualified; historical collapsed available; extract count available,,,,,,,,,245,104,98,98,,,,,,,,,,,,,,,,,,,,,现有路线计数填入 extract,,,,,,,,sample_reads_wide.tsv (v1); pipeline_reads_extract_besthit.tsv; irgsp_dedup_bam_reads.tsv,reported_in_cam_metadata,"sample_meta_data_20250922.tsv: field_sample_id@field_sample, latitude, longitude",Exact coordinate reported for Angkor core CAM23-11; independently reproduced in angkor_final_metadata.tsv
LV7008960430,angkor,LV7008960430,LV7008416385,ss,LV3006007217,CAM23-11,69,1628 CE (model year),1628,1628,1628,,CE,"Northern Temple Moat, Angkor Wat","Northern Temple Moat, Angkor Wat; Cambodia",13.412944,103.864806,Qualified; historical collapsed available; extract count available,capture input registered; extract count available,capture input registered; extract count available,,,,,,,155,75,70,69,,118,7,1,1,,,,,,,547,43,12,12,,,,,,现有路线计数填入 extract,,,,,,,,sample_reads_wide.tsv (v1); pipeline_reads_extract_besthit.tsv; irgsp_dedup_bam_reads.tsv,reported_in_cam_metadata,"sample_meta_data_20250922.tsv: field_sample_id@field_sample, latitude, longitude",Exact coordinate reported for Angkor core CAM23-11; independently reproduced in angkor_final_metadata.tsv
LV7008960898,angkor,LV7008960898,LV7008416285,ss,LV3006006404,CAM23-13,75.5,1055 CE (model year),1055,1055,1055,,CE,"Northern Temple Moat, Angkor Wat","Northern Temple Moat, Angkor Wat; Cambodia",13.413,103.864639,Unqualified; historical collapsed available; extract count available,,,,,,,,,0,,,,,,,,,,,,,,,,,,,,,,,,现有路线计数填入 extract,,,,,,,,sample_reads_wide.tsv (v1),reported_in_cam_metadata,"sample_meta_data_20250922.tsv: field_sample_id@field_sample, latitude, longitude",Exact coordinate reported for Angkor core CAM23-13; independently reproduced in angkor_final_metadata.tsv
LV7008960910,angkor,LV7008960910,LV7008416380,ss,LV3006007196,CAM23-11,40,1801 CE (model year),1801,1801,1801,,CE,"Northern Temple Moat, Angkor Wat","Northern Temple Moat, Angkor Wat; Cambodia",13.412944,103.864806,Qualified; historical collapsed available; extract count available,,,,,,,,,283,100,92,91,,,,,,,,,,,,,,,,,,,,,现有路线计数填入 extract,,,,,,,,sample_reads_wide.tsv (v1); pipeline_reads_extract_besthit.tsv; irgsp_dedup_bam_reads.tsv,reported_in_cam_metadata,"sample_meta_data_20250922.tsv: field_sample_id@field_sample, latitude, longitude",Exact coordinate reported for Angkor core CAM23-11; independently reproduced in angkor_final_metadata.tsv
LV7008960937,angkor,LV7008960937,LV7008416270,ss,LV3006006403,CAM23-13,69,1136 CE (model year),1136,1136,1136,,CE,"Northern Temple Moat, Angkor Wat","Northern Temple Moat, Angkor Wat; Cambodia",13.413,103.864639,Qualified; historical collapsed available; extract count available,,,,,,,,,44,9,9,9,,,,,,,,,,,,,,,,,,,,,现有路线计数填入 extract,,,,,,,,sample_reads_wide.tsv (v1); pipeline_reads_extract_besthit.tsv; irgsp_dedup_bam_reads.tsv,reported_in_cam_metadata,"sample_meta_data_20250922.tsv: field_sample_id@field_sample, latitude, longitude",Exact coordinate reported for Angkor core CAM23-13; independently reproduced in angkor_final_metadata.tsv
LV7008961125,angkor,LV7008961125,LV7008416288,ss,LV3006006406,CAM23-13,48.5,1295 CE (model year),1295,1295,1295,,CE,"Northern Temple Moat, Angkor Wat","Northern Temple Moat, Angkor Wat; Cambodia",13.413,103.864639,Qualified; historical collapsed available; extract count available,capture input registered; extract count available,capture input registered; extract count available,,,,,,,99,27,24,24,,41,2,1,1,,,,,,,2072,115,40,36,,,,,,现有路线计数填入 extract,,,,,,,,sample_reads_wide.tsv (v1); pipeline_reads_extract_besthit.tsv; irgsp_dedup_bam_reads.tsv,reported_in_cam_metadata,"sample_meta_data_20250922.tsv: field_sample_id@field_sample, latitude, longitude",Exact coordinate reported for Angkor core CAM23-13; independently reproduced in angkor_final_metadata.tsv
LV7008961126,angkor,LV7008961126,LV7008416269,ss,LV3006006398,CAM23-13,80.5,998 CE (model year),998,998,998,,CE,"Northern Temple Moat, Angkor Wat","Northern Temple Moat, Angkor Wat; Cambodia",13.413,103.864639,Unqualified; historical collapsed available; extract count available,,,,,,,,,0,,,,,,,,,,,,,,,,,,,,,,,,现有路线计数填入 extract,,,,,,,,sample_reads_wide.tsv (v1),reported_in_cam_metadata,"sample_meta_data_20250922.tsv: field_sample_id@field_sample, latitude, longitude",Exact coordinate reported for Angkor core CAM23-13; independently reproduced in angkor_final_metadata.tsv
LV7008961151,angkor,LV7008961151,LV7008416379,ss,LV3006007198,CAM23-11,53,1709 CE (model year),1709,1709,1709,,CE,"Northern Temple Moat, Angkor Wat","Northern Temple Moat, Angkor Wat; Cambodia",13.412944,103.864806,Qualified; historical collapsed available; extract count available,capture input registered; extract count available,capture input registered; extract count available,,,,,,,4240,1944,1829,1810,,4176,,,,,,,,,,28812,,,,,,,,,现有路线计数填入 extract；capture 重名输出未定 canonical：主计数字段留空，候选值见审计列,,unresolved: two non-identical outputs; not summed,besthit=643; mapped=221; dedup=16,besthit=633; mapped=219; dedup=15,unresolved: two non-identical outputs; not summed,besthit=5273; mapped=1299; dedup=486,besthit=5274; mapped=1294; dedup=488,sample_reads_wide.tsv (v1); pipeline_reads_extract_besthit.tsv; irgsp_dedup_bam_reads.tsv; capture_duplicate_pairs_fullpath.tsv,reported_in_cam_metadata,"sample_meta_data_20250922.tsv: field_sample_id@field_sample, latitude, longitude",Exact coordinate reported for Angkor core CAM23-11; independently reproduced in angkor_final_metadata.tsv
LV7008961177,angkor,LV7008961177,LV7008416301,ss,LV3006006409,CAM23-13,67.5,1155 CE (model year),1155,1155,1155,,CE,"Northern Temple Moat, Angkor Wat","Northern Temple Moat, Angkor Wat; Cambodia",13.413,103.864639,Qualified; historical collapsed available; extract count available,,,,,,,,,5,1,1,1,,,,,,,,,,,,,,,,,,,,,现有路线计数填入 extract,,,,,,,,sample_reads_wide.tsv (v1); pipeline_reads_extract_besthit.tsv; irgsp_dedup_bam_reads.tsv,reported_in_cam_metadata,"sample_meta_data_20250922.tsv: field_sample_id@field_sample, latitude, longitude",Exact coordinate reported for Angkor core CAM23-13; independently reproduced in angkor_final_metadata.tsv
LV7008961180,angkor,LV7008961180,LV7008416397,ss,LV3006006725,CAM23-11,30.5,1884 CE (model year),1884,1884,1884,,CE,"Northern Temple Moat, Angkor Wat","Northern Temple Moat, Angkor Wat; Cambodia",13.412944,103.864806,Qualified; historical collapsed available; extract count available,,,,,,,,,341,144,134,131,,,,,,,,,,,,,,,,,,,,,现有路线计数填入 extract,,,,,,,,sample_reads_wide.tsv (v1); pipeline_reads_extract_besthit.tsv; irgsp_dedup_bam_reads.tsv,reported_in_cam_metadata,"sample_meta_data_20250922.tsv: field_sample_id@field_sample, latitude, longitude",Exact coordinate reported for Angkor core CAM23-11; independently reproduced in angkor_final_metadata.tsv
LV7008961181,angkor,LV7008961181,LV7008416272,ss,LV3006006419,CAM23-13,45.5,1314 CE (model year),1314,1314,1314,,CE,"Northern Temple Moat, Angkor Wat","Northern Temple Moat, Angkor Wat; Cambodia",13.413,103.864639,Qualified; historical collapsed available; extract count available,capture input registered; extract count available,capture input registered; extract count available,,,,,,,92,23,22,20,,5768,,,,,,,,,,15250,,,,,,,,,现有路线计数填入 extract；capture 重名输出未定 canonical：主计数字段留空，候选值见审计列,,unresolved: two non-identical outputs; not summed,besthit=477; mapped=34; dedup=29,besthit=479; mapped=34; dedup=29,unresolved: two non-identical outputs; not summed,besthit=1342; mapped=294; dedup=251,besthit=1345; mapped=289; dedup=246,sample_reads_wide.tsv (v1); pipeline_reads_extract_besthit.tsv; irgsp_dedup_bam_reads.tsv; capture_duplicate_pairs_fullpath.tsv,reported_in_cam_metadata,"sample_meta_data_20250922.tsv: field_sample_id@field_sample, latitude, longitude",Exact coordinate reported for Angkor core CAM23-13; independently reproduced in angkor_final_metadata.tsv
LV7008961183,angkor,LV7008961183,LV7008416286,ss,LV3006006415,CAM23-13,66,1174 CE (model year),1174,1174,1174,,CE,"Northern Temple Moat, Angkor Wat","Northern Temple Moat, Angkor Wat; Cambodia",13.413,103.864639,Qualified; historical collapsed available; extract count available,,,,,,,,,70,8,8,6,,,,,,,,,,,,,,,,,,,,,现有路线计数填入 extract,,,,,,,,sample_reads_wide.tsv (v1); pipeline_reads_extract_besthit.tsv; irgsp_dedup_bam_reads.tsv,reported_in_cam_metadata,"sample_meta_data_20250922.tsv: field_sample_id@field_sample, latitude, longitude",Exact coordinate reported for Angkor core CAM23-13; independently reproduced in angkor_final_metadata.tsv
LV7009021824,angkor,LV7009021824,LV7008416357,ss,LV3006007297,CAM23-13,13,1442 CE (model year),1442,1442,1442,,CE,"Northern Temple Moat, Angkor Wat","Northern Temple Moat, Angkor Wat; Cambodia",13.413,103.864639,Qualified; historical collapsed available; extract count available,,,,,,,,,224,134,123,122,,,,,,,,,,,,,,,,,,,,,现有路线计数填入 extract,,,,,,,,sample_reads_wide.tsv (v1); pipeline_reads_extract_besthit.tsv; irgsp_dedup_bam_reads.tsv,reported_in_cam_metadata,"sample_meta_data_20250922.tsv: field_sample_id@field_sample, latitude, longitude",Exact coordinate reported for Angkor core CAM23-13; independently reproduced in angkor_final_metadata.tsv
LV7009021866,angkor,LV7009021866,LV7008416341,ss,LV3006007302,CAM23-13,17.5,1430 CE (model year),1430,1430,1430,,CE,"Northern Temple Moat, Angkor Wat","Northern Temple Moat, Angkor Wat; Cambodia",13.413,103.864639,Qualified; historical collapsed available; extract count available,capture input registered; extract count available,capture input registered; extract count available,,,,,,,115,49,46,46,,871,96,16,12,,,,,,,4008,348,111,87,,,,,,现有路线计数填入 extract,,,,,,,,sample_reads_wide.tsv (v1); pipeline_reads_extract_besthit.tsv; irgsp_dedup_bam_reads.tsv,reported_in_cam_metadata,"sample_meta_data_20250922.tsv: field_sample_id@field_sample, latitude, longitude",Exact coordinate reported for Angkor core CAM23-13; independently reproduced in angkor_final_metadata.tsv
LV7009022337,angkor,LV7009022337,LV7008416365,ss,LV3006007224,CAM23-11,12.5,2008 CE (model year),2008,2008,2008,,CE,"Northern Temple Moat, Angkor Wat","Northern Temple Moat, Angkor Wat; Cambodia",13.412944,103.864806,Qualified; historical collapsed available; extract count available,,,,,,,,,333,63,52,52,,,,,,,,,,,,,,,,,,,,,现有路线计数填入 extract,,,,,,,,sample_reads_wide.tsv (v1); pipeline_reads_extract_besthit.tsv; irgsp_dedup_bam_reads.tsv,reported_in_cam_metadata,"sample_meta_data_20250922.tsv: field_sample_id@field_sample, latitude, longitude",Exact coordinate reported for Angkor core CAM23-11; independently reproduced in angkor_final_metadata.tsv
LV7009022354,angkor,LV7009022354,LV7008416387,ss,LV3006007197,CAM23-11,47,1748 CE (model year),1748,1748,1748,,CE,"Northern Temple Moat, Angkor Wat","Northern Temple Moat, Angkor Wat; Cambodia",13.412944,103.864806,Qualified; historical collapsed available; extract count available,,,,,,,,,288,113,105,104,,,,,,,,,,,,,,,,,,,,,现有路线计数填入 extract,,,,,,,,sample_reads_wide.tsv (v1); pipeline_reads_extract_besthit.tsv; irgsp_dedup_bam_reads.tsv,reported_in_cam_metadata,"sample_meta_data_20250922.tsv: field_sample_id@field_sample, latitude, longitude",Exact coordinate reported for Angkor core CAM23-11; independently reproduced in angkor_final_metadata.tsv
LV7009022356,angkor,LV7009022356,LV7008416359,ss,LV3006007180,CAM23-11,97,1493 CE (model year),1493,1493,1493,,CE,"Northern Temple Moat, Angkor Wat","Northern Temple Moat, Angkor Wat; Cambodia",13.412944,103.864806,Qualified; historical collapsed available; extract count available,,,,,,,,,278,223,212,212,,,,,,,,,,,,,,,,,,,,,现有路线计数填入 extract,,,,,,,,sample_reads_wide.tsv (v1); pipeline_reads_extract_besthit.tsv; irgsp_dedup_bam_reads.tsv,reported_in_cam_metadata,"sample_meta_data_20250922.tsv: field_sample_id@field_sample, latitude, longitude",Exact coordinate reported for Angkor core CAM23-11; independently reproduced in angkor_final_metadata.tsv
LV7009022379,angkor,LV7009022379,LV7008416368,ss,LV3006007225,CAM23-11,0.5,2021 CE (model year),2021,2021,2021,,CE,"Northern Temple Moat, Angkor Wat","Northern Temple Moat, Angkor Wat; Cambodia",13.412944,103.864806,Qualified; historical collapsed available; extract count available,capture input registered; extract count available,capture input registered; extract count available,,,,,,,553,175,155,154,,9223,1261,92,85,,,,,,,8906,804,135,127,,,,,,现有路线计数填入 extract,,,,,,,,sample_reads_wide.tsv (v1); pipeline_reads_extract_besthit.tsv; irgsp_dedup_bam_reads.tsv,reported_in_cam_metadata,"sample_meta_data_20250922.tsv: field_sample_id@field_sample, latitude, longitude",Exact coordinate reported for Angkor core CAM23-11; independently reproduced in angkor_final_metadata.tsv
LV7009022397,angkor,LV7009022397,LV7008416344,ss,LV3006007173,CAM23-11,89,1528 CE (model year),1528,1528,1528,,CE,"Northern Temple Moat, Angkor Wat","Northern Temple Moat, Angkor Wat; Cambodia",13.412944,103.864806,Qualified; historical collapsed available; extract count available,,,,,,,,,159,98,91,91,,,,,,,,,,,,,,,,,,,,,现有路线计数填入 extract,,,,,,,,sample_reads_wide.tsv (v1); pipeline_reads_extract_besthit.tsv; irgsp_dedup_bam_reads.tsv,reported_in_cam_metadata,"sample_meta_data_20250922.tsv: field_sample_id@field_sample, latitude, longitude",Exact coordinate reported for Angkor core CAM23-11; independently reproduced in angkor_final_metadata.tsv
LV7009022408,angkor,LV7009022408,LV7008416345,ss,LV3006007171,CAM23-11,76.5,1586 CE (model year),1586,1586,1586,,CE,"Northern Temple Moat, Angkor Wat","Northern Temple Moat, Angkor Wat; Cambodia",13.412944,103.864806,Qualified; historical collapsed available; extract count available,,,,,,,,,268,90,83,83,,,,,,,,,,,,,,,,,,,,,现有路线计数填入 extract,,,,,,,,sample_reads_wide.tsv (v1); pipeline_reads_extract_besthit.tsv; irgsp_dedup_bam_reads.tsv,reported_in_cam_metadata,"sample_meta_data_20250922.tsv: field_sample_id@field_sample, latitude, longitude",Exact coordinate reported for Angkor core CAM23-11; independently reproduced in angkor_final_metadata.tsv
LV7009022430,angkor,LV7009022430,LV7008416375,ss,LV3006007230,CAM23-11,8,2015 CE (model year),2015,2015,2015,,CE,"Northern Temple Moat, Angkor Wat","Northern Temple Moat, Angkor Wat; Cambodia",13.412944,103.864806,Qualified; historical collapsed available; extract count available,,,,,,,,,549,136,124,123,,,,,,,,,,,,,,,,,,,,,现有路线计数填入 extract,,,,,,,,sample_reads_wide.tsv (v1); pipeline_reads_extract_besthit.tsv; irgsp_dedup_bam_reads.tsv,reported_in_cam_metadata,"sample_meta_data_20250922.tsv: field_sample_id@field_sample, latitude, longitude",Exact coordinate reported for Angkor core CAM23-11; independently reproduced in angkor_final_metadata.tsv
LV7009022696,angkor,LV7009022696,LV7008416362,ss,LV3006007209,CAM23-11,50,1727 CE (model year),1727,1727,1727,,CE,"Northern Temple Moat, Angkor Wat","Northern Temple Moat, Angkor Wat; Cambodia",13.412944,103.864806,Qualified; historical collapsed available; extract count available,,,,,,,,,278,129,122,122,,,,,,,,,,,,,,,,,,,,,现有路线计数填入 extract,,,,,,,,sample_reads_wide.tsv (v1); pipeline_reads_extract_besthit.tsv; irgsp_dedup_bam_reads.tsv,reported_in_cam_metadata,"sample_meta_data_20250922.tsv: field_sample_id@field_sample, latitude, longitude",Exact coordinate reported for Angkor core CAM23-11; independently reproduced in angkor_final_metadata.tsv
LV7009022707,angkor,LV7009022707,LV7008416349,ss,LV3006007308,CAM23-13,16,1434 CE (model year),1434,1434,1434,,CE,"Northern Temple Moat, Angkor Wat","Northern Temple Moat, Angkor Wat; Cambodia",13.413,103.864639,Qualified; historical collapsed available; extract count available,capture input registered; extract count available,capture input registered; extract count available,,,,,,,265,136,124,124,,13148,,,,,,,,,,13257,,,,,,,,,现有路线计数填入 extract；capture 重名输出未定 canonical：主计数字段留空，候选值见审计列,,unresolved: two non-identical outputs; not summed,besthit=2226; mapped=889; dedup=62,besthit=2236; mapped=889; dedup=62,unresolved: two non-identical outputs; not summed,besthit=1694; mapped=448; dedup=234,besthit=1701; mapped=446; dedup=232,sample_reads_wide.tsv (v1); pipeline_reads_extract_besthit.tsv; irgsp_dedup_bam_reads.tsv; capture_duplicate_pairs_fullpath.tsv,reported_in_cam_metadata,"sample_meta_data_20250922.tsv: field_sample_id@field_sample, latitude, longitude",Exact coordinate reported for Angkor core CAM23-13; independently reproduced in angkor_final_metadata.tsv
LV7009022713,angkor,LV7009022713,LV7008416372,ss,LV3006007208,CAM23-11,43.5,1774 CE (model year),1774,1774,1774,,CE,"Northern Temple Moat, Angkor Wat","Northern Temple Moat, Angkor Wat; Cambodia",13.412944,103.864806,Qualified; historical collapsed available; extract count available,capture input registered; extract count available,capture input registered; extract count available,,,,,,,173,76,72,71,,80,2,0,0,,,,,,,4680,352,84,76,,,,,,现有路线计数填入 extract,,,,,,,,sample_reads_wide.tsv (v1); pipeline_reads_extract_besthit.tsv; irgsp_dedup_bam_reads.tsv,reported_in_cam_metadata,"sample_meta_data_20250922.tsv: field_sample_id@field_sample, latitude, longitude",Exact coordinate reported for Angkor core CAM23-11; independently reproduced in angkor_final_metadata.tsv
LV7009022733,angkor,LV7009022733,LV7008416311,ss,LV3006006422,CAM23-13,52,1274 CE (model year),1274,1274,1274,,CE,"Northern Temple Moat, Angkor Wat","Northern Temple Moat, Angkor Wat; Cambodia",13.413,103.864639,Qualified; historical collapsed available; extract count available,,,,,,,,,112,56,46,46,,,,,,,,,,,,,,,,,,,,,现有路线计数填入 extract,,,,,,,,sample_reads_wide.tsv (v1); pipeline_reads_extract_besthit.tsv; irgsp_dedup_bam_reads.tsv,reported_in_cam_metadata,"sample_meta_data_20250922.tsv: field_sample_id@field_sample, latitude, longitude",Exact coordinate reported for Angkor core CAM23-13; independently reproduced in angkor_final_metadata.tsv
LV7009022736,angkor,LV7009022736,LV7008416389,ss,LV3006007233,CAM23-11,27,1909 CE (model year),1909,1909,1909,,CE,"Northern Temple Moat, Angkor Wat","Northern Temple Moat, Angkor Wat; Cambodia",13.412944,103.864806,Qualified; historical collapsed available; extract count available,,,,,,,,,233,79,74,72,,,,,,,,,,,,,,,,,,,,,现有路线计数填入 extract,,,,,,,,sample_reads_wide.tsv (v1); pipeline_reads_extract_besthit.tsv; irgsp_dedup_bam_reads.tsv,reported_in_cam_metadata,"sample_meta_data_20250922.tsv: field_sample_id@field_sample, latitude, longitude",Exact coordinate reported for Angkor core CAM23-11; independently reproduced in angkor_final_metadata.tsv
LV7009022746,angkor,LV7009022746,LV7008416384,ss,LV3006007220,CAM23-11,3.5,2019 CE (model year),2019,2019,2019,,CE,"Northern Temple Moat, Angkor Wat","Northern Temple Moat, Angkor Wat; Cambodia",13.412944,103.864806,Qualified; historical collapsed available; extract count available,,,,,,,,,525,142,129,126,,,,,,,,,,,,,,,,,,,,,现有路线计数填入 extract,,,,,,,,sample_reads_wide.tsv (v1); pipeline_reads_extract_besthit.tsv; irgsp_dedup_bam_reads.tsv,reported_in_cam_metadata,"sample_meta_data_20250922.tsv: field_sample_id@field_sample, latitude, longitude",Exact coordinate reported for Angkor core CAM23-11; independently reproduced in angkor_final_metadata.tsv
LV7009022754,angkor,LV7009022754,LV7008416279,ss,LV3006006408,CAM23-13,61.5,1218 CE (model year),1218,1218,1218,,CE,"Northern Temple Moat, Angkor Wat","Northern Temple Moat, Angkor Wat; Cambodia",13.413,103.864639,Qualified; historical collapsed available; extract count available,capture input registered; extract count available,capture input registered; extract count available,,,,,,,44,9,8,8,,487,34,2,2,,,,,,,1328,89,25,21,,,,,,现有路线计数填入 extract,,,,,,,,sample_reads_wide.tsv (v1); pipeline_reads_extract_besthit.tsv; irgsp_dedup_bam_reads.tsv,reported_in_cam_metadata,"sample_meta_data_20250922.tsv: field_sample_id@field_sample, latitude, longitude",Exact coordinate reported for Angkor core CAM23-13; independently reproduced in angkor_final_metadata.tsv
LV7009023730,angkor,LV7009023730,LV7008416316,ss,LV3006007305,CAM23-13,33.5,1366 CE (model year),1366,1366,1366,,CE,"Northern Temple Moat, Angkor Wat","Northern Temple Moat, Angkor Wat; Cambodia",13.413,103.864639,Qualified; historical collapsed available; extract count available,,,,,,,,,57,18,16,16,,,,,,,,,,,,,,,,,,,,,现有路线计数填入 extract,,,,,,,,sample_reads_wide.tsv (v1); pipeline_reads_extract_besthit.tsv; irgsp_dedup_bam_reads.tsv,reported_in_cam_metadata,"sample_meta_data_20250922.tsv: field_sample_id@field_sample, latitude, longitude",Exact coordinate reported for Angkor core CAM23-13; independently reproduced in angkor_final_metadata.tsv
LV7009023755,angkor,LV7009023755,LV7008416317,ss,LV3006007303,CAM23-13,11.5,1447 CE (model year),1447,1447,1447,,CE,"Northern Temple Moat, Angkor Wat","Northern Temple Moat, Angkor Wat; Cambodia",13.413,103.864639,Qualified; historical collapsed available; extract count available,,,,,,,,,192,90,85,83,,,,,,,,,,,,,,,,,,,,,现有路线计数填入 extract,,,,,,,,sample_reads_wide.tsv (v1); pipeline_reads_extract_besthit.tsv; irgsp_dedup_bam_reads.tsv,reported_in_cam_metadata,"sample_meta_data_20250922.tsv: field_sample_id@field_sample, latitude, longitude",Exact coordinate reported for Angkor core CAM23-13; independently reproduced in angkor_final_metadata.tsv
LV7009024089,angkor,LV7009024089,LV7008416407,ss,LV3006007231,CAM23-11,17.5,1981 CE (model year),1981,1981,1981,,CE,"Northern Temple Moat, Angkor Wat","Northern Temple Moat, Angkor Wat; Cambodia",13.412944,103.864806,Qualified; historical collapsed available; extract count available,capture input registered; extract count available,capture input registered; extract count available,,,,,,,907,319,303,301,,8912,,,,,,,,,,28784,,,,,,,,,现有路线计数填入 extract；capture 重名输出未定 canonical：主计数字段留空，候选值见审计列,,unresolved: two non-identical outputs; not summed,besthit=991; mapped=117; dedup=72,besthit=992; mapped=117; dedup=72,unresolved: two non-identical outputs; not summed,besthit=2956; mapped=636; dedup=493,besthit=2957; mapped=633; dedup=490,sample_reads_wide.tsv (v1); pipeline_reads_extract_besthit.tsv; irgsp_dedup_bam_reads.tsv; capture_duplicate_pairs_fullpath.tsv,reported_in_cam_metadata,"sample_meta_data_20250922.tsv: field_sample_id@field_sample, latitude, longitude",Exact coordinate reported for Angkor core CAM23-11; independently reproduced in angkor_final_metadata.tsv
LV7009024091,angkor,LV7009024091,LV7008416396,ss,LV3006007201,CAM23-11,35,1843 CE (model year),1843,1843,1843,,CE,"Northern Temple Moat, Angkor Wat","Northern Temple Moat, Angkor Wat; Cambodia",13.412944,103.864806,Qualified; historical collapsed available; extract count available,,,,,,,,,217,77,69,69,,,,,,,,,,,,,,,,,,,,,现有路线计数填入 extract,,,,,,,,sample_reads_wide.tsv (v1); pipeline_reads_extract_besthit.tsv; irgsp_dedup_bam_reads.tsv,reported_in_cam_metadata,"sample_meta_data_20250922.tsv: field_sample_id@field_sample, latitude, longitude",Exact coordinate reported for Angkor core CAM23-11; independently reproduced in angkor_final_metadata.tsv
LV7009024105,angkor,LV7009024105,LV7008416390,ss,LV3006009966,CAM23-11,24,1930 CE (model year),1930,1930,1930,,CE,"Northern Temple Moat, Angkor Wat","Northern Temple Moat, Angkor Wat; Cambodia",13.412944,103.864806,Qualified; historical collapsed available; extract count available,,,,,,,,,285,98,92,92,,,,,,,,,,,,,,,,,,,,,现有路线计数填入 extract,,,,,,,,sample_reads_wide.tsv (v1); pipeline_reads_extract_besthit.tsv; irgsp_dedup_bam_reads.tsv,reported_in_cam_metadata,"sample_meta_data_20250922.tsv: field_sample_id@field_sample, latitude, longitude",Exact coordinate reported for Angkor core CAM23-11; independently reproduced in angkor_final_metadata.tsv
LV7009024246,angkor,LV7009024246,LV7008416322,ss,LV3006007304,CAM23-13,2.5,1471 CE (model year),1471,1471,1471,,CE,"Northern Temple Moat, Angkor Wat","Northern Temple Moat, Angkor Wat; Cambodia",13.413,103.864639,Qualified; historical collapsed available; extract count available,,,,,,,,,277,186,178,177,,,,,,,,,,,,,,,,,,,,,现有路线计数填入 extract,,,,,,,,sample_reads_wide.tsv (v1); pipeline_reads_extract_besthit.tsv; irgsp_dedup_bam_reads.tsv,reported_in_cam_metadata,"sample_meta_data_20250922.tsv: field_sample_id@field_sample, latitude, longitude",Exact coordinate reported for Angkor core CAM23-13; independently reproduced in angkor_final_metadata.tsv
LV7009024325,angkor,LV7009024325,LV7008416313,ss,LV3006007184,CAM23-11,86,1540 CE (model year),1540,1540,1540,,CE,"Northern Temple Moat, Angkor Wat","Northern Temple Moat, Angkor Wat; Cambodia",13.412944,103.864806,Qualified; historical collapsed available; extract count available,,,,,,,,,133,61,57,56,,,,,,,,,,,,,,,,,,,,,现有路线计数填入 extract,,,,,,,,sample_reads_wide.tsv (v1); pipeline_reads_extract_besthit.tsv; irgsp_dedup_bam_reads.tsv,reported_in_cam_metadata,"sample_meta_data_20250922.tsv: field_sample_id@field_sample, latitude, longitude",Exact coordinate reported for Angkor core CAM23-11; independently reproduced in angkor_final_metadata.tsv
LV7009024391,angkor,LV7009024391,LV7008416404,ss,LV3006007195,CAM23-11,33.5,1856 CE (model year),1856,1856,1856,,CE,"Northern Temple Moat, Angkor Wat","Northern Temple Moat, Angkor Wat; Cambodia",13.412944,103.864806,Qualified; historical collapsed available; extract count available,capture input registered; extract count available,capture input registered; extract count available,,,,,,,146,50,50,50,,1382,198,10,10,,,,,,,8025,578,158,133,,,,,,现有路线计数填入 extract,,,,,,,,sample_reads_wide.tsv (v1); pipeline_reads_extract_besthit.tsv; irgsp_dedup_bam_reads.tsv,reported_in_cam_metadata,"sample_meta_data_20250922.tsv: field_sample_id@field_sample, latitude, longitude",Exact coordinate reported for Angkor core CAM23-11; independently reproduced in angkor_final_metadata.tsv
LV7009024536,angkor,LV7009024536,LV7008416339,ss,LV3006007306,CAM23-13,27.5,1392 CE (model year),1392,1392,1392,,CE,"Northern Temple Moat, Angkor Wat","Northern Temple Moat, Angkor Wat; Cambodia",13.413,103.864639,Qualified; historical collapsed available; extract count available,capture input registered; extract count available,capture input registered; extract count available,,,,,,,211,105,96,96,,8556,,,,,,,,,,14195,,,,,,,,,现有路线计数填入 extract；capture 重名输出未定 canonical：主计数字段留空，候选值见审计列,,unresolved: two non-identical outputs; not summed,besthit=747; mapped=226; dedup=24,besthit=752; mapped=226; dedup=24,unresolved: two non-identical outputs; not summed,besthit=1255; mapped=346; dedup=249,besthit=1253; mapped=352; dedup=256,sample_reads_wide.tsv (v1); pipeline_reads_extract_besthit.tsv; irgsp_dedup_bam_reads.tsv; capture_duplicate_pairs_fullpath.tsv,reported_in_cam_metadata,"sample_meta_data_20250922.tsv: field_sample_id@field_sample, latitude, longitude",Exact coordinate reported for Angkor core CAM23-13; independently reproduced in angkor_final_metadata.tsv
LV7009024562,angkor,LV7009024562,LV7008416293,ss,LV3006006425,CAM23-13,70.5,1117 CE (model year),1117,1117,1117,,CE,"Northern Temple Moat, Angkor Wat","Northern Temple Moat, Angkor Wat; Cambodia",13.413,103.864639,Qualified; historical collapsed available; extract count available,,,,,,,,,55,11,11,11,,,,,,,,,,,,,,,,,,,,,现有路线计数填入 extract,,,,,,,,sample_reads_wide.tsv (v1); pipeline_reads_extract_besthit.tsv; irgsp_dedup_bam_reads.tsv,reported_in_cam_metadata,"sample_meta_data_20250922.tsv: field_sample_id@field_sample, latitude, longitude",Exact coordinate reported for Angkor core CAM23-13; independently reproduced in angkor_final_metadata.tsv
LV7009024569,angkor,LV7009024569,LV7008416369,ss,LV3006007211,CAM23-11,67.5,1635 CE (model year),1635,1635,1635,,CE,"Northern Temple Moat, Angkor Wat","Northern Temple Moat, Angkor Wat; Cambodia",13.412944,103.864806,Qualified; historical collapsed available; extract count available,,,,,,,,,847,363,336,336,,,,,,,,,,,,,,,,,,,,,现有路线计数填入 extract,,,,,,,,sample_reads_wide.tsv (v1); pipeline_reads_extract_besthit.tsv; irgsp_dedup_bam_reads.tsv,reported_in_cam_metadata,"sample_meta_data_20250922.tsv: field_sample_id@field_sample, latitude, longitude",Exact coordinate reported for Angkor core CAM23-11; independently reproduced in angkor_final_metadata.tsv
LV7009024574,angkor,LV7009024574,LV7008416276,ss,LV3006006396,CAM23-13,83,971 CE (model year),971,971,971,,CE,"Northern Temple Moat, Angkor Wat","Northern Temple Moat, Angkor Wat; Cambodia",13.413,103.864639,Unqualified; historical collapsed available; extract count available,,,,,,,,,0,,,,,,,,,,,,,,,,,,,,,,,,现有路线计数填入 extract,,,,,,,,sample_reads_wide.tsv (v1),reported_in_cam_metadata,"sample_meta_data_20250922.tsv: field_sample_id@field_sample, latitude, longitude",Exact coordinate reported for Angkor core CAM23-13; independently reproduced in angkor_final_metadata.tsv
LV7009024585,angkor,LV7009024585,LV7008416314,ss,LV3006007190,CAM23-11,87.5,1534 CE (model year),1534,1534,1534,,CE,"Northern Temple Moat, Angkor Wat","Northern Temple Moat, Angkor Wat; Cambodia",13.412944,103.864806,Qualified; historical collapsed available; extract count available,,,,,,,,,3017,1581,1494,1491,,,,,,,,,,,,,,,,,,,,,现有路线计数填入 extract,,,,,,,,sample_reads_wide.tsv (v1); pipeline_reads_extract_besthit.tsv; irgsp_dedup_bam_reads.tsv,reported_in_cam_metadata,"sample_meta_data_20250922.tsv: field_sample_id@field_sample, latitude, longitude",Exact coordinate reported for Angkor core CAM23-11; independently reproduced in angkor_final_metadata.tsv
LV7009024586,angkor,LV7009024586,LV7008416383,ss,LV3006007223,CAM23-11,14,2005 CE (model year),2005,2005,2005,,CE,"Northern Temple Moat, Angkor Wat","Northern Temple Moat, Angkor Wat; Cambodia",13.412944,103.864806,Qualified; historical collapsed available; extract count available,,,,,,,,,584,188,177,174,,,,,,,,,,,,,,,,,,,,,现有路线计数填入 extract,,,,,,,,sample_reads_wide.tsv (v1); pipeline_reads_extract_besthit.tsv; irgsp_dedup_bam_reads.tsv,reported_in_cam_metadata,"sample_meta_data_20250922.tsv: field_sample_id@field_sample, latitude, longitude",Exact coordinate reported for Angkor core CAM23-11; independently reproduced in angkor_final_metadata.tsv
LV7009024845,angkor,LV7009024845,LV7008416405,ss,LV3006007227,CAM23-11,32,1870 CE (model year),1870,1870,1870,,CE,"Northern Temple Moat, Angkor Wat","Northern Temple Moat, Angkor Wat; Cambodia",13.412944,103.864806,Qualified; historical collapsed available; extract count available,,,,,,,,,93,22,22,22,,,,,,,,,,,,,,,,,,,,,现有路线计数填入 extract,,,,,,,,sample_reads_wide.tsv (v1); pipeline_reads_extract_besthit.tsv; irgsp_dedup_bam_reads.tsv,reported_in_cam_metadata,"sample_meta_data_20250922.tsv: field_sample_id@field_sample, latitude, longitude",Exact coordinate reported for Angkor core CAM23-11; independently reproduced in angkor_final_metadata.tsv
LV7009024883,angkor,LV7009024883,LV7008416370,ss,LV3006007204,CAM23-11,55,1697 CE (model year),1697,1697,1697,,CE,"Northern Temple Moat, Angkor Wat","Northern Temple Moat, Angkor Wat; Cambodia",13.412944,103.864806,Qualified; historical collapsed available; extract count available,capture input registered; extract count available,capture input registered; extract count available,,,,,,,716,311,288,286,,2263,425,46,40,,,,,,,5735,511,141,125,,,,,,现有路线计数填入 extract,,,,,,,,sample_reads_wide.tsv (v1); pipeline_reads_extract_besthit.tsv; irgsp_dedup_bam_reads.tsv,reported_in_cam_metadata,"sample_meta_data_20250922.tsv: field_sample_id@field_sample, latitude, longitude",Exact coordinate reported for Angkor core CAM23-11; independently reproduced in angkor_final_metadata.tsv
LV7009024910,angkor,LV7009024910,LV7008416310,ss,LV3006006407,CAM23-13,55,1257 CE (model year),1257,1257,1257,,CE,"Northern Temple Moat, Angkor Wat","Northern Temple Moat, Angkor Wat; Cambodia",13.413,103.864639,Qualified; historical collapsed available; extract count available,,,,,,,,,143,59,57,57,,,,,,,,,,,,,,,,,,,,,现有路线计数填入 extract,,,,,,,,sample_reads_wide.tsv (v1); pipeline_reads_extract_besthit.tsv; irgsp_dedup_bam_reads.tsv,reported_in_cam_metadata,"sample_meta_data_20250922.tsv: field_sample_id@field_sample, latitude, longitude",Exact coordinate reported for Angkor core CAM23-13; independently reproduced in angkor_final_metadata.tsv
LV7009024919,angkor,LV7009024919,LV7008416337,ss,LV3006007189,CAM23-11,81,1561 CE (model year),1561,1561,1561,,CE,"Northern Temple Moat, Angkor Wat","Northern Temple Moat, Angkor Wat; Cambodia",13.412944,103.864806,Qualified; historical collapsed available; extract count available,,,,,,,,,417,207,197,195,,,,,,,,,,,,,,,,,,,,,现有路线计数填入 extract,,,,,,,,sample_reads_wide.tsv (v1); pipeline_reads_extract_besthit.tsv; irgsp_dedup_bam_reads.tsv,reported_in_cam_metadata,"sample_meta_data_20250922.tsv: field_sample_id@field_sample, latitude, longitude",Exact coordinate reported for Angkor core CAM23-11; independently reproduced in angkor_final_metadata.tsv
LV7009024920,angkor,LV7009024920,LV6000200419,ss,LV3006007183,CAM23-11,79.5,1569 CE (model year),1569,1569,1569,,CE,"Northern Temple Moat, Angkor Wat","Northern Temple Moat, Angkor Wat; Cambodia",13.412944,103.864806,Qualified; historical collapsed available; extract count available,,,,,,,,,70,18,16,16,,,,,,,,,,,,,,,,,,,,,现有路线计数填入 extract,,,,,,,,sample_reads_wide.tsv (v1); pipeline_reads_extract_besthit.tsv; irgsp_dedup_bam_reads.tsv,reported_in_cam_metadata,"sample_meta_data_20250922.tsv: field_sample_id@field_sample, latitude, longitude",Exact coordinate reported for Angkor core CAM23-11; independently reproduced in angkor_final_metadata.tsv
LV7009026097,angkor,LV7009026097,LV7008416351,ss,LV3006007174,CAM23-11,95.5,1499 CE (model year),1499,1499,1499,,CE,"Northern Temple Moat, Angkor Wat","Northern Temple Moat, Angkor Wat; Cambodia",13.412944,103.864806,Qualified; historical collapsed available; extract count available,,,,,,,,,502,343,318,316,,,,,,,,,,,,,,,,,,,,,现有路线计数填入 extract,,,,,,,,sample_reads_wide.tsv (v1); pipeline_reads_extract_besthit.tsv; irgsp_dedup_bam_reads.tsv,reported_in_cam_metadata,"sample_meta_data_20250922.tsv: field_sample_id@field_sample, latitude, longitude",Exact coordinate reported for Angkor core CAM23-11; independently reproduced in angkor_final_metadata.tsv
LV7009026360,angkor,LV7009026360,LV7008416393,ss,LV3006007200,CAM23-11,70.5,1620 CE (model year),1620,1620,1620,,CE,"Northern Temple Moat, Angkor Wat","Northern Temple Moat, Angkor Wat; Cambodia",13.412944,103.864806,Qualified; historical collapsed available; extract count available,,,,,,,,,389,140,133,132,,,,,,,,,,,,,,,,,,,,,现有路线计数填入 extract,,,,,,,,sample_reads_wide.tsv (v1); pipeline_reads_extract_besthit.tsv; irgsp_dedup_bam_reads.tsv,reported_in_cam_metadata,"sample_meta_data_20250922.tsv: field_sample_id@field_sample, latitude, longitude",Exact coordinate reported for Angkor core CAM23-11; independently reproduced in angkor_final_metadata.tsv
LV7009026364,angkor,LV7009026364,LV7008416354,ss,LV3006007177,CAM23-11,78,1577 CE (model year),1577,1577,1577,,CE,"Northern Temple Moat, Angkor Wat","Northern Temple Moat, Angkor Wat; Cambodia",13.412944,103.864806,Qualified; historical collapsed available; extract count available,,,,,,,,,469,124,117,117,,,,,,,,,,,,,,,,,,,,,现有路线计数填入 extract,,,,,,,,sample_reads_wide.tsv (v1); pipeline_reads_extract_besthit.tsv; irgsp_dedup_bam_reads.tsv,reported_in_cam_metadata,"sample_meta_data_20250922.tsv: field_sample_id@field_sample, latitude, longitude",Exact coordinate reported for Angkor core CAM23-11; independently reproduced in angkor_final_metadata.tsv
LV7009026424,angkor,LV7009026424,LV7008416331,ss,LV3006007311,CAM23-13,31.5,1375 CE (model year),1375,1375,1375,,CE,"Northern Temple Moat, Angkor Wat","Northern Temple Moat, Angkor Wat; Cambodia",13.413,103.864639,Qualified; historical collapsed available; extract count available,,,,,,,,,391,314,297,292,,,,,,,,,,,,,,,,,,,,,现有路线计数填入 extract,,,,,,,,sample_reads_wide.tsv (v1); pipeline_reads_extract_besthit.tsv; irgsp_dedup_bam_reads.tsv,reported_in_cam_metadata,"sample_meta_data_20250922.tsv: field_sample_id@field_sample, latitude, longitude",Exact coordinate reported for Angkor core CAM23-13; independently reproduced in angkor_final_metadata.tsv
LV7009026435,angkor,LV7009026435,LV7005010674,ds,LV3005272689,CAM22-08,114.5,,,,,,,"Angkor Thom Temple Moat, Angkor","Angkor Thom Temple Moat, Angkor; Cambodia",13.42725,103.844722,Qualified; historical collapsed available; extract count available,,,,,,,,,92,24,22,22,,,,,,,,,,,,,,,,,,,,,现有路线计数填入 extract,,,,,,,,sample_reads_wide.tsv (v1); pipeline_reads_extract_besthit.tsv; irgsp_dedup_bam_reads.tsv,reported_in_cam_metadata,"sample_meta_data_20250922.tsv: field_sample_id@field_sample, latitude, longitude",Exact coordinate reported for Angkor core CAM22-08; independently reproduced in angkor_final_metadata.tsv
LV7009026436,angkor,LV7009026436,LV7005010675,ds,LV3005273253,CAM22-08,105,,,,,,,"Angkor Thom Temple Moat, Angkor","Angkor Thom Temple Moat, Angkor; Cambodia",13.42725,103.844722,Qualified; historical collapsed available; extract count available,,,,,,,,,72,8,8,8,,,,,,,,,,,,,,,,,,,,,现有路线计数填入 extract,,,,,,,,sample_reads_wide.tsv (v1); pipeline_reads_extract_besthit.tsv; irgsp_dedup_bam_reads.tsv,reported_in_cam_metadata,"sample_meta_data_20250922.tsv: field_sample_id@field_sample, latitude, longitude",Exact coordinate reported for Angkor core CAM22-08; independently reproduced in angkor_final_metadata.tsv
LV7009026437,angkor,LV7009026437,LV7005010669,ds,LV3005273276,CAM22-08,93.5,,,,,,,"Angkor Thom Temple Moat, Angkor","Angkor Thom Temple Moat, Angkor; Cambodia",13.42725,103.844722,Qualified; historical collapsed available; extract count available,,,,,,,,,820,392,353,350,,,,,,,,,,,,,,,,,,,,,现有路线计数填入 extract,,,,,,,,sample_reads_wide.tsv (v1); pipeline_reads_extract_besthit.tsv; irgsp_dedup_bam_reads.tsv,reported_in_cam_metadata,"sample_meta_data_20250922.tsv: field_sample_id@field_sample, latitude, longitude",Exact coordinate reported for Angkor core CAM22-08; independently reproduced in angkor_final_metadata.tsv
LV7009026438,angkor,LV7009026438,LV7005010701,ds,LV3005273265,CAM22-08,82,,,,,,,"Angkor Thom Temple Moat, Angkor","Angkor Thom Temple Moat, Angkor; Cambodia",13.42725,103.844722,Qualified; historical collapsed available; extract count available,,,,,,,,,1607,817,753,749,,,,,,,,,,,,,,,,,,,,,现有路线计数填入 extract,,,,,,,,sample_reads_wide.tsv (v1); pipeline_reads_extract_besthit.tsv; irgsp_dedup_bam_reads.tsv,reported_in_cam_metadata,"sample_meta_data_20250922.tsv: field_sample_id@field_sample, latitude, longitude",Exact coordinate reported for Angkor core CAM22-08; independently reproduced in angkor_final_metadata.tsv
LV7009026439,angkor,LV7009026439,LV7005010680,ds,LV3005273228,CAM22-08,71.5,,,,,,,"Angkor Thom Temple Moat, Angkor","Angkor Thom Temple Moat, Angkor; Cambodia",13.42725,103.844722,Qualified; historical collapsed available; extract count available,,,,,,,,,2659,1257,1163,1156,,,,,,,,,,,,,,,,,,,,,现有路线计数填入 extract,,,,,,,,sample_reads_wide.tsv (v1); pipeline_reads_extract_besthit.tsv; irgsp_dedup_bam_reads.tsv,reported_in_cam_metadata,"sample_meta_data_20250922.tsv: field_sample_id@field_sample, latitude, longitude",Exact coordinate reported for Angkor core CAM22-08; independently reproduced in angkor_final_metadata.tsv
LV7009026440,angkor,LV7009026440,LV7005010712,ds,LV3005273239,CAM22-08,60.5,,,,,,,"Angkor Thom Temple Moat, Angkor","Angkor Thom Temple Moat, Angkor; Cambodia",13.42725,103.844722,Qualified; historical collapsed available; extract count available,,,,,,,,,2751,1370,1263,1254,,,,,,,,,,,,,,,,,,,,,现有路线计数填入 extract,,,,,,,,sample_reads_wide.tsv (v1); pipeline_reads_extract_besthit.tsv; irgsp_dedup_bam_reads.tsv,reported_in_cam_metadata,"sample_meta_data_20250922.tsv: field_sample_id@field_sample, latitude, longitude",Exact coordinate reported for Angkor core CAM22-08; independently reproduced in angkor_final_metadata.tsv
LV7009026447,angkor,LV7009026447,LV7005010665,ds,LV3005272696,CAM22-08,116,,,,,,,"Angkor Thom Temple Moat, Angkor","Angkor Thom Temple Moat, Angkor; Cambodia",13.42725,103.844722,Qualified; historical collapsed available; extract count available,,,,,,,,,69,24,21,21,,,,,,,,,,,,,,,,,,,,,现有路线计数填入 extract,,,,,,,,sample_reads_wide.tsv (v1); pipeline_reads_extract_besthit.tsv; irgsp_dedup_bam_reads.tsv,reported_in_cam_metadata,"sample_meta_data_20250922.tsv: field_sample_id@field_sample, latitude, longitude",Exact coordinate reported for Angkor core CAM22-08; independently reproduced in angkor_final_metadata.tsv
LV7009026449,angkor,LV7009026449,LV7005010662,ds,LV3005273254,CAM22-08,95,,,,,,,"Angkor Thom Temple Moat, Angkor","Angkor Thom Temple Moat, Angkor; Cambodia",13.42725,103.844722,Qualified; historical collapsed available; extract count available,,,,,,,,,130,28,25,25,,,,,,,,,,,,,,,,,,,,,现有路线计数填入 extract,,,,,,,,sample_reads_wide.tsv (v1); pipeline_reads_extract_besthit.tsv; irgsp_dedup_bam_reads.tsv,reported_in_cam_metadata,"sample_meta_data_20250922.tsv: field_sample_id@field_sample, latitude, longitude",Exact coordinate reported for Angkor core CAM22-08; independently reproduced in angkor_final_metadata.tsv
LV7009026450,angkor,LV7009026450,LV7005010671,ds,LV3005273270,CAM22-08,83.5,,,,,,,"Angkor Thom Temple Moat, Angkor","Angkor Thom Temple Moat, Angkor; Cambodia",13.42725,103.844722,Qualified; historical collapsed available; extract count available,,,,,,,,,2129,1079,1004,999,,,,,,,,,,,,,,,,,,,,,现有路线计数填入 extract,,,,,,,,sample_reads_wide.tsv (v1); pipeline_reads_extract_besthit.tsv; irgsp_dedup_bam_reads.tsv,reported_in_cam_metadata,"sample_meta_data_20250922.tsv: field_sample_id@field_sample, latitude, longitude",Exact coordinate reported for Angkor core CAM22-08; independently reproduced in angkor_final_metadata.tsv
LV7009026451,angkor,LV7009026451,LV7005010694,ds,LV3005273247,CAM22-08,73,,,,,,,"Angkor Thom Temple Moat, Angkor","Angkor Thom Temple Moat, Angkor; Cambodia",13.42725,103.844722,Qualified; historical collapsed available; extract count available,,,,,,,,,1312,650,602,597,,,,,,,,,,,,,,,,,,,,,现有路线计数填入 extract,,,,,,,,sample_reads_wide.tsv (v1); pipeline_reads_extract_besthit.tsv; irgsp_dedup_bam_reads.tsv,reported_in_cam_metadata,"sample_meta_data_20250922.tsv: field_sample_id@field_sample, latitude, longitude",Exact coordinate reported for Angkor core CAM22-08; independently reproduced in angkor_final_metadata.tsv
LV7009026452,angkor,LV7009026452,LV7005010711,ds,LV3005273245,CAM22-08,62,,,,,,,"Angkor Thom Temple Moat, Angkor","Angkor Thom Temple Moat, Angkor; Cambodia",13.42725,103.844722,Qualified; historical collapsed available; extract count available,,,,,,,,,1955,990,910,906,,,,,,,,,,,,,,,,,,,,,现有路线计数填入 extract,,,,,,,,sample_reads_wide.tsv (v1); pipeline_reads_extract_besthit.tsv; irgsp_dedup_bam_reads.tsv,reported_in_cam_metadata,"sample_meta_data_20250922.tsv: field_sample_id@field_sample, latitude, longitude",Exact coordinate reported for Angkor core CAM22-08; independently reproduced in angkor_final_metadata.tsv
LV7009026459,angkor,LV7009026459,LV7005010657,ds,LV3005272708,CAM22-08,117.5,,,,,,,"Angkor Thom Temple Moat, Angkor","Angkor Thom Temple Moat, Angkor; Cambodia",13.42725,103.844722,Low Risk; historical collapsed available; extract count available,,,,,,,,,46,16,13,13,,,,,,,,,,,,,,,,,,,,,现有路线计数填入 extract,,,,,,,,sample_reads_wide.tsv (v1); pipeline_reads_extract_besthit.tsv; irgsp_dedup_bam_reads.tsv,reported_in_cam_metadata,"sample_meta_data_20250922.tsv: field_sample_id@field_sample, latitude, longitude",Exact coordinate reported for Angkor core CAM22-08; independently reproduced in angkor_final_metadata.tsv
LV7009026460,angkor,LV7009026460,LV7005010667,ds,LV3005273269,CAM22-08,106.5,,,,,,,"Angkor Thom Temple Moat, Angkor","Angkor Thom Temple Moat, Angkor; Cambodia",13.42725,103.844722,Qualified; historical collapsed available; extract count available,,,,,,,,,85,7,5,5,,,,,,,,,,,,,,,,,,,,,现有路线计数填入 extract,,,,,,,,sample_reads_wide.tsv (v1); pipeline_reads_extract_besthit.tsv; irgsp_dedup_bam_reads.tsv,reported_in_cam_metadata,"sample_meta_data_20250922.tsv: field_sample_id@field_sample, latitude, longitude",Exact coordinate reported for Angkor core CAM22-08; independently reproduced in angkor_final_metadata.tsv
LV7009026462,angkor,LV7009026462,LV7005010693,ds,LV3005273281,CAM22-08,85,,,,,,,"Angkor Thom Temple Moat, Angkor","Angkor Thom Temple Moat, Angkor; Cambodia",13.42725,103.844722,Qualified; historical collapsed available; extract count available,,,,,,,,,675,327,291,291,,,,,,,,,,,,,,,,,,,,,现有路线计数填入 extract,,,,,,,,sample_reads_wide.tsv (v1); pipeline_reads_extract_besthit.tsv; irgsp_dedup_bam_reads.tsv,reported_in_cam_metadata,"sample_meta_data_20250922.tsv: field_sample_id@field_sample, latitude, longitude",Exact coordinate reported for Angkor core CAM22-08; independently reproduced in angkor_final_metadata.tsv
LV7009026463,angkor,LV7009026463,LV7005010679,ds,LV3005273282,CAM22-08,74.5,,,,,,,"Angkor Thom Temple Moat, Angkor","Angkor Thom Temple Moat, Angkor; Cambodia",13.42725,103.844722,Qualified; historical collapsed available; extract count available,,,,,,,,,2274,1112,1036,1029,,,,,,,,,,,,,,,,,,,,,现有路线计数填入 extract,,,,,,,,sample_reads_wide.tsv (v1); pipeline_reads_extract_besthit.tsv; irgsp_dedup_bam_reads.tsv,reported_in_cam_metadata,"sample_meta_data_20250922.tsv: field_sample_id@field_sample, latitude, longitude",Exact coordinate reported for Angkor core CAM22-08; independently reproduced in angkor_final_metadata.tsv
LV7009026464,angkor,LV7009026464,LV7005010704,ds,LV3005273244,CAM22-08,63.5,,,,,,,"Angkor Thom Temple Moat, Angkor","Angkor Thom Temple Moat, Angkor; Cambodia",13.42725,103.844722,Qualified; historical collapsed available; extract count available,,,,,,,,,1960,1055,991,986,,,,,,,,,,,,,,,,,,,,,现有路线计数填入 extract,,,,,,,,sample_reads_wide.tsv (v1); pipeline_reads_extract_besthit.tsv; irgsp_dedup_bam_reads.tsv,reported_in_cam_metadata,"sample_meta_data_20250922.tsv: field_sample_id@field_sample, latitude, longitude",Exact coordinate reported for Angkor core CAM22-08; independently reproduced in angkor_final_metadata.tsv
LV7009026471,angkor,LV7009026471,LV7005010689,ds,LV3005272702,CAM22-08,119,,,,,,,"Angkor Thom Temple Moat, Angkor","Angkor Thom Temple Moat, Angkor; Cambodia",13.42725,103.844722,High Risk; historical collapsed available; extract count available,,,,,,,,,59,17,17,17,,,,,,,,,,,,,,,,,,,,,现有路线计数填入 extract,,,,,,,,sample_reads_wide.tsv (v1); pipeline_reads_extract_besthit.tsv; irgsp_dedup_bam_reads.tsv,reported_in_cam_metadata,"sample_meta_data_20250922.tsv: field_sample_id@field_sample, latitude, longitude",Exact coordinate reported for Angkor core CAM22-08; independently reproduced in angkor_final_metadata.tsv
LV7009026472,angkor,LV7009026472,LV7005010659,ds,LV3005273280,CAM22-08,108,,,,,,,"Angkor Thom Temple Moat, Angkor","Angkor Thom Temple Moat, Angkor; Cambodia",13.42725,103.844722,Qualified; historical collapsed available; extract count available,,,,,,,,,105,15,13,13,,,,,,,,,,,,,,,,,,,,,现有路线计数填入 extract,,,,,,,,sample_reads_wide.tsv (v1); pipeline_reads_extract_besthit.tsv; irgsp_dedup_bam_reads.tsv,reported_in_cam_metadata,"sample_meta_data_20250922.tsv: field_sample_id@field_sample, latitude, longitude",Exact coordinate reported for Angkor core CAM22-08; independently reproduced in angkor_final_metadata.tsv
LV7009026473,angkor,LV7009026473,LV7005010700,ds,LV3005273263,CAM22-08,98,,,,,,,"Angkor Thom Temple Moat, Angkor","Angkor Thom Temple Moat, Angkor; Cambodia",13.42725,103.844722,Qualified; historical collapsed available; extract count available,,,,,,,,,108,20,16,16,,,,,,,,,,,,,,,,,,,,,现有路线计数填入 extract,,,,,,,,sample_reads_wide.tsv (v1); pipeline_reads_extract_besthit.tsv; irgsp_dedup_bam_reads.tsv,reported_in_cam_metadata,"sample_meta_data_20250922.tsv: field_sample_id@field_sample, latitude, longitude",Exact coordinate reported for Angkor core CAM22-08; independently reproduced in angkor_final_metadata.tsv
LV7009026474,angkor,LV7009026474,LV7005010670,ds,LV3005273255,CAM22-08,86.5,,,,,,,"Angkor Thom Temple Moat, Angkor","Angkor Thom Temple Moat, Angkor; Cambodia",13.42725,103.844722,Qualified; historical collapsed available; extract count available,,,,,,,,,1073,550,507,503,,,,,,,,,,,,,,,,,,,,,现有路线计数填入 extract,,,,,,,,sample_reads_wide.tsv (v1); pipeline_reads_extract_besthit.tsv; irgsp_dedup_bam_reads.tsv,reported_in_cam_metadata,"sample_meta_data_20250922.tsv: field_sample_id@field_sample, latitude, longitude",Exact coordinate reported for Angkor core CAM22-08; independently reproduced in angkor_final_metadata.tsv
LV7009026475,angkor,LV7009026475,LV7005010709,ds,LV3005273258,CAM22-08,76,,,,,,,"Angkor Thom Temple Moat, Angkor","Angkor Thom Temple Moat, Angkor; Cambodia",13.42725,103.844722,Qualified; historical collapsed available; extract count available,,,,,,,,,2161,1070,983,978,,,,,,,,,,,,,,,,,,,,,现有路线计数填入 extract,,,,,,,,sample_reads_wide.tsv (v1); pipeline_reads_extract_besthit.tsv; irgsp_dedup_bam_reads.tsv,reported_in_cam_metadata,"sample_meta_data_20250922.tsv: field_sample_id@field_sample, latitude, longitude",Exact coordinate reported for Angkor core CAM22-08; independently reproduced in angkor_final_metadata.tsv
LV7009026476,angkor,LV7009026476,LV7005010710,ds,LV3005273232,CAM22-08,64.5,,,,,,,"Angkor Thom Temple Moat, Angkor","Angkor Thom Temple Moat, Angkor; Cambodia",13.42725,103.844722,Qualified; historical collapsed available; extract count available,,,,,,,,,2161,1070,989,984,,,,,,,,,,,,,,,,,,,,,现有路线计数填入 extract,,,,,,,,sample_reads_wide.tsv (v1); pipeline_reads_extract_besthit.tsv; irgsp_dedup_bam_reads.tsv,reported_in_cam_metadata,"sample_meta_data_20250922.tsv: field_sample_id@field_sample, latitude, longitude",Exact coordinate reported for Angkor core CAM22-08; independently reproduced in angkor_final_metadata.tsv
LV7009026483,angkor,LV7009026483,LV7005010673,ds,LV3005272703,CAM22-08,120,,,,,,,"Angkor Thom Temple Moat, Angkor","Angkor Thom Temple Moat, Angkor; Cambodia",13.42725,103.844722,Low Risk; historical collapsed available; extract count available,,,,,,,,,72,39,36,36,,,,,,,,,,,,,,,,,,,,,现有路线计数填入 extract,,,,,,,,sample_reads_wide.tsv (v1); pipeline_reads_extract_besthit.tsv; irgsp_dedup_bam_reads.tsv,reported_in_cam_metadata,"sample_meta_data_20250922.tsv: field_sample_id@field_sample, latitude, longitude",Exact coordinate reported for Angkor core CAM22-08; independently reproduced in angkor_final_metadata.tsv
LV7009026484,angkor,LV7009026484,LV7005010699,ds,LV3005272684,CAM22-08,109.5,,,,,,,"Angkor Thom Temple Moat, Angkor","Angkor Thom Temple Moat, Angkor; Cambodia",13.42725,103.844722,Qualified; historical collapsed available; extract count available,,,,,,,,,88,23,22,22,,,,,,,,,,,,,,,,,,,,,现有路线计数填入 extract,,,,,,,,sample_reads_wide.tsv (v1); pipeline_reads_extract_besthit.tsv; irgsp_dedup_bam_reads.tsv,reported_in_cam_metadata,"sample_meta_data_20250922.tsv: field_sample_id@field_sample, latitude, longitude",Exact coordinate reported for Angkor core CAM22-08; independently reproduced in angkor_final_metadata.tsv
LV7009026485,angkor,LV7009026485,LV7005010668,ds,LV3005273256,CAM22-08,99.5,,,,,,,"Angkor Thom Temple Moat, Angkor","Angkor Thom Temple Moat, Angkor; Cambodia",13.42725,103.844722,Qualified; historical collapsed available; extract count available,,,,,,,,,116,18,16,16,,,,,,,,,,,,,,,,,,,,,现有路线计数填入 extract,,,,,,,,sample_reads_wide.tsv (v1); pipeline_reads_extract_besthit.tsv; irgsp_dedup_bam_reads.tsv,reported_in_cam_metadata,"sample_meta_data_20250922.tsv: field_sample_id@field_sample, latitude, longitude",Exact coordinate reported for Angkor core CAM22-08; independently reproduced in angkor_final_metadata.tsv
LV7009026486,angkor,LV7009026486,LV7005010663,ds,LV3005273278,CAM22-08,88,,,,,,,"Angkor Thom Temple Moat, Angkor","Angkor Thom Temple Moat, Angkor; Cambodia",13.42725,103.844722,Qualified; historical collapsed available; extract count available,,,,,,,,,2449,1347,1246,1235,,,,,,,,,,,,,,,,,,,,,现有路线计数填入 extract,,,,,,,,sample_reads_wide.tsv (v1); pipeline_reads_extract_besthit.tsv; irgsp_dedup_bam_reads.tsv,reported_in_cam_metadata,"sample_meta_data_20250922.tsv: field_sample_id@field_sample, latitude, longitude",Exact coordinate reported for Angkor core CAM22-08; independently reproduced in angkor_final_metadata.tsv
LV7009026487,angkor,LV7009026487,LV7005010672,ds,LV3005273271,CAM22-08,77.5,,,,,,,"Angkor Thom Temple Moat, Angkor","Angkor Thom Temple Moat, Angkor; Cambodia",13.42725,103.844722,Qualified; historical collapsed available; extract count available,,,,,,,,,470,255,240,236,,,,,,,,,,,,,,,,,,,,,现有路线计数填入 extract,,,,,,,,sample_reads_wide.tsv (v1); pipeline_reads_extract_besthit.tsv; irgsp_dedup_bam_reads.tsv,reported_in_cam_metadata,"sample_meta_data_20250922.tsv: field_sample_id@field_sample, latitude, longitude",Exact coordinate reported for Angkor core CAM22-08; independently reproduced in angkor_final_metadata.tsv
LV7009026488,angkor,LV7009026488,LV7005010703,ds,LV3005273231,CAM22-08,66,,,,,,,"Angkor Thom Temple Moat, Angkor","Angkor Thom Temple Moat, Angkor; Cambodia",13.42725,103.844722,Qualified; historical collapsed available; extract count available,,,,,,,,,4734,2171,2000,1986,,,,,,,,,,,,,,,,,,,,,现有路线计数填入 extract,,,,,,,,sample_reads_wide.tsv (v1); pipeline_reads_extract_besthit.tsv; irgsp_dedup_bam_reads.tsv,reported_in_cam_metadata,"sample_meta_data_20250922.tsv: field_sample_id@field_sample, latitude, longitude",Exact coordinate reported for Angkor core CAM22-08; independently reproduced in angkor_final_metadata.tsv
LV7009026495,angkor,LV7009026495,LV7005010661,ds,LV3005273260,CAM22-08,96.5,,,,,,,"Angkor Thom Temple Moat, Angkor","Angkor Thom Temple Moat, Angkor; Cambodia",13.42725,103.844722,Qualified; historical collapsed available; extract count available,,,,,,,,,72,6,5,5,,,,,,,,,,,,,,,,,,,,,现有路线计数填入 extract,,,,,,,,sample_reads_wide.tsv (v1); pipeline_reads_extract_besthit.tsv; irgsp_dedup_bam_reads.tsv,reported_in_cam_metadata,"sample_meta_data_20250922.tsv: field_sample_id@field_sample, latitude, longitude",Exact coordinate reported for Angkor core CAM22-08; independently reproduced in angkor_final_metadata.tsv
LV7009026496,angkor,LV7009026496,LV7005010658,ds,LV3005272691,CAM22-08,110.5,,,,,,,"Angkor Thom Temple Moat, Angkor","Angkor Thom Temple Moat, Angkor; Cambodia",13.42725,103.844722,Qualified; historical collapsed available; extract count available,,,,,,,,,58,15,13,13,,,,,,,,,,,,,,,,,,,,,现有路线计数填入 extract,,,,,,,,sample_reads_wide.tsv (v1); pipeline_reads_extract_besthit.tsv; irgsp_dedup_bam_reads.tsv,reported_in_cam_metadata,"sample_meta_data_20250922.tsv: field_sample_id@field_sample, latitude, longitude",Exact coordinate reported for Angkor core CAM22-08; independently reproduced in angkor_final_metadata.tsv
LV7009026497,angkor,LV7009026497,LV7005010707,ds,LV3005273266,CAM22-08,101,,,,,,,"Angkor Thom Temple Moat, Angkor","Angkor Thom Temple Moat, Angkor; Cambodia",13.42725,103.844722,Qualified; historical collapsed available; extract count available,,,,,,,,,84,16,11,11,,,,,,,,,,,,,,,,,,,,,现有路线计数填入 extract,,,,,,,,sample_reads_wide.tsv (v1); pipeline_reads_extract_besthit.tsv; irgsp_dedup_bam_reads.tsv,reported_in_cam_metadata,"sample_meta_data_20250922.tsv: field_sample_id@field_sample, latitude, longitude",Exact coordinate reported for Angkor core CAM22-08; independently reproduced in angkor_final_metadata.tsv
LV7009026498,angkor,LV7009026498,LV7005010692,ds,LV3005273268,CAM22-08,89.5,,,,,,,"Angkor Thom Temple Moat, Angkor","Angkor Thom Temple Moat, Angkor; Cambodia",13.42725,103.844722,Qualified; historical collapsed available; extract count available,,,,,,,,,911,513,475,472,,,,,,,,,,,,,,,,,,,,,现有路线计数填入 extract,,,,,,,,sample_reads_wide.tsv (v1); pipeline_reads_extract_besthit.tsv; irgsp_dedup_bam_reads.tsv,reported_in_cam_metadata,"sample_meta_data_20250922.tsv: field_sample_id@field_sample, latitude, longitude",Exact coordinate reported for Angkor core CAM22-08; independently reproduced in angkor_final_metadata.tsv
LV7009026499,angkor,LV7009026499,LV7005010678,ds,LV3005273264,CAM22-08,79,,,,,,,"Angkor Thom Temple Moat, Angkor","Angkor Thom Temple Moat, Angkor; Cambodia",13.42725,103.844722,Qualified; historical collapsed available; extract count available,,,,,,,,,1677,1001,945,940,,,,,,,,,,,,,,,,,,,,,现有路线计数填入 extract,,,,,,,,sample_reads_wide.tsv (v1); pipeline_reads_extract_besthit.tsv; irgsp_dedup_bam_reads.tsv,reported_in_cam_metadata,"sample_meta_data_20250922.tsv: field_sample_id@field_sample, latitude, longitude",Exact coordinate reported for Angkor core CAM22-08; independently reproduced in angkor_final_metadata.tsv
LV7009026500,angkor,LV7009026500,LV7005010696,ds,LV3005273243,CAM22-08,67.5,,,,,,,"Angkor Thom Temple Moat, Angkor","Angkor Thom Temple Moat, Angkor; Cambodia",13.42725,103.844722,Qualified; historical collapsed available; extract count available,,,,,,,,,2389,1179,1098,1091,,,,,,,,,,,,,,,,,,,,,现有路线计数填入 extract,,,,,,,,sample_reads_wide.tsv (v1); pipeline_reads_extract_besthit.tsv; irgsp_dedup_bam_reads.tsv,reported_in_cam_metadata,"sample_meta_data_20250922.tsv: field_sample_id@field_sample, latitude, longitude",Exact coordinate reported for Angkor core CAM22-08; independently reproduced in angkor_final_metadata.tsv
LV7009026508,angkor,LV7009026508,LV7005010488,ds,LV3005272698,CAM22-08,112,,,,,,,"Angkor Thom Temple Moat, Angkor","Angkor Thom Temple Moat, Angkor; Cambodia",13.42725,103.844722,Qualified; historical collapsed available; extract count available,,,,,,,,,65,12,11,11,,,,,,,,,,,,,,,,,,,,,现有路线计数填入 extract,,,,,,,,sample_reads_wide.tsv (v1); pipeline_reads_extract_besthit.tsv; irgsp_dedup_bam_reads.tsv,reported_in_cam_metadata,"sample_meta_data_20250922.tsv: field_sample_id@field_sample, latitude, longitude",Exact coordinate reported for Angkor core CAM22-08; independently reproduced in angkor_final_metadata.tsv
LV7009026509,angkor,LV7009026509,LV7005010660,ds,LV3005273272,CAM22-08,102.5,,,,,,,"Angkor Thom Temple Moat, Angkor","Angkor Thom Temple Moat, Angkor; Cambodia",13.42725,103.844722,Qualified; historical collapsed available; extract count available,,,,,,,,,88,8,8,8,,,,,,,,,,,,,,,,,,,,,现有路线计数填入 extract,,,,,,,,sample_reads_wide.tsv (v1); pipeline_reads_extract_besthit.tsv; irgsp_dedup_bam_reads.tsv,reported_in_cam_metadata,"sample_meta_data_20250922.tsv: field_sample_id@field_sample, latitude, longitude",Exact coordinate reported for Angkor core CAM22-08; independently reproduced in angkor_final_metadata.tsv
LV7009026510,angkor,LV7009026510,LV7005010677,ds,LV3005273262,CAM22-08,90.5,,,,,,,"Angkor Thom Temple Moat, Angkor","Angkor Thom Temple Moat, Angkor; Cambodia",13.42725,103.844722,Qualified; historical collapsed available; extract count available,,,,,,,,,1176,535,498,498,,,,,,,,,,,,,,,,,,,,,现有路线计数填入 extract,,,,,,,,sample_reads_wide.tsv (v1); pipeline_reads_extract_besthit.tsv; irgsp_dedup_bam_reads.tsv,reported_in_cam_metadata,"sample_meta_data_20250922.tsv: field_sample_id@field_sample, latitude, longitude",Exact coordinate reported for Angkor core CAM22-08; independently reproduced in angkor_final_metadata.tsv
LV7009026512,angkor,LV7009026512,LV7005010695,ds,LV3005273240,CAM22-08,69,,,,,,,"Angkor Thom Temple Moat, Angkor","Angkor Thom Temple Moat, Angkor; Cambodia",13.42725,103.844722,Qualified; historical collapsed available; extract count available,,,,,,,,,2834,1378,1272,1268,,,,,,,,,,,,,,,,,,,,,现有路线计数填入 extract,,,,,,,,sample_reads_wide.tsv (v1); pipeline_reads_extract_besthit.tsv; irgsp_dedup_bam_reads.tsv,reported_in_cam_metadata,"sample_meta_data_20250922.tsv: field_sample_id@field_sample, latitude, longitude",Exact coordinate reported for Angkor core CAM22-08; independently reproduced in angkor_final_metadata.tsv
LV7009026520,angkor,LV7009026520,LV7005010698,ds,LV3005272704,CAM22-08,113.5,,,,,,,"Angkor Thom Temple Moat, Angkor","Angkor Thom Temple Moat, Angkor; Cambodia",13.42725,103.844722,Qualified; historical collapsed available; extract count available,,,,,,,,,65,14,12,12,,,,,,,,,,,,,,,,,,,,,现有路线计数填入 extract,,,,,,,,sample_reads_wide.tsv (v1); pipeline_reads_extract_besthit.tsv; irgsp_dedup_bam_reads.tsv,reported_in_cam_metadata,"sample_meta_data_20250922.tsv: field_sample_id@field_sample, latitude, longitude",Exact coordinate reported for Angkor core CAM22-08; independently reproduced in angkor_final_metadata.tsv
LV7009026521,angkor,LV7009026521,LV7005010691,ds,LV3005273259,CAM22-08,103.5,,,,,,,"Angkor Thom Temple Moat, Angkor","Angkor Thom Temple Moat, Angkor; Cambodia",13.42725,103.844722,Qualified; historical collapsed available; extract count available,,,,,,,,,93,21,19,19,,,,,,,,,,,,,,,,,,,,,现有路线计数填入 extract,,,,,,,,sample_reads_wide.tsv (v1); pipeline_reads_extract_besthit.tsv; irgsp_dedup_bam_reads.tsv,reported_in_cam_metadata,"sample_meta_data_20250922.tsv: field_sample_id@field_sample, latitude, longitude",Exact coordinate reported for Angkor core CAM22-08; independently reproduced in angkor_final_metadata.tsv
LV7009026522,angkor,LV7009026522,LV7005010479,ds,LV3005273267,CAM22-08,92,,,,,,,"Angkor Thom Temple Moat, Angkor","Angkor Thom Temple Moat, Angkor; Cambodia",13.42725,103.844722,Qualified; historical collapsed available; extract count available,,,,,,,,,144,39,33,31,,,,,,,,,,,,,,,,,,,,,现有路线计数填入 extract,,,,,,,,sample_reads_wide.tsv (v1); pipeline_reads_extract_besthit.tsv; irgsp_dedup_bam_reads.tsv,reported_in_cam_metadata,"sample_meta_data_20250922.tsv: field_sample_id@field_sample, latitude, longitude",Exact coordinate reported for Angkor core CAM22-08; independently reproduced in angkor_final_metadata.tsv
LV7009026523,angkor,LV7009026523,LV7005010708,ds,LV3005273257,CAM22-08,80.5,,,,,,,"Angkor Thom Temple Moat, Angkor","Angkor Thom Temple Moat, Angkor; Cambodia",13.42725,103.844722,Qualified; historical collapsed available; extract count available,,,,,,,,,1395,730,678,674,,,,,,,,,,,,,,,,,,,,,现有路线计数填入 extract,,,,,,,,sample_reads_wide.tsv (v1); pipeline_reads_extract_besthit.tsv; irgsp_dedup_bam_reads.tsv,reported_in_cam_metadata,"sample_meta_data_20250922.tsv: field_sample_id@field_sample, latitude, longitude",Exact coordinate reported for Angkor core CAM22-08; independently reproduced in angkor_final_metadata.tsv
LV7009026524,angkor,LV7009026524,LV7005010702,ds,LV3005273234,CAM22-08,70.5,,,,,,,"Angkor Thom Temple Moat, Angkor","Angkor Thom Temple Moat, Angkor; Cambodia",13.42725,103.844722,Qualified; historical collapsed available; extract count available,,,,,,,,,2217,1054,970,960,,,,,,,,,,,,,,,,,,,,,现有路线计数填入 extract,,,,,,,,sample_reads_wide.tsv (v1); pipeline_reads_extract_besthit.tsv; irgsp_dedup_bam_reads.tsv,reported_in_cam_metadata,"sample_meta_data_20250922.tsv: field_sample_id@field_sample, latitude, longitude",Exact coordinate reported for Angkor core CAM22-08; independently reproduced in angkor_final_metadata.tsv
LV7009026551,angkor,LV7009026551,LV7008416355,ss,LV3006007300,CAM23-13,29,1386 CE (model year),1386,1386,1386,,CE,"Northern Temple Moat, Angkor Wat","Northern Temple Moat, Angkor Wat; Cambodia",13.413,103.864639,Qualified; historical collapsed available; extract count available,,,,,,,,,302,209,193,190,,,,,,,,,,,,,,,,,,,,,现有路线计数填入 extract,,,,,,,,sample_reads_wide.tsv (v1); pipeline_reads_extract_besthit.tsv; irgsp_dedup_bam_reads.tsv,reported_in_cam_metadata,"sample_meta_data_20250922.tsv: field_sample_id@field_sample, latitude, longitude",Exact coordinate reported for Angkor core CAM23-13; independently reproduced in angkor_final_metadata.tsv
LV7009026552,angkor,LV7009026552,LV7008416318,ss,LV3006007316,CAM23-13,6,1462 CE (model year),1462,1462,1462,,CE,"Northern Temple Moat, Angkor Wat","Northern Temple Moat, Angkor Wat; Cambodia",13.413,103.864639,Qualified; historical collapsed available; extract count available,,,,,,,,,97,55,52,52,,,,,,,,,,,,,,,,,,,,,现有路线计数填入 extract,,,,,,,,sample_reads_wide.tsv (v1); pipeline_reads_extract_besthit.tsv; irgsp_dedup_bam_reads.tsv,reported_in_cam_metadata,"sample_meta_data_20250922.tsv: field_sample_id@field_sample, latitude, longitude",Exact coordinate reported for Angkor core CAM23-13; independently reproduced in angkor_final_metadata.tsv
LV7009026563,angkor,LV7009026563,LV7008416388,ss,LV3006007207,CAM23-11,37,1826 CE (model year),1826,1826,1826,,CE,"Northern Temple Moat, Angkor Wat","Northern Temple Moat, Angkor Wat; Cambodia",13.412944,103.864806,Qualified; historical collapsed available; extract count available,,,,,,,,,731,216,199,198,,,,,,,,,,,,,,,,,,,,,现有路线计数填入 extract,,,,,,,,sample_reads_wide.tsv (v1); pipeline_reads_extract_besthit.tsv; irgsp_dedup_bam_reads.tsv,reported_in_cam_metadata,"sample_meta_data_20250922.tsv: field_sample_id@field_sample, latitude, longitude",Exact coordinate reported for Angkor core CAM23-11; independently reproduced in angkor_final_metadata.tsv
LV7009026576,angkor,LV7009026576,LV7008416392,ss,LV3006007228,CAM23-11,6.5,2016 CE (model year),2016,2016,2016,,CE,"Northern Temple Moat, Angkor Wat","Northern Temple Moat, Angkor Wat; Cambodia",13.412944,103.864806,Qualified; historical collapsed available; extract count available,capture input registered; extract count available,capture input registered; extract count available,,,,,,,300,108,101,100,,114,8,5,3,,,,,,,12215,787,212,202,,,,,,现有路线计数填入 extract,,,,,,,,sample_reads_wide.tsv (v1); pipeline_reads_extract_besthit.tsv; irgsp_dedup_bam_reads.tsv,reported_in_cam_metadata,"sample_meta_data_20250922.tsv: field_sample_id@field_sample, latitude, longitude",Exact coordinate reported for Angkor core CAM23-11; independently reproduced in angkor_final_metadata.tsv
LV7009026578,angkor,LV7009026578,LV7008416294,ss,LV3006006423,CAM23-13,58.5,1239 CE (model year),1239,1239,1239,,CE,"Northern Temple Moat, Angkor Wat","Northern Temple Moat, Angkor Wat; Cambodia",13.413,103.864639,Qualified; historical collapsed available; extract count available,capture input registered; extract count available,capture input registered; extract count available,,,,,,,41,4,4,4,,7759,,,,,,,,,,7715,,,,,,,,,现有路线计数填入 extract；capture 重名输出未定 canonical：主计数字段留空，候选值见审计列,,unresolved: two non-identical outputs; not summed,besthit=493; mapped=27; dedup=15,besthit=496; mapped=27; dedup=15,unresolved: two non-identical outputs; not summed,besthit=917; mapped=148; dedup=143,besthit=913; mapped=146; dedup=141,sample_reads_wide.tsv (v1); pipeline_reads_extract_besthit.tsv; irgsp_dedup_bam_reads.tsv; capture_duplicate_pairs_fullpath.tsv,reported_in_cam_metadata,"sample_meta_data_20250922.tsv: field_sample_id@field_sample, latitude, longitude",Exact coordinate reported for Angkor core CAM23-13; independently reproduced in angkor_final_metadata.tsv
LV7009026590,angkor,LV7009026590,LV7008416401,ss,LV3006007237,CAM23-11,11,2011 CE (model year),2011,2011,2011,,CE,"Northern Temple Moat, Angkor Wat","Northern Temple Moat, Angkor Wat; Cambodia",13.412944,103.864806,Qualified; historical collapsed available; extract count available,,,,,,,,,455,122,114,114,,,,,,,,,,,,,,,,,,,,,现有路线计数填入 extract,,,,,,,,sample_reads_wide.tsv (v1); pipeline_reads_extract_besthit.tsv; irgsp_dedup_bam_reads.tsv,reported_in_cam_metadata,"sample_meta_data_20250922.tsv: field_sample_id@field_sample, latitude, longitude",Exact coordinate reported for Angkor core CAM23-11; independently reproduced in angkor_final_metadata.tsv
LV7009026634,angkor,LV7009026634,LV7008416334,ss,LV3006007309,CAM23-13,8.5,1456 CE (model year),1456,1456,1456,,CE,"Northern Temple Moat, Angkor Wat","Northern Temple Moat, Angkor Wat; Cambodia",13.413,103.864639,Qualified; historical collapsed available; extract count available,capture input registered; extract count available,capture input registered; extract count available,,,,,,,124,57,51,51,,4393,459,59,52,,,,,,,7919,526,158,139,,,,,,现有路线计数填入 extract,,,,,,,,sample_reads_wide.tsv (v1); pipeline_reads_extract_besthit.tsv; irgsp_dedup_bam_reads.tsv,reported_in_cam_metadata,"sample_meta_data_20250922.tsv: field_sample_id@field_sample, latitude, longitude",Exact coordinate reported for Angkor core CAM23-13; independently reproduced in angkor_final_metadata.tsv
LV7009027318,angkor,LV7009027318,LV7008416361,ss,LV3006007199,CAM23-11,64,1651 CE (model year),1651,1651,1651,,CE,"Northern Temple Moat, Angkor Wat","Northern Temple Moat, Angkor Wat; Cambodia",13.412944,103.864806,Qualified; historical collapsed available; extract count available,,,,,,,,,146,64,57,57,,,,,,,,,,,,,,,,,,,,,现有路线计数填入 extract,,,,,,,,sample_reads_wide.tsv (v1); pipeline_reads_extract_besthit.tsv; irgsp_dedup_bam_reads.tsv,reported_in_cam_metadata,"sample_meta_data_20250922.tsv: field_sample_id@field_sample, latitude, longitude",Exact coordinate reported for Angkor core CAM23-11; independently reproduced in angkor_final_metadata.tsv
LV7009027357,angkor,LV7009027357,LV7008416300,ss,LV3006006385,CAM23-13,77,1038 CE (model year),1038,1038,1038,,CE,"Northern Temple Moat, Angkor Wat","Northern Temple Moat, Angkor Wat; Cambodia",13.413,103.864639,Unqualified; historical collapsed available; extract count available,,,,,,,,,1,,,,,,,,,,,,,,,,,,,,,,,,现有路线计数填入 extract,,,,,,,,sample_reads_wide.tsv (v1),reported_in_cam_metadata,"sample_meta_data_20250922.tsv: field_sample_id@field_sample, latitude, longitude",Exact coordinate reported for Angkor core CAM23-13; independently reproduced in angkor_final_metadata.tsv
LV7009027812,angkor,LV7009027812,LV7008416371,ss,LV3006007215,CAM23-11,51.5,1718 CE (model year),1718,1718,1718,,CE,"Northern Temple Moat, Angkor Wat","Northern Temple Moat, Angkor Wat; Cambodia",13.412944,103.864806,Qualified; historical collapsed available; extract count available,,,,,,,,,584,253,240,238,,,,,,,,,,,,,,,,,,,,,现有路线计数填入 extract,,,,,,,,sample_reads_wide.tsv (v1); pipeline_reads_extract_besthit.tsv; irgsp_dedup_bam_reads.tsv,reported_in_cam_metadata,"sample_meta_data_20250922.tsv: field_sample_id@field_sample, latitude, longitude",Exact coordinate reported for Angkor core CAM23-11; independently reproduced in angkor_final_metadata.tsv
LV7009027833,angkor,LV7009027833,LV7008416303,ss,LV3006006400,CAM23-13,50.5,1283 CE (model year),1283,1283,1283,,CE,"Northern Temple Moat, Angkor Wat","Northern Temple Moat, Angkor Wat; Cambodia",13.413,103.864639,Qualified; historical collapsed available; extract count available,,,,,,,,,120,38,36,36,,,,,,,,,,,,,,,,,,,,,现有路线计数填入 extract,,,,,,,,sample_reads_wide.tsv (v1); pipeline_reads_extract_besthit.tsv; irgsp_dedup_bam_reads.tsv,reported_in_cam_metadata,"sample_meta_data_20250922.tsv: field_sample_id@field_sample, latitude, longitude",Exact coordinate reported for Angkor core CAM23-13; independently reproduced in angkor_final_metadata.tsv
LV7009027860,angkor,LV7009027860,LV7008416326,ss,LV3006007315,CAM23-13,7.5,1458 CE (model year),1458,1458,1458,,CE,"Northern Temple Moat, Angkor Wat","Northern Temple Moat, Angkor Wat; Cambodia",13.413,103.864639,Qualified; historical collapsed available; extract count available,,,,,,,,,125,71,64,61,,,,,,,,,,,,,,,,,,,,,现有路线计数填入 extract,,,,,,,,sample_reads_wide.tsv (v1); pipeline_reads_extract_besthit.tsv; irgsp_dedup_bam_reads.tsv,reported_in_cam_metadata,"sample_meta_data_20250922.tsv: field_sample_id@field_sample, latitude, longitude",Exact coordinate reported for Angkor core CAM23-13; independently reproduced in angkor_final_metadata.tsv
LV7009027886,angkor,LV7009027886,LV7008416323,ss,LV3006006418,CAM23-13,38.5,1347 CE (model year),1347,1347,1347,,CE,"Northern Temple Moat, Angkor Wat","Northern Temple Moat, Angkor Wat; Cambodia",13.413,103.864639,Qualified; historical collapsed available; extract count available,,,,,,,,,71,13,11,11,,,,,,,,,,,,,,,,,,,,,现有路线计数填入 extract,,,,,,,,sample_reads_wide.tsv (v1); pipeline_reads_extract_besthit.tsv; irgsp_dedup_bam_reads.tsv,reported_in_cam_metadata,"sample_meta_data_20250922.tsv: field_sample_id@field_sample, latitude, longitude",Exact coordinate reported for Angkor core CAM23-13; independently reproduced in angkor_final_metadata.tsv
LV7009027909,angkor,LV7009027909,LV7008416277,ss,LV3006006416,CAM23-13,72,1098 CE (model year),1098,1098,1098,,CE,"Northern Temple Moat, Angkor Wat","Northern Temple Moat, Angkor Wat; Cambodia",13.413,103.864639,Qualified; historical collapsed available; extract count available,,,,,,,,,83,19,15,15,,,,,,,,,,,,,,,,,,,,,现有路线计数填入 extract,,,,,,,,sample_reads_wide.tsv (v1); pipeline_reads_extract_besthit.tsv; irgsp_dedup_bam_reads.tsv,reported_in_cam_metadata,"sample_meta_data_20250922.tsv: field_sample_id@field_sample, latitude, longitude",Exact coordinate reported for Angkor core CAM23-13; independently reproduced in angkor_final_metadata.tsv
YWL1_A3483,nanzuo,LV7008960218,LV7005227361,ss,NZ-1-10,layer1,20,~5100-4000BP,,4000,5100,,BP,Nanzuo archaeological site,"Qingyang, Gansu, China",35.68652679,107.6027799,shotgun QC input available; extract count available,capture1 QC input available; extract count available,capture2 IRGSP BAM available; extract count available,,19320,1883,567,566,,,,,,,19811,2362,666,252,,,,,,,,,,,,34989,2483,318,260,Nanzuo function 路线记为 capture2,,,,,,,,sample_reads_wide.tsv (v1); pipeline_reads_extract_besthit.tsv; irgsp_dedup_bam_reads.tsv,reported_in_sample_metadata,nanzuo_mcp_sample_metadata.tsv,Coordinates copied unchanged from source sample metadata
YWL1_A3484,nanzuo,LV7008960290,LV7005227362,ss,NZ-1-30,layer1,60,~5100-4000BP,,4000,5100,,BP,Nanzuo archaeological site,"Qingyang, Gansu, China",35.68652679,107.6027799,shotgun QC input available; extract count available,capture1 QC input available; extract count available,capture2 IRGSP BAM available; extract count available,,11183,1261,337,335,,,,,,,8757,1056,275,181,,,,,,,,,,,,2511,108,32,27,Nanzuo function 路线记为 capture2,,,,,,,,sample_reads_wide.tsv (v1); pipeline_reads_extract_besthit.tsv; irgsp_dedup_bam_reads.tsv,reported_in_sample_metadata,nanzuo_mcp_sample_metadata.tsv,Coordinates copied unchanged from source sample metadata
YWL1_A3485,nanzuo,LV7008960265,LV7005227363,ss,NZ-2-10,layer2,116.6666667,~5100-4000BP,,4000,5100,,BP,Nanzuo archaeological site,"Qingyang, Gansu, China",35.68652679,107.6027799,shotgun QC input available; extract count available,capture1 QC input available; extract count available,capture2 IRGSP BAM available; extract count available,,2302,378,125,124,,,,,,,792,41,17,17,,,,,,,,,,,,464,13,4,4,Nanzuo function 路线记为 capture2,,,,,,,,sample_reads_wide.tsv (v1); pipeline_reads_extract_besthit.tsv; irgsp_dedup_bam_reads.tsv,reported_in_sample_metadata,nanzuo_mcp_sample_metadata.tsv,Coordinates copied unchanged from source sample metadata
YWL1_A3486,nanzuo,LV7008960240,LV7005226553,ss,NZ-2-30,layer2,150,~5100-4000BP,,4000,5100,,BP,Nanzuo archaeological site,"Qingyang, Gansu, China",35.68652679,107.6027799,shotgun QC input available; extract count available,capture1 QC input available; extract count available,capture2 IRGSP BAM available; extract count available,,12180,1429,397,395,,,,,,,,1326,465,207,,,,,,,,,,,,7136,270,91,61,Nanzuo function 路线记为 capture2；capture1 Asian extract 文件 gzip invalid header，当前计数置空，需重新提取,,,,,,,,sample_reads_wide.tsv (v1); pipeline_reads_extract_besthit.tsv; irgsp_dedup_bam_reads.tsv,reported_in_sample_metadata,nanzuo_mcp_sample_metadata.tsv,Coordinates copied unchanged from source sample metadata
YWL1_A3487,nanzuo,LV7008960215,LV7005227365,ss,NZ-2-50,layer2,183.3333333,~5100-4000BP,,4000,5100,,BP,Nanzuo archaeological site,"Qingyang, Gansu, China",35.68652679,107.6027799,extract count available,capture1 QC input available; extract count available,capture2 IRGSP BAM available; extract count available,,13259,2134,692,691,,,,,,,15530,1678,629,208,,,,,,,,,,,,10286,412,97,72,Nanzuo function 路线记为 capture2,,,,,,,,sample_reads_wide.tsv (v1); pipeline_reads_extract_besthit.tsv; irgsp_dedup_bam_reads.tsv,reported_in_sample_metadata,nanzuo_mcp_sample_metadata.tsv,Coordinates copied unchanged from source sample metadata
YWL1_A3488,nanzuo,LV7008960287,LV7005227366,ss,NZ-3-20,layer3,231.25,~5100-4000BP,,4000,5100,,BP,Nanzuo archaeological site,"Qingyang, Gansu, China",35.68652679,107.6027799,shotgun QC input available; extract count available,capture1 QC input available; extract count available,capture2 IRGSP BAM available; extract count available,,11513,1857,593,585,,,,,,,7967,1022,545,143,,,,,,,,,,,,10215,514,181,86,Nanzuo function 路线记为 capture2,,,,,,,,sample_reads_wide.tsv (v1); pipeline_reads_extract_besthit.tsv; irgsp_dedup_bam_reads.tsv,reported_in_sample_metadata,nanzuo_mcp_sample_metadata.tsv,Coordinates copied unchanged from source sample metadata
YWL1_A3489,nanzuo,LV7008960262,LV7005227367,ss,NZ-3-40,layer3,262.5,~5100-4000BP,,4000,5100,,BP,Nanzuo archaeological site,"Qingyang, Gansu, China",35.68652679,107.6027799,shotgun QC input available; extract count available,capture1 QC input available; extract count available,capture2 IRGSP BAM available; extract count available,,23046,4885,1707,1700,,,,,,,21241,3927,1242,282,,,,,,,,,,,,8227,622,202,83,Nanzuo function 路线记为 capture2,,,,,,,,sample_reads_wide.tsv (v1); pipeline_reads_extract_besthit.tsv; irgsp_dedup_bam_reads.tsv,reported_in_sample_metadata,nanzuo_mcp_sample_metadata.tsv,Coordinates copied unchanged from source sample metadata
YWL1_A3490,nanzuo,LV7008960237,LV7005227368,ss,NZ-3-60,layer3,293.75,~5100-4000BP,,4000,5100,,BP,Nanzuo archaeological site,"Qingyang, Gansu, China",35.68652679,107.6027799,shotgun QC input available; extract count available,capture1 QC input available; extract count available,capture2 IRGSP BAM available; extract count available,,34785,7201,2473,2463,,,,,,,31896,5441,1750,388,,,,,,,,,,,,21651,1581,338,168,Nanzuo function 路线记为 capture2,,,,,,,,sample_reads_wide.tsv (v1); pipeline_reads_extract_besthit.tsv; irgsp_dedup_bam_reads.tsv,reported_in_sample_metadata,nanzuo_mcp_sample_metadata.tsv,Coordinates copied unchanged from source sample metadata
YWL1_A3491,nanzuo,LV7008960230,LV7005227369,ss,NZ-4-20,layer4,322.2222222,~5100-4000BP,,4000,5100,,BP,Nanzuo archaeological site,"Qingyang, Gansu, China",35.68652679,107.6027799,shotgun QC input available; extract count available,capture1 QC input available; extract count available,capture2 IRGSP BAM available; extract count available,,12075,2558,884,881,,,,,,,7065,993,209,174,,,,,,,,,,,,1639,114,37,32,Nanzuo function 路线记为 capture2,,,,,,,,sample_reads_wide.tsv (v1); pipeline_reads_extract_besthit.tsv; irgsp_dedup_bam_reads.tsv,reported_in_sample_metadata,nanzuo_mcp_sample_metadata.tsv,Coordinates copied unchanged from source sample metadata
YWL1_A3492,nanzuo,LV7008960314,LV7005227370,ss,NZ-4-40,layer4,344.4444444,~5100-4000BP,,4000,5100,,BP,Nanzuo archaeological site,"Qingyang, Gansu, China",35.68652679,107.6027799,shotgun QC input available; extract count available,capture1 QC input available; extract count available,capture2 IRGSP BAM available; extract count available,,8225,1292,441,437,,,,,,,5004,939,253,198,,,,,,,,,,,,12429,809,242,147,Nanzuo function 路线记为 capture2,,,,,,,,sample_reads_wide.tsv (v1); pipeline_reads_extract_besthit.tsv; irgsp_dedup_bam_reads.tsv,reported_in_sample_metadata,nanzuo_mcp_sample_metadata.tsv,Coordinates copied unchanged from source sample metadata
YWL1_A3493,nanzuo,LV7008960277,LV7005225728,ss,NZ-4-60,layer4,366.6666667,~5100-4000BP,,4000,5100,,BP,Nanzuo archaeological site,"Qingyang, Gansu, China",35.68652679,107.6027799,shotgun QC input available; extract count available,capture1 QC input available; extract count available,capture2 IRGSP BAM available; extract count available,,9357,1638,595,587,,,,,,,8507,1494,306,224,,,,,,,,,,,,193,37,2,2,Nanzuo function 路线记为 capture2,,,,,,,,sample_reads_wide.tsv (v1); pipeline_reads_extract_besthit.tsv; irgsp_dedup_bam_reads.tsv,reported_in_sample_metadata,nanzuo_mcp_sample_metadata.tsv,Coordinates copied unchanged from source sample metadata
YWL1_A3494,nanzuo,LV7008960252,LV7005227372,ss,NZ-4-80,layer4,388.8888889,~5100-4000BP,,4000,5100,,BP,Nanzuo archaeological site,"Qingyang, Gansu, China",35.68652679,107.6027799,shotgun QC input available; extract count available,capture1 QC input available; extract count available,capture2 IRGSP BAM available; extract count available,,4397,437,172,162,,,,,,,1812,256,93,81,,,,,,,,,,,,2747,107,48,30,Nanzuo function 路线记为 capture2,,,,,,,,sample_reads_wide.tsv (v1); pipeline_reads_extract_besthit.tsv; irgsp_dedup_bam_reads.tsv,reported_in_sample_metadata,nanzuo_mcp_sample_metadata.tsv,Coordinates copied unchanged from source sample metadata
YWL1_A3495,nanzuo,LV7008960227,LV7005227373,ss,NZ-5-5,layer5,408.3333333,~5100-4000BP,,4000,5100,,BP,Nanzuo archaeological site,"Qingyang, Gansu, China",35.68652679,107.6027799,shotgun QC input available; extract count available,capture1 QC input available; extract count available,capture2 IRGSP BAM available; extract count available,,3,1,1,1,,,,,,,14,3,0,0,,,,,,,,,,,,2,1,0,0,Nanzuo function 路线记为 capture2,,,,,,,,sample_reads_wide.tsv (v1); pipeline_reads_extract_besthit.tsv; irgsp_dedup_bam_reads.tsv,reported_in_sample_metadata,nanzuo_mcp_sample_metadata.tsv,Coordinates copied unchanged from source sample metadata
YWL1_A3496,nanzuo,LV7008960311,LV7005227374,ss,NZ-5-25,layer5,441.6666667,~5100-4000BP,,4000,5100,,BP,Nanzuo archaeological site,"Qingyang, Gansu, China",35.68652679,107.6027799,shotgun QC input available; extract count available,capture1 QC input available; extract count available,capture2 IRGSP BAM available; extract count available,,19156,5646,1958,1956,,,,,,,12158,3158,1396,235,,,,,,,,,,,,2590,195,56,37,Nanzuo function 路线记为 capture2,,,,,,,,sample_reads_wide.tsv (v1); pipeline_reads_extract_besthit.tsv; irgsp_dedup_bam_reads.tsv,reported_in_sample_metadata,nanzuo_mcp_sample_metadata.tsv,Coordinates copied unchanged from source sample metadata
YWL1_A3497,nanzuo,LV7008960274,LV7005227375,ss,NZ-5-40,layer5,466.6666667,~5100-4000BP,,4000,5100,,BP,Nanzuo archaeological site,"Qingyang, Gansu, China",35.68652679,107.6027799,shotgun QC input available; extract count available,capture1 QC input available; extract count available,capture2 IRGSP BAM available; extract count available,,12845,4241,1982,1974,,,,,,,6117,3102,2534,163,,,,,,,,,,,,895,176,68,26,Nanzuo function 路线记为 capture2,,,,,,,,sample_reads_wide.tsv (v1); pipeline_reads_extract_besthit.tsv; irgsp_dedup_bam_reads.tsv,reported_in_sample_metadata,nanzuo_mcp_sample_metadata.tsv,Coordinates copied unchanged from source sample metadata
YWL1_A3498,nanzuo,LV7008960249,LV7005227376,ss,NZ-5-55,layer5,491.6666667,~5100-4000BP,,4000,5100,,BP,Nanzuo archaeological site,"Qingyang, Gansu, China",35.68652679,107.6027799,shotgun QC input available; extract count available,capture1 QC input available; extract count available,capture2 IRGSP BAM available; extract count available,,25928,7451,2640,2622,,,,,,,30973,7093,2097,400,,,,,,,,,,,,29600,2581,896,250,Nanzuo function 路线记为 capture2,,,,,,,,sample_reads_wide.tsv (v1); pipeline_reads_extract_besthit.tsv; irgsp_dedup_bam_reads.tsv,reported_in_sample_metadata,nanzuo_mcp_sample_metadata.tsv,Coordinates copied unchanged from source sample metadata
YWL1_A3499,nanzuo,LV7008960242,LV7005227377,ss,NZ-6-10,layer6,526.3157895,~5100-4000BP,,4000,5100,,BP,Nanzuo archaeological site,"Qingyang, Gansu, China",35.68652679,107.6027799,shotgun QC input available; extract count available,capture1 QC input available; extract count available,capture2 IRGSP BAM available; extract count available,,9387,1643,558,548,,,,,,,3403,574,99,91,,,,,,,,,,,,1377,88,27,19,Nanzuo function 路线记为 capture2,,,,,,,,sample_reads_wide.tsv (v1); pipeline_reads_extract_besthit.tsv; irgsp_dedup_bam_reads.tsv,reported_in_sample_metadata,nanzuo_mcp_sample_metadata.tsv,Coordinates copied unchanged from source sample metadata
YWL1_A3500,nanzuo,LV7008960217,LV7005227378,ss,NZ-6-25,layer5,565.7894737,~5100-4000BP,,4000,5100,,BP,Nanzuo archaeological site,"Qingyang, Gansu, China",35.68652679,107.6027799,shotgun QC input available; extract count available,capture1 QC input available; extract count available,capture2 IRGSP BAM available; extract count available,,8362,1618,545,535,,,,,,,2685,430,132,112,,,,,,,,,,,,1466,81,47,31,Nanzuo function 路线记为 capture2,,,,,,,,sample_reads_wide.tsv (v1); pipeline_reads_extract_besthit.tsv; irgsp_dedup_bam_reads.tsv,reported_in_sample_metadata,nanzuo_mcp_sample_metadata.tsv,Coordinates copied unchanged from source sample metadata
YWL1_A3501,nanzuo,LV7008960289,LV7005227379,ss,NZ-7-15,layer7,655.5555556,~5100-4000BP,,4000,5100,,BP,Nanzuo archaeological site,"Qingyang, Gansu, China",35.68652679,107.6027799,shotgun QC input available; extract count available,capture1 QC input available; extract count available,capture2 IRGSP BAM available; extract count available,,8571,1549,554,548,,,,,,,23866,3547,2002,176,,,,,,,,,,,,5844,644,61,41,Nanzuo function 路线记为 capture2,,,,,,,,sample_reads_wide.tsv (v1); pipeline_reads_extract_besthit.tsv; irgsp_dedup_bam_reads.tsv,reported_in_sample_metadata,nanzuo_mcp_sample_metadata.tsv,Coordinates copied unchanged from source sample metadata
YWL1_A3502,nanzuo,LV7008960264,LV7005226560,ss,NZ-8-10,layer8,745.4545455,~5100-4000BP,,4000,5100,,BP,Nanzuo archaeological site,"Qingyang, Gansu, China",35.68652679,107.6027799,extract count available,capture1 QC input available; extract count available,capture2 IRGSP BAM available; extract count available,,4314,608,197,193,,,,,,,8704,1164,273,177,,,,,,,,,,,,2645,114,28,21,Nanzuo function 路线记为 capture2,,,,,,,,sample_reads_wide.tsv (v1); pipeline_reads_extract_besthit.tsv; irgsp_dedup_bam_reads.tsv,reported_in_sample_metadata,nanzuo_mcp_sample_metadata.tsv,Coordinates copied unchanged from source sample metadata
YWL1_A3503,nanzuo,LV7008960239,LV7005227381,ss,NZ-9-15,layer9,860,~5100-4000BP,,4000,5100,,BP,Nanzuo archaeological site,"Qingyang, Gansu, China",35.68652679,107.6027799,shotgun QC input available; extract count available,capture1 QC input available; extract count available,capture2 IRGSP BAM available; extract count available,,4693,647,211,207,,,,,,,4621,405,171,109,,,,,,,,,,,,6442,454,80,61,Nanzuo function 路线记为 capture2,,,,,,,,sample_reads_wide.tsv (v1); pipeline_reads_extract_besthit.tsv; irgsp_dedup_bam_reads.tsv,reported_in_sample_metadata,nanzuo_mcp_sample_metadata.tsv,Coordinates copied unchanged from source sample metadata
YWL1_A5036,mcp,LV7008865116,LV6000655548,ss,MCP#1,,,"Pleistocene; 10cm below dated ash layer, back of Cave of Winds first chamber",,,,,geological period,Cave of the Winds,"Gunung Mulu National Park, Sarawak, Malaysia",4.065,114.831389,bbduk QC input available; extract count available,,,,1204,102,23,18,,,,,,,,,,,,,,,,,,,,,,,,,,MCP 现有 shotgun 路线计数填入 extract；未把 proxy ID 作为 sample_id,,,,,,,,sample_reads_wide.tsv (v1); pipeline_reads_extract_besthit.tsv; irgsp_dedup_bam_reads.tsv,reported_in_sample_metadata,nanzuo_mcp_sample_metadata.tsv,Coordinates copied unchanged from source sample metadata
YWL1_A5037,mcp,LV7008865128,LV6000655556,ss,MCP#2,,,"Pleistocene; top of dated ash layer, back of Cave of Winds first chamber",,,,,geological period,Cave of the Winds,"Gunung Mulu National Park, Sarawak, Malaysia",4.065,114.831389,bbduk QC input available; extract count available,,,,3197,298,82,79,,,,,,,,,,,,,,,,,,,,,,,,,,MCP 现有 shotgun 路线计数填入 extract；未把 proxy ID 作为 sample_id,,,,,,,,sample_reads_wide.tsv (v1); pipeline_reads_extract_besthit.tsv; irgsp_dedup_bam_reads.tsv,reported_in_sample_metadata,nanzuo_mcp_sample_metadata.tsv,Coordinates copied unchanged from source sample metadata
YWL1_A5038,mcp,LV7008865140,LV6000655564,ss,MCP#3,,,"Pleistocene?; 30cm above dated ash layer, back of Cave of Winds first chamber",,,,,geological period,Cave of the Winds,"Gunung Mulu National Park, Sarawak, Malaysia",4.065,114.831389,bbduk QC input available; extract count available,,,,1530,145,29,25,,,,,,,,,,,,,,,,,,,,,,,,,,MCP 现有 shotgun 路线计数填入 extract；未把 proxy ID 作为 sample_id,,,,,,,,sample_reads_wide.tsv (v1); pipeline_reads_extract_besthit.tsv; irgsp_dedup_bam_reads.tsv,reported_in_sample_metadata,nanzuo_mcp_sample_metadata.tsv,Coordinates copied unchanged from source sample metadata
YWL1_A5039,mcp,LV7008865152,LV6000655572,ss,MCP#4,,,"Pleistocene?; 50cm above dated ash layer, back of Cave of Winds first chamber",,,,,geological period,Cave of the Winds,"Gunung Mulu National Park, Sarawak, Malaysia",4.065,114.831389,bbduk QC input available; extract count available,,,,1039,89,17,12,,,,,,,,,,,,,,,,,,,,,,,,,,MCP 现有 shotgun 路线计数填入 extract；未把 proxy ID 作为 sample_id,,,,,,,,sample_reads_wide.tsv (v1); pipeline_reads_extract_besthit.tsv; irgsp_dedup_bam_reads.tsv,reported_in_sample_metadata,nanzuo_mcp_sample_metadata.tsv,Coordinates copied unchanged from source sample metadata
YWL1_A5040,mcp,LV7008865164,LV6000655580,ss,MCP#5,,,"Pleistocene?; 60cm above dated ash layer, back of Cave of Winds first chamber",,,,,geological period,Cave of the Winds,"Gunung Mulu National Park, Sarawak, Malaysia",4.065,114.831389,bbduk QC input available; extract count available,,,,1623,204,22,20,,,,,,,,,,,,,,,,,,,,,,,,,,MCP 现有 shotgun 路线计数填入 extract；未把 proxy ID 作为 sample_id,,,,,,,,sample_reads_wide.tsv (v1); pipeline_reads_extract_besthit.tsv; irgsp_dedup_bam_reads.tsv,reported_in_sample_metadata,nanzuo_mcp_sample_metadata.tsv,Coordinates copied unchanged from source sample metadata
YWL1_A5041,mcp,LV7008865176,LV6000655588,ss,MCP#6,,,C-14: 3020 ± 100 BP,3020,2920,3120,100,BP,Cave of the Winds,"Gunung Mulu National Park, Sarawak, Malaysia",4.065,114.831389,bbduk QC input available; extract count available,,,,1112,107,22,18,,,,,,,,,,,,,,,,,,,,,,,,,,MCP 现有 shotgun 路线计数填入 extract；未把 proxy ID 作为 sample_id,,,,,,,,sample_reads_wide.tsv (v1); pipeline_reads_extract_besthit.tsv; irgsp_dedup_bam_reads.tsv,reported_in_sample_metadata,nanzuo_mcp_sample_metadata.tsv,Coordinates copied unchanged from source sample metadata
YWL1_A5042,mcp,LV7008865091,LV6000655549,ss,MCP#7,,,C-14: 3020 ± 100 BP,3020,2920,3120,100,BP,Cave of the Winds,"Gunung Mulu National Park, Sarawak, Malaysia",4.065,114.831389,bbduk QC input available; extract count available,,,,1114,86,18,18,,,,,,,,,,,,,,,,,,,,,,,,,,MCP 现有 shotgun 路线计数填入 extract；未把 proxy ID 作为 sample_id,,,,,,,,sample_reads_wide.tsv (v1); pipeline_reads_extract_besthit.tsv; irgsp_dedup_bam_reads.tsv,reported_in_sample_metadata,nanzuo_mcp_sample_metadata.tsv,Coordinates copied unchanged from source sample metadata
YWL1_A5043,mcp,LV7008865103,LV6000655557,ss,MCP#8,,,C-14: 3020 ± 100 BP,3020,2920,3120,100,BP,Cave of the Winds,"Gunung Mulu National Park, Sarawak, Malaysia",4.065,114.831389,bbduk QC input available; extract count available,,,,1436,140,35,32,,,,,,,,,,,,,,,,,,,,,,,,,,MCP 现有 shotgun 路线计数填入 extract；未把 proxy ID 作为 sample_id,,,,,,,,sample_reads_wide.tsv (v1); pipeline_reads_extract_besthit.tsv; irgsp_dedup_bam_reads.tsv,reported_in_sample_metadata,nanzuo_mcp_sample_metadata.tsv,Coordinates copied unchanged from source sample metadata
YWL1_A5044,mcp,LV7008865115,LV6000655565,ss,MCP#9,,,C-14: 3020 ± 100 BP,3020,2920,3120,100,BP,Cave of the Winds,"Gunung Mulu National Park, Sarawak, Malaysia",4.065,114.831389,bbduk QC input available; extract count available,,,,834,72,14,14,,,,,,,,,,,,,,,,,,,,,,,,,,MCP 现有 shotgun 路线计数填入 extract；未把 proxy ID 作为 sample_id,,,,,,,,sample_reads_wide.tsv (v1); pipeline_reads_extract_besthit.tsv; irgsp_dedup_bam_reads.tsv,reported_in_sample_metadata,nanzuo_mcp_sample_metadata.tsv,Coordinates copied unchanged from source sample metadata
YWL1_A5045,mcp,LV7008865127,LV6000655573,ss,MCP#10,,30,"Holocene; Bottom of sediment core, 30cm below dated archaeological surface",,,,,geological period,Cave of the Winds,"Gunung Mulu National Park, Sarawak, Malaysia",4.065,114.831389,bbduk QC input available; extract count available,,,,9425,1055,249,249,,,,,,,,,,,,,,,,,,,,,,,,,,MCP 现有 shotgun 路线计数填入 extract；未把 proxy ID 作为 sample_id,,,,,,,,sample_reads_wide.tsv (v1); pipeline_reads_extract_besthit.tsv; irgsp_dedup_bam_reads.tsv,reported_in_sample_metadata,nanzuo_mcp_sample_metadata.tsv,Coordinates copied unchanged from source sample metadata
YWL1_A5046,mcp,LV7008865139,LV6000655581,ss,MCP#11,,,"Holocene; Possible occupation layer, contains charcoal; top of exposed profile in entrance",,,,,geological period,Lady cave,"Gunung Mulu National Park, Sarawak, Malaysia",4.065,114.831389,bbduk QC input available; extract count available,,,,2209,170,44,39,,,,,,,,,,,,,,,,,,,,,,,,,,MCP 现有 shotgun 路线计数填入 extract；未把 proxy ID 作为 sample_id,,,,,,,,sample_reads_wide.tsv (v1); pipeline_reads_extract_besthit.tsv; irgsp_dedup_bam_reads.tsv,reported_in_sample_metadata,nanzuo_mcp_sample_metadata.tsv,Coordinates copied unchanged from source sample metadata
YWL1_A5047,mcp,LV7008865151,LV6000655589,ss,MCP#12,,,Holocene; Possible occupation layer; middle of exposed profile in entrance,,,,,geological period,Lady cave,"Gunung Mulu National Park, Sarawak, Malaysia",4.065,114.831389,bbduk QC input available; extract count available,,,,1916,286,78,73,,,,,,,,,,,,,,,,,,,,,,,,,,MCP 现有 shotgun 路线计数填入 extract；未把 proxy ID 作为 sample_id,,,,,,,,sample_reads_wide.tsv (v1); pipeline_reads_extract_besthit.tsv; irgsp_dedup_bam_reads.tsv,reported_in_sample_metadata,nanzuo_mcp_sample_metadata.tsv,Coordinates copied unchanged from source sample metadata
LV7008879483,qc519_non_angkor,LV7008879483,LV6000200287,,LV3006120727,RN24063,,,,,,,,Rano Raraku#16,Rano Raraku#16; Chile,,,Qualified; QC519 collapsed available; extract count available,,,,157699,32999,6910,6846,,,,,,,,,,,,,,,,,,,,,,,,,,现有路线计数填入 extract,,,,,,,,sample_reads_wide.tsv (v1); pipeline_reads_extract_besthit.tsv; irgsp_dedup_bam_reads.tsv,needs_georeferencing,,"Site name is available, but no verified sampling-point coordinate is present"
LV7008879484,qc519_non_angkor,LV7008879484,LV6000200270,,LV3006120784,RN24023,,,,,,,,Ahu Apepe,Ahu Apepe; Chile,,,Qualified; QC519 collapsed available; extract count available,,,,30696,3919,764,760,,,,,,,,,,,,,,,,,,,,,,,,,,现有路线计数填入 extract,,,,,,,,sample_reads_wide.tsv (v1); pipeline_reads_extract_besthit.tsv; irgsp_dedup_bam_reads.tsv,needs_georeferencing,,"Site name is available, but no verified sampling-point coordinate is present"
LV7008879485,qc519_non_angkor,LV7008879485,LV6000200229,,LV3006120780,RN24015,,,,,,,,Kahu Rea,Kahu Rea; Chile,,,Qualified; QC519 collapsed available; extract count available,,,,23608,2143,786,783,,,,,,,,,,,,,,,,,,,,,,,,,,现有路线计数填入 extract,,,,,,,,sample_reads_wide.tsv (v1); pipeline_reads_extract_besthit.tsv; irgsp_dedup_bam_reads.tsv,needs_georeferencing,,"Site name is available, but no verified sampling-point coordinate is present"
LV7008879486,qc519_non_angkor,LV7008879486,LV6000200283,,LV3006007689,RN24007,,,,,,,,Poike,Poike; Chile,,,Qualified; QC519 collapsed available; extract count available,,,,53522,9291,2740,2715,,,,,,,,,,,,,,,,,,,,,,,,,,现有路线计数填入 extract,,,,,,,,sample_reads_wide.tsv (v1); pipeline_reads_extract_besthit.tsv; irgsp_dedup_bam_reads.tsv,needs_georeferencing,,"Site name is available, but no verified sampling-point coordinate is present"
LV7008879495,qc519_non_angkor,LV7008879495,LV6000200295,,LV3006120746,RN24064,,,,,,,,Rano Raraku#17,Rano Raraku#17; Chile,,,Qualified; QC519 collapsed available; extract count available,,,,129685,30228,5256,5197,,,,,,,,,,,,,,,,,,,,,,,,,,现有路线计数填入 extract,,,,,,,,sample_reads_wide.tsv (v1); pipeline_reads_extract_besthit.tsv; irgsp_dedup_bam_reads.tsv,needs_georeferencing,,"Site name is available, but no verified sampling-point coordinate is present"
LV7008879496,qc519_non_angkor,LV7008879496,LV6000200278,,LV3006120778,RN24056,,,,,,,,Rano Raraku#9,Rano Raraku#9; Chile,,,Qualified; QC519 collapsed available; extract count available,,,,36257,7835,1321,1312,,,,,,,,,,,,,,,,,,,,,,,,,,现有路线计数填入 extract,,,,,,,,sample_reads_wide.tsv (v1); pipeline_reads_extract_besthit.tsv; irgsp_dedup_bam_reads.tsv,needs_georeferencing,,"Site name is available, but no verified sampling-point coordinate is present"
LV7008879497,qc519_non_angkor,LV7008879497,LV6000200261,,LV3006120779,RN24016,,,,,,,,Kahu Rea,Kahu Rea; Chile,,,Qualified; QC519 collapsed available; extract count available,,,,24826,2488,800,794,,,,,,,,,,,,,,,,,,,,,,,,,,现有路线计数填入 extract,,,,,,,,sample_reads_wide.tsv (v1); pipeline_reads_extract_besthit.tsv; irgsp_dedup_bam_reads.tsv,needs_georeferencing,,"Site name is available, but no verified sampling-point coordinate is present"
LV7008879498,qc519_non_angkor,LV7008879498,LV6000200291,,LV3006121843,RN24008,,,,,,,,Poike,Poike; Chile,,,Qualified; QC519 collapsed available; extract count available,,,,32987,4703,1487,1482,,,,,,,,,,,,,,,,,,,,,,,,,,现有路线计数填入 extract,,,,,,,,sample_reads_wide.tsv (v1); pipeline_reads_extract_besthit.tsv; irgsp_dedup_bam_reads.tsv,needs_georeferencing,,"Site name is available, but no verified sampling-point coordinate is present"
LV7008879507,qc519_non_angkor,LV7008879507,LV6000202538,,LV3006120740,RN24065,,,,,,,,Rano Raraku#18,Rano Raraku#18; Chile,,,Qualified; QC519 collapsed available; extract count available,,,,107487,23486,4561,4508,,,,,,,,,,,,,,,,,,,,,,,,,,现有路线计数填入 extract,,,,,,,,sample_reads_wide.tsv (v1); pipeline_reads_extract_besthit.tsv; irgsp_dedup_bam_reads.tsv,needs_georeferencing,,"Site name is available, but no verified sampling-point coordinate is present"
LV7008879508,qc519_non_angkor,LV7008879508,LV6000200286,,LV3006120789,RN24057,,,,,,,,Rano Raraku#10,Rano Raraku#10; Chile,,,Qualified; QC519 collapsed available; extract count available,,,,171391,41594,8127,8017,,,,,,,,,,,,,,,,,,,,,,,,,,现有路线计数填入 extract,,,,,,,,sample_reads_wide.tsv (v1); pipeline_reads_extract_besthit.tsv; irgsp_dedup_bam_reads.tsv,needs_georeferencing,,"Site name is available, but no verified sampling-point coordinate is present"
LV7008879509,qc519_non_angkor,LV7008879509,LV6000200269,,LV3006120785,RN24017,,,,,,,,Kahu Rea,Kahu Rea; Chile,,,Qualified; QC519 collapsed available; extract count available,,,,24492,2539,880,873,,,,,,,,,,,,,,,,,,,,,,,,,,现有路线计数填入 extract,,,,,,,,sample_reads_wide.tsv (v1); pipeline_reads_extract_besthit.tsv; irgsp_dedup_bam_reads.tsv,needs_georeferencing,,"Site name is available, but no verified sampling-point coordinate is present"
LV7008879510,qc519_non_angkor,LV7008879510,LV6000200228,,LV3006120793,RN24009,,,,,,,,Kahu Rea,Kahu Rea; Chile,,,Qualified; QC519 collapsed available; extract count available,,,,16349,1447,546,544,,,,,,,,,,,,,,,,,,,,,,,,,,现有路线计数填入 extract,,,,,,,,sample_reads_wide.tsv (v1); pipeline_reads_extract_besthit.tsv; irgsp_dedup_bam_reads.tsv,needs_georeferencing,,"Site name is available, but no verified sampling-point coordinate is present"
LV7008879511,qc519_non_angkor,LV7008879511,LV6000200282,,LV3006121850,RN24001,,,,,,,,Poike,Poike; Chile,,,Qualified; QC519 collapsed available; extract count available,,,,47882,8975,1863,1843,,,,,,,,,,,,,,,,,,,,,,,,,,现有路线计数填入 extract,,,,,,,,sample_reads_wide.tsv (v1); pipeline_reads_extract_besthit.tsv; irgsp_dedup_bam_reads.tsv,needs_georeferencing,,"Site name is available, but no verified sampling-point coordinate is present"
LV7008879519,qc519_non_angkor,LV7008879519,LV6000202522,,LV3006120734,RN24066,,,,,,,,Rano Raraku#19,Rano Raraku#19; Chile,,,Qualified; QC519 collapsed available; extract count available,,,,57616,10301,2669,2644,,,,,,,,,,,,,,,,,,,,,,,,,,现有路线计数填入 extract,,,,,,,,sample_reads_wide.tsv (v1); pipeline_reads_extract_besthit.tsv; irgsp_dedup_bam_reads.tsv,needs_georeferencing,,"Site name is available, but no verified sampling-point coordinate is present"
LV7008879520,qc519_non_angkor,LV7008879520,LV6000200294,,LV3006120783,RN24058,,,,,,,,Rano Raraku#11,Rano Raraku#11; Chile,,,Qualified; QC519 collapsed available; extract count available,,,,149259,36229,6478,6396,,,,,,,,,,,,,,,,,,,,,,,,,,现有路线计数填入 extract,,,,,,,,sample_reads_wide.tsv (v1); pipeline_reads_extract_besthit.tsv; irgsp_dedup_bam_reads.tsv,needs_georeferencing,,"Site name is available, but no verified sampling-point coordinate is present"
LV7008879521,qc519_non_angkor,LV7008879521,LV6000200277,,LV3006120791,RN24018,,,,,,,,Kahu Rea,Kahu Rea; Chile,,,Qualified; QC519 collapsed available; extract count available,,,,45400,7185,1812,1800,,,,,,,,,,,,,,,,,,,,,,,,,,现有路线计数填入 extract,,,,,,,,sample_reads_wide.tsv (v1); pipeline_reads_extract_besthit.tsv; irgsp_dedup_bam_reads.tsv,needs_georeferencing,,"Site name is available, but no verified sampling-point coordinate is present"
LV7008879522,qc519_non_angkor,LV7008879522,LV6000200260,,LV3006120787,RN24010,,,,,,,,Kahu Rea,Kahu Rea; Chile,,,Qualified; QC519 collapsed available; extract count available,,,,21449,1865,673,671,,,,,,,,,,,,,,,,,,,,,,,,,,现有路线计数填入 extract,,,,,,,,sample_reads_wide.tsv (v1); pipeline_reads_extract_besthit.tsv; irgsp_dedup_bam_reads.tsv,needs_georeferencing,,"Site name is available, but no verified sampling-point coordinate is present"
LV7008879523,qc519_non_angkor,LV7008879523,LV6000200290,,LV3006120893,RN24002,,,,,,,,Poike,Poike; Chile,,,Qualified; QC519 collapsed available; extract count available,,,,54351,9769,2229,2208,,,,,,,,,,,,,,,,,,,,,,,,,,现有路线计数填入 extract,,,,,,,,sample_reads_wide.tsv (v1); pipeline_reads_extract_besthit.tsv; irgsp_dedup_bam_reads.tsv,needs_georeferencing,,"Site name is available, but no verified sampling-point coordinate is present"
LV7008879531,qc519_non_angkor,LV7008879531,LV6000202514,,LV3006120728,RN24067,,,,,,,,Rano Raraku#20,Rano Raraku#20; Chile,,,Qualified; QC519 collapsed available; extract count available,,,,75101,17195,2608,2588,,,,,,,,,,,,,,,,,,,,,,,,,,现有路线计数填入 extract,,,,,,,,sample_reads_wide.tsv (v1); pipeline_reads_extract_besthit.tsv; irgsp_dedup_bam_reads.tsv,needs_georeferencing,,"Site name is available, but no verified sampling-point coordinate is present"
LV7008879532,qc519_non_angkor,LV7008879532,LV6000200263,,LV3006120777,RN24059,,,,,,,,Rano Raraku#12,Rano Raraku#12; Chile,,,Qualified; QC519 collapsed available; extract count available,,,,97228,21735,3859,3797,,,,,,,,,,,,,,,,,,,,,,,,,,现有路线计数填入 extract,,,,,,,,sample_reads_wide.tsv (v1); pipeline_reads_extract_besthit.tsv; irgsp_dedup_bam_reads.tsv,needs_georeferencing,,"Site name is available, but no verified sampling-point coordinate is present"
LV7008879533,qc519_non_angkor,LV7008879533,LV6000200285,,LV3006120797,RN24019,,,,,,,,Kahu Rea,Kahu Rea; Chile,,,Qualified; QC519 collapsed available; extract count available,,,,53426,9695,2214,2186,,,,,,,,,,,,,,,,,,,,,,,,,,现有路线计数填入 extract,,,,,,,,sample_reads_wide.tsv (v1); pipeline_reads_extract_besthit.tsv; irgsp_dedup_bam_reads.tsv,needs_georeferencing,,"Site name is available, but no verified sampling-point coordinate is present"
LV7008879534,qc519_non_angkor,LV7008879534,LV6000200268,,LV3006120781,RN24011,,,,,,,,Kahu Rea,Kahu Rea; Chile,,,Qualified; QC519 collapsed available; extract count available,,,,18289,1683,605,602,,,,,,,,,,,,,,,,,,,,,,,,,,现有路线计数填入 extract,,,,,,,,sample_reads_wide.tsv (v1); pipeline_reads_extract_besthit.tsv; irgsp_dedup_bam_reads.tsv,needs_georeferencing,,"Site name is available, but no verified sampling-point coordinate is present"
LV7008879535,qc519_non_angkor,LV7008879535,LV6000200227,,LV3006121856,RN24003,,,,,,,,Poike,Poike; Chile,,,Qualified; QC519 collapsed available; extract count available,,,,710,76,24,24,,,,,,,,,,,,,,,,,,,,,,,,,,现有路线计数填入 extract,,,,,,,,sample_reads_wide.tsv (v1); pipeline_reads_extract_besthit.tsv; irgsp_dedup_bam_reads.tsv,needs_georeferencing,,"Site name is available, but no verified sampling-point coordinate is present"
LV7008879543,qc519_non_angkor,LV7008879543,LV6000200280,,LV3006120747,RN24068,,,,,,,,Rano Raraku#21,Rano Raraku#21; Chile,,,Qualified; QC519 collapsed available; extract count available,,,,44371,9092,2085,2065,,,,,,,,,,,,,,,,,,,,,,,,,,现有路线计数填入 extract,,,,,,,,sample_reads_wide.tsv (v1); pipeline_reads_extract_besthit.tsv; irgsp_dedup_bam_reads.tsv,needs_georeferencing,,"Site name is available, but no verified sampling-point coordinate is present"
LV7008879544,qc519_non_angkor,LV7008879544,LV7008414996,,LV3006120745,RN24060,,,,,,,,Rano Raraku#13,Rano Raraku#13; Chile,,,Qualified; QC519 collapsed available; extract count available,,,,95696,22612,4030,3977,,,,,,,,,,,,,,,,,,,,,,,,,,现有路线计数填入 extract,,,,,,,,sample_reads_wide.tsv (v1); pipeline_reads_extract_besthit.tsv; irgsp_dedup_bam_reads.tsv,needs_georeferencing,,"Site name is available, but no verified sampling-point coordinate is present"
LV7008879545,qc519_non_angkor,LV7008879545,LV6000200293,,LV3006120796,RN24020,,,,,,,,Kahu Rea,Kahu Rea; Chile,,,Qualified; QC519 collapsed available; extract count available,,,,55242,9546,2199,2176,,,,,,,,,,,,,,,,,,,,,,,,,,现有路线计数填入 extract,,,,,,,,sample_reads_wide.tsv (v1); pipeline_reads_extract_besthit.tsv; irgsp_dedup_bam_reads.tsv,needs_georeferencing,,"Site name is available, but no verified sampling-point coordinate is present"
LV7008879546,qc519_non_angkor,LV7008879546,LV6000200276,,LV3006120798,RN24012,,,,,,,,Kahu Rea,Kahu Rea; Chile,,,Qualified; QC519 collapsed available; extract count available,,,,22125,2857,970,966,,,,,,,,,,,,,,,,,,,,,,,,,,现有路线计数填入 extract,,,,,,,,sample_reads_wide.tsv (v1); pipeline_reads_extract_besthit.tsv; irgsp_dedup_bam_reads.tsv,needs_georeferencing,,"Site name is available, but no verified sampling-point coordinate is present"
LV7008879547,qc519_non_angkor,LV7008879547,LV6000200259,,LV3006122002,RN24004,,,,,,,,Poike,Poike; Chile,,,Qualified; QC519 collapsed available; extract count available,,,,50263,7516,1558,1547,,,,,,,,,,,,,,,,,,,,,,,,,,现有路线计数填入 extract,,,,,,,,sample_reads_wide.tsv (v1); pipeline_reads_extract_besthit.tsv; irgsp_dedup_bam_reads.tsv,needs_georeferencing,,"Site name is available, but no verified sampling-point coordinate is present"
LV7008879556,qc519_non_angkor,LV7008879556,LV6000200271,,LV3006120739,RN24061,,,,,,,,Rano Raraku#14,Rano Raraku#14; Chile,,,Qualified; QC519 collapsed available; extract count available,,,,112399,25317,4585,4520,,,,,,,,,,,,,,,,,,,,,,,,,,现有路线计数填入 extract,,,,,,,,sample_reads_wide.tsv (v1); pipeline_reads_extract_besthit.tsv; irgsp_dedup_bam_reads.tsv,needs_georeferencing,,"Site name is available, but no verified sampling-point coordinate is present"
LV7008879557,qc519_non_angkor,LV7008879557,LV6000200230,,LV3006120795,RN24021,,,,,,,,Ahu Apepe,Ahu Apepe; Chile,,,Qualified; QC519 collapsed available; extract count available,,,,16429,1581,464,464,,,,,,,,,,,,,,,,,,,,,,,,,,现有路线计数填入 extract,,,,,,,,sample_reads_wide.tsv (v1); pipeline_reads_extract_besthit.tsv; irgsp_dedup_bam_reads.tsv,needs_georeferencing,,"Site name is available, but no verified sampling-point coordinate is present"
LV7008879558,qc519_non_angkor,LV7008879558,LV6000200284,,LV3006120786,RN24013,,,,,,,,Kahu Rea,Kahu Rea; Chile,,,Qualified; QC519 collapsed available; extract count available,,,,21637,2455,801,790,,,,,,,,,,,,,,,,,,,,,,,,,,现有路线计数填入 extract,,,,,,,,sample_reads_wide.tsv (v1); pipeline_reads_extract_besthit.tsv; irgsp_dedup_bam_reads.tsv,needs_georeferencing,,"Site name is available, but no verified sampling-point coordinate is present"
LV7008879559,qc519_non_angkor,LV7008879559,LV6000200267,,LV3006121858,RN24005,,,,,,,,Poike,Poike; Chile,,,Qualified; QC519 collapsed available; extract count available,,,,70824,10636,2686,2672,,,,,,,,,,,,,,,,,,,,,,,,,,现有路线计数填入 extract,,,,,,,,sample_reads_wide.tsv (v1); pipeline_reads_extract_besthit.tsv; irgsp_dedup_bam_reads.tsv,needs_georeferencing,,"Site name is available, but no verified sampling-point coordinate is present"
LV7008879568,qc519_non_angkor,LV7008879568,LV7008415602,,LV3006120733,RN24062,,,,,,,,Rano Raraku#15,Rano Raraku#15; Chile,,,Qualified; QC519 collapsed available; extract count available,,,,123219,26815,5222,5184,,,,,,,,,,,,,,,,,,,,,,,,,,现有路线计数填入 extract,,,,,,,,sample_reads_wide.tsv (v1); pipeline_reads_extract_besthit.tsv; irgsp_dedup_bam_reads.tsv,needs_georeferencing,,"Site name is available, but no verified sampling-point coordinate is present"
LV7008879569,qc519_non_angkor,LV7008879569,LV6000200262,,LV3006120790,RN24022,,,,,,,,Ahu Apepe,Ahu Apepe; Chile,,,Qualified; QC519 collapsed available; extract count available,,,,33462,5276,795,791,,,,,,,,,,,,,,,,,,,,,,,,,,现有路线计数填入 extract,,,,,,,,sample_reads_wide.tsv (v1); pipeline_reads_extract_besthit.tsv; irgsp_dedup_bam_reads.tsv,needs_georeferencing,,"Site name is available, but no verified sampling-point coordinate is present"
LV7008879570,qc519_non_angkor,LV7008879570,LV6000200292,,LV3006120792,RN24014,,,,,,,,Kahu Rea,Kahu Rea; Chile,,,Qualified; QC519 collapsed available; extract count available,,,,16294,1936,677,671,,,,,,,,,,,,,,,,,,,,,,,,,,现有路线计数填入 extract,,,,,,,,sample_reads_wide.tsv (v1); pipeline_reads_extract_besthit.tsv; irgsp_dedup_bam_reads.tsv,needs_georeferencing,,"Site name is available, but no verified sampling-point coordinate is present"
LV7008879571,qc519_non_angkor,LV7008879571,LV6000200275,,LV3006121844,RN24006,,,,,,,,Poike,Poike; Chile,,,Qualified; QC519 collapsed available; extract count available,,,,80702,12958,3131,3109,,,,,,,,,,,,,,,,,,,,,,,,,,现有路线计数填入 extract,,,,,,,,sample_reads_wide.tsv (v1); pipeline_reads_extract_besthit.tsv; irgsp_dedup_bam_reads.tsv,needs_georeferencing,,"Site name is available, but no verified sampling-point coordinate is present"
LV7008879000,qc519_unmapped,LV7008879000,,,,,,,,,,,,,,,,QC519 collapsed available; extract count available,,,,619,69,15,15,,,,,,,,,,,,,,,,,,,,,,,,,,现有路线计数填入 extract,,,,,,,,sample_reads_wide.tsv (v1); pipeline_reads_extract_besthit.tsv; irgsp_dedup_bam_reads.tsv,missing_site_metadata,,Site is unknown; latitude and longitude cannot be assigned safely
LV7008879001,qc519_unmapped,LV7008879001,,,,,,,,,,,,,,,,QC519 collapsed available; extract count available,,,,1867,130,55,55,,,,,,,,,,,,,,,,,,,,,,,,,,现有路线计数填入 extract,,,,,,,,sample_reads_wide.tsv (v1); pipeline_reads_extract_besthit.tsv; irgsp_dedup_bam_reads.tsv,missing_site_metadata,,Site is unknown; latitude and longitude cannot be assigned safely
LV7008879003,qc519_unmapped,LV7008879003,,,,,,,,,,,,,,,,QC519 collapsed available; extract count available,,,,4,0,0,0,,,,,,,,,,,,,,,,,,,,,,,,,,现有路线计数填入 extract,,,,,,,,sample_reads_wide.tsv (v1); pipeline_reads_extract_besthit.tsv; irgsp_dedup_bam_reads.tsv,missing_site_metadata,,Site is unknown; latitude and longitude cannot be assigned safely
LV7008879004,qc519_unmapped,LV7008879004,,,,,,,,,,,,,,,,QC519 collapsed available; extract count available,,,,6629,604,85,63,,,,,,,,,,,,,,,,,,,,,,,,,,现有路线计数填入 extract,,,,,,,,sample_reads_wide.tsv (v1); pipeline_reads_extract_besthit.tsv; irgsp_dedup_bam_reads.tsv,missing_site_metadata,,Site is unknown; latitude and longitude cannot be assigned safely
LV7008879005,qc519_unmapped,LV7008879005,,,,,,,,,,,,,,,,QC519 collapsed available; extract count available,,,,726,79,16,13,,,,,,,,,,,,,,,,,,,,,,,,,,现有路线计数填入 extract,,,,,,,,sample_reads_wide.tsv (v1); pipeline_reads_extract_besthit.tsv; irgsp_dedup_bam_reads.tsv,missing_site_metadata,,Site is unknown; latitude and longitude cannot be assigned safely
LV7008879006,qc519_unmapped,LV7008879006,,,,,,,,,,,,,,,,QC519 collapsed available; extract count available,,,,24822,3259,523,496,,,,,,,,,,,,,,,,,,,,,,,,,,现有路线计数填入 extract,,,,,,,,sample_reads_wide.tsv (v1); pipeline_reads_extract_besthit.tsv; irgsp_dedup_bam_reads.tsv,missing_site_metadata,,Site is unknown; latitude and longitude cannot be assigned safely
LV7008879007,qc519_unmapped,LV7008879007,,,,,,,,,,,,,,,,QC519 collapsed available; extract count available,,,,29591,5627,892,724,,,,,,,,,,,,,,,,,,,,,,,,,,现有路线计数填入 extract,,,,,,,,sample_reads_wide.tsv (v1); pipeline_reads_extract_besthit.tsv; irgsp_dedup_bam_reads.tsv,missing_site_metadata,,Site is unknown; latitude and longitude cannot be assigned safely
LV7008879008,qc519_unmapped,LV7008879008,,,,,,,,,,,,,,,,QC519 collapsed available; extract count available,,,,137049,30605,5027,4837,,,,,,,,,,,,,,,,,,,,,,,,,,现有路线计数填入 extract,,,,,,,,sample_reads_wide.tsv (v1); pipeline_reads_extract_besthit.tsv; irgsp_dedup_bam_reads.tsv,missing_site_metadata,,Site is unknown; latitude and longitude cannot be assigned safely
LV7008879009,qc519_unmapped,LV7008879009,,,,,,,,,,,,,,,,QC519 collapsed available; extract count available,,,,1722,144,53,53,,,,,,,,,,,,,,,,,,,,,,,,,,现有路线计数填入 extract,,,,,,,,sample_reads_wide.tsv (v1); pipeline_reads_extract_besthit.tsv; irgsp_dedup_bam_reads.tsv,missing_site_metadata,,Site is unknown; latitude and longitude cannot be assigned safely
LV7008879010,qc519_unmapped,LV7008879010,,,,,,,,,,,,,,,,QC519 collapsed available; extract count available,,,,1919,138,54,54,,,,,,,,,,,,,,,,,,,,,,,,,,现有路线计数填入 extract,,,,,,,,sample_reads_wide.tsv (v1); pipeline_reads_extract_besthit.tsv; irgsp_dedup_bam_reads.tsv,missing_site_metadata,,Site is unknown; latitude and longitude cannot be assigned safely
LV7008879011,qc519_unmapped,LV7008879011,,,,,,,,,,,,,,,,QC519 collapsed available; extract count available,,,,2886,194,53,53,,,,,,,,,,,,,,,,,,,,,,,,,,现有路线计数填入 extract,,,,,,,,sample_reads_wide.tsv (v1); pipeline_reads_extract_besthit.tsv; irgsp_dedup_bam_reads.tsv,missing_site_metadata,,Site is unknown; latitude and longitude cannot be assigned safely
LV7008879012,qc519_unmapped,LV7008879012,,,,,,,,,,,,,,,,QC519 collapsed available; extract count available,,,,1621,89,34,34,,,,,,,,,,,,,,,,,,,,,,,,,,现有路线计数填入 extract,,,,,,,,sample_reads_wide.tsv (v1); pipeline_reads_extract_besthit.tsv; irgsp_dedup_bam_reads.tsv,missing_site_metadata,,Site is unknown; latitude and longitude cannot be assigned safely
LV7008879013,qc519_unmapped,LV7008879013,,,,,,,,,,,,,,,,QC519 collapsed available; extract count available,,,,1939,129,38,38,,,,,,,,,,,,,,,,,,,,,,,,,,现有路线计数填入 extract,,,,,,,,sample_reads_wide.tsv (v1); pipeline_reads_extract_besthit.tsv; irgsp_dedup_bam_reads.tsv,missing_site_metadata,,Site is unknown; latitude and longitude cannot be assigned safely
LV7008879014,qc519_unmapped,LV7008879014,,,,,,,,,,,,,,,,QC519 collapsed available; extract count available,,,,3373,298,114,111,,,,,,,,,,,,,,,,,,,,,,,,,,现有路线计数填入 extract,,,,,,,,sample_reads_wide.tsv (v1); pipeline_reads_extract_besthit.tsv; irgsp_dedup_bam_reads.tsv,missing_site_metadata,,Site is unknown; latitude and longitude cannot be assigned safely
LV7008879016,qc519_unmapped,LV7008879016,,,,,,,,,,,,,,,,QC519 collapsed available; extract count available,,,,5274,572,98,80,,,,,,,,,,,,,,,,,,,,,,,,,,现有路线计数填入 extract,,,,,,,,sample_reads_wide.tsv (v1); pipeline_reads_extract_besthit.tsv; irgsp_dedup_bam_reads.tsv,missing_site_metadata,,Site is unknown; latitude and longitude cannot be assigned safely
LV7008879017,qc519_unmapped,LV7008879017,,,,,,,,,,,,,,,,QC519 collapsed available; extract count available,,,,5359,1751,776,133,,,,,,,,,,,,,,,,,,,,,,,,,,现有路线计数填入 extract,,,,,,,,sample_reads_wide.tsv (v1); pipeline_reads_extract_besthit.tsv; irgsp_dedup_bam_reads.tsv,missing_site_metadata,,Site is unknown; latitude and longitude cannot be assigned safely
LV7008879018,qc519_unmapped,LV7008879018,,,,,,,,,,,,,,,,QC519 collapsed available; extract count available,,,,67562,12590,2568,2510,,,,,,,,,,,,,,,,,,,,,,,,,,现有路线计数填入 extract,,,,,,,,sample_reads_wide.tsv (v1); pipeline_reads_extract_besthit.tsv; irgsp_dedup_bam_reads.tsv,missing_site_metadata,,Site is unknown; latitude and longitude cannot be assigned safely
LV7008879019,qc519_unmapped,LV7008879019,,,,,,,,,,,,,,,,QC519 collapsed available; extract count available,,,,84004,19211,2960,2890,,,,,,,,,,,,,,,,,,,,,,,,,,现有路线计数填入 extract,,,,,,,,sample_reads_wide.tsv (v1); pipeline_reads_extract_besthit.tsv; irgsp_dedup_bam_reads.tsv,missing_site_metadata,,Site is unknown; latitude and longitude cannot be assigned safely
LV7008879020,qc519_unmapped,LV7008879020,,,,,,,,,,,,,,,,QC519 collapsed available; extract count available,,,,206193,42509,6438,6281,,,,,,,,,,,,,,,,,,,,,,,,,,现有路线计数填入 extract,,,,,,,,sample_reads_wide.tsv (v1); pipeline_reads_extract_besthit.tsv; irgsp_dedup_bam_reads.tsv,missing_site_metadata,,Site is unknown; latitude and longitude cannot be assigned safely
LV7008879021,qc519_unmapped,LV7008879021,,,,,,,,,,,,,,,,QC519 collapsed available; extract count available,,,,785,74,21,20,,,,,,,,,,,,,,,,,,,,,,,,,,现有路线计数填入 extract,,,,,,,,sample_reads_wide.tsv (v1); pipeline_reads_extract_besthit.tsv; irgsp_dedup_bam_reads.tsv,missing_site_metadata,,Site is unknown; latitude and longitude cannot be assigned safely
LV7008879022,qc519_unmapped,LV7008879022,,,,,,,,,,,,,,,,QC519 collapsed available; extract count available,,,,2034,102,47,47,,,,,,,,,,,,,,,,,,,,,,,,,,现有路线计数填入 extract,,,,,,,,sample_reads_wide.tsv (v1); pipeline_reads_extract_besthit.tsv; irgsp_dedup_bam_reads.tsv,missing_site_metadata,,Site is unknown; latitude and longitude cannot be assigned safely
LV7008879023,qc519_unmapped,LV7008879023,,,,,,,,,,,,,,,,QC519 collapsed available; extract count available,,,,0,,,,,,,,,,,,,,,,,,,,,,,,,,,,,现有路线计数填入 extract,,,,,,,,sample_reads_wide.tsv (v1); pipeline_reads_extract_besthit.tsv,missing_site_metadata,,Site is unknown; latitude and longitude cannot be assigned safely
LV7008879025,qc519_unmapped,LV7008879025,,,,,,,,,,,,,,,,QC519 collapsed available; extract count available,,,,1950,288,33,33,,,,,,,,,,,,,,,,,,,,,,,,,,现有路线计数填入 extract,,,,,,,,sample_reads_wide.tsv (v1); pipeline_reads_extract_besthit.tsv; irgsp_dedup_bam_reads.tsv,missing_site_metadata,,Site is unknown; latitude and longitude cannot be assigned safely
LV7008879027,qc519_unmapped,LV7008879027,,,,,,,,,,,,,,,,QC519 collapsed available; extract count available,,,,4,1,0,0,,,,,,,,,,,,,,,,,,,,,,,,,,现有路线计数填入 extract,,,,,,,,sample_reads_wide.tsv (v1); pipeline_reads_extract_besthit.tsv; irgsp_dedup_bam_reads.tsv,missing_site_metadata,,Site is unknown; latitude and longitude cannot be assigned safely
LV7008879028,qc519_unmapped,LV7008879028,,,,,,,,,,,,,,,,QC519 collapsed available; extract count available,,,,6704,735,124,114,,,,,,,,,,,,,,,,,,,,,,,,,,现有路线计数填入 extract,,,,,,,,sample_reads_wide.tsv (v1); pipeline_reads_extract_besthit.tsv; irgsp_dedup_bam_reads.tsv,missing_site_metadata,,Site is unknown; latitude and longitude cannot be assigned safely
LV7008879029,qc519_unmapped,LV7008879029,,,,,,,,,,,,,,,,QC519 collapsed available; extract count available,,,,2588,237,26,14,,,,,,,,,,,,,,,,,,,,,,,,,,现有路线计数填入 extract,,,,,,,,sample_reads_wide.tsv (v1); pipeline_reads_extract_besthit.tsv; irgsp_dedup_bam_reads.tsv,missing_site_metadata,,Site is unknown; latitude and longitude cannot be assigned safely
LV7008879030,qc519_unmapped,LV7008879030,,,,,,,,,,,,,,,,QC519 collapsed available; extract count available,,,,2915,407,25,24,,,,,,,,,,,,,,,,,,,,,,,,,,现有路线计数填入 extract,,,,,,,,sample_reads_wide.tsv (v1); pipeline_reads_extract_besthit.tsv; irgsp_dedup_bam_reads.tsv,missing_site_metadata,,Site is unknown; latitude and longitude cannot be assigned safely
LV7008879031,qc519_unmapped,LV7008879031,,,,,,,,,,,,,,,,QC519 collapsed available; extract count available,,,,40210,7244,1129,1114,,,,,,,,,,,,,,,,,,,,,,,,,,现有路线计数填入 extract,,,,,,,,sample_reads_wide.tsv (v1); pipeline_reads_extract_besthit.tsv; irgsp_dedup_bam_reads.tsv,missing_site_metadata,,Site is unknown; latitude and longitude cannot be assigned safely
LV7008879032,qc519_unmapped,LV7008879032,,,,,,,,,,,,,,,,QC519 collapsed available; extract count available,,,,95858,22367,4279,4114,,,,,,,,,,,,,,,,,,,,,,,,,,现有路线计数填入 extract,,,,,,,,sample_reads_wide.tsv (v1); pipeline_reads_extract_besthit.tsv; irgsp_dedup_bam_reads.tsv,missing_site_metadata,,Site is unknown; latitude and longitude cannot be assigned safely
LV7008879034,qc519_unmapped,LV7008879034,,,,,,,,,,,,,,,,QC519 collapsed available; extract count available,,,,1696,168,65,64,,,,,,,,,,,,,,,,,,,,,,,,,,现有路线计数填入 extract,,,,,,,,sample_reads_wide.tsv (v1); pipeline_reads_extract_besthit.tsv; irgsp_dedup_bam_reads.tsv,missing_site_metadata,,Site is unknown; latitude and longitude cannot be assigned safely
LV7008879035,qc519_unmapped,LV7008879035,,,,,,,,,,,,,,,,QC519 collapsed available; extract count available,,,,1905,132,42,40,,,,,,,,,,,,,,,,,,,,,,,,,,现有路线计数填入 extract,,,,,,,,sample_reads_wide.tsv (v1); pipeline_reads_extract_besthit.tsv; irgsp_dedup_bam_reads.tsv,missing_site_metadata,,Site is unknown; latitude and longitude cannot be assigned safely
LV7008879036,qc519_unmapped,LV7008879036,,,,,,,,,,,,,,,,QC519 collapsed available; extract count available,,,,446,30,14,14,,,,,,,,,,,,,,,,,,,,,,,,,,现有路线计数填入 extract,,,,,,,,sample_reads_wide.tsv (v1); pipeline_reads_extract_besthit.tsv; irgsp_dedup_bam_reads.tsv,missing_site_metadata,,Site is unknown; latitude and longitude cannot be assigned safely
LV7008879037,qc519_unmapped,LV7008879037,,,,,,,,,,,,,,,,QC519 collapsed available; extract count available,,,,2320,233,36,36,,,,,,,,,,,,,,,,,,,,,,,,,,现有路线计数填入 extract,,,,,,,,sample_reads_wide.tsv (v1); pipeline_reads_extract_besthit.tsv; irgsp_dedup_bam_reads.tsv,missing_site_metadata,,Site is unknown; latitude and longitude cannot be assigned safely
LV7008879038,qc519_unmapped,LV7008879038,,,,,,,,,,,,,,,,QC519 collapsed available; extract count available,,,,1929,99,37,37,,,,,,,,,,,,,,,,,,,,,,,,,,现有路线计数填入 extract,,,,,,,,sample_reads_wide.tsv (v1); pipeline_reads_extract_besthit.tsv; irgsp_dedup_bam_reads.tsv,missing_site_metadata,,Site is unknown; latitude and longitude cannot be assigned safely
LV7008879039,qc519_unmapped,LV7008879039,,,,,,,,,,,,,,,,QC519 collapsed available; extract count available,,,,1882,146,55,55,,,,,,,,,,,,,,,,,,,,,,,,,,现有路线计数填入 extract,,,,,,,,sample_reads_wide.tsv (v1); pipeline_reads_extract_besthit.tsv; irgsp_dedup_bam_reads.tsv,missing_site_metadata,,Site is unknown; latitude and longitude cannot be assigned safely
LV7008879040,qc519_unmapped,LV7008879040,,,,,,,,,,,,,,,,QC519 collapsed available; extract count available,,,,3715,439,67,50,,,,,,,,,,,,,,,,,,,,,,,,,,现有路线计数填入 extract,,,,,,,,sample_reads_wide.tsv (v1); pipeline_reads_extract_besthit.tsv; irgsp_dedup_bam_reads.tsv,missing_site_metadata,,Site is unknown; latitude and longitude cannot be assigned safely
LV7008879041,qc519_unmapped,LV7008879041,,,,,,,,,,,,,,,,QC519 collapsed available; extract count available,,,,3391,282,35,27,,,,,,,,,,,,,,,,,,,,,,,,,,现有路线计数填入 extract,,,,,,,,sample_reads_wide.tsv (v1); pipeline_reads_extract_besthit.tsv; irgsp_dedup_bam_reads.tsv,missing_site_metadata,,Site is unknown; latitude and longitude cannot be assigned safely
LV7008879042,qc519_unmapped,LV7008879042,,,,,,,,,,,,,,,,QC519 collapsed available; extract count available,,,,4528,275,37,30,,,,,,,,,,,,,,,,,,,,,,,,,,现有路线计数填入 extract,,,,,,,,sample_reads_wide.tsv (v1); pipeline_reads_extract_besthit.tsv; irgsp_dedup_bam_reads.tsv,missing_site_metadata,,Site is unknown; latitude and longitude cannot be assigned safely
LV7008879043,qc519_unmapped,LV7008879043,,,,,,,,,,,,,,,,QC519 collapsed available; extract count available,,,,75045,14816,2341,2258,,,,,,,,,,,,,,,,,,,,,,,,,,现有路线计数填入 extract,,,,,,,,sample_reads_wide.tsv (v1); pipeline_reads_extract_besthit.tsv; irgsp_dedup_bam_reads.tsv,missing_site_metadata,,Site is unknown; latitude and longitude cannot be assigned safely
LV7008879044,qc519_unmapped,LV7008879044,,,,,,,,,,,,,,,,QC519 collapsed available; extract count available,,,,117404,23826,4059,3935,,,,,,,,,,,,,,,,,,,,,,,,,,现有路线计数填入 extract,,,,,,,,sample_reads_wide.tsv (v1); pipeline_reads_extract_besthit.tsv; irgsp_dedup_bam_reads.tsv,missing_site_metadata,,Site is unknown; latitude and longitude cannot be assigned safely
LV7008879045,qc519_unmapped,LV7008879045,,,,,,,,,,,,,,,,QC519 collapsed available; extract count available,,,,1152,76,33,33,,,,,,,,,,,,,,,,,,,,,,,,,,现有路线计数填入 extract,,,,,,,,sample_reads_wide.tsv (v1); pipeline_reads_extract_besthit.tsv; irgsp_dedup_bam_reads.tsv,missing_site_metadata,,Site is unknown; latitude and longitude cannot be assigned safely
LV7008879047,qc519_unmapped,LV7008879047,,,,,,,,,,,,,,,,QC519 collapsed available; extract count available,,,,2495,212,88,88,,,,,,,,,,,,,,,,,,,,,,,,,,现有路线计数填入 extract,,,,,,,,sample_reads_wide.tsv (v1); pipeline_reads_extract_besthit.tsv; irgsp_dedup_bam_reads.tsv,missing_site_metadata,,Site is unknown; latitude and longitude cannot be assigned safely
LV7008879048,qc519_unmapped,LV7008879048,,,,,,,,,,,,,,,,QC519 collapsed available; extract count available,,,,1814,109,48,48,,,,,,,,,,,,,,,,,,,,,,,,,,现有路线计数填入 extract,,,,,,,,sample_reads_wide.tsv (v1); pipeline_reads_extract_besthit.tsv; irgsp_dedup_bam_reads.tsv,missing_site_metadata,,Site is unknown; latitude and longitude cannot be assigned safely
LV7008879049,qc519_unmapped,LV7008879049,,,,,,,,,,,,,,,,QC519 collapsed available; extract count available,,,,1441,101,29,29,,,,,,,,,,,,,,,,,,,,,,,,,,现有路线计数填入 extract,,,,,,,,sample_reads_wide.tsv (v1); pipeline_reads_extract_besthit.tsv; irgsp_dedup_bam_reads.tsv,missing_site_metadata,,Site is unknown; latitude and longitude cannot be assigned safely
LV7008879050,qc519_unmapped,LV7008879050,,,,,,,,,,,,,,,,QC519 collapsed available; extract count available,,,,2015,159,70,68,,,,,,,,,,,,,,,,,,,,,,,,,,现有路线计数填入 extract,,,,,,,,sample_reads_wide.tsv (v1); pipeline_reads_extract_besthit.tsv; irgsp_dedup_bam_reads.tsv,missing_site_metadata,,Site is unknown; latitude and longitude cannot be assigned safely
LV7008879051,qc519_unmapped,LV7008879051,,,,,,,,,,,,,,,,QC519 collapsed available; extract count available,,,,634,51,23,23,,,,,,,,,,,,,,,,,,,,,,,,,,现有路线计数填入 extract,,,,,,,,sample_reads_wide.tsv (v1); pipeline_reads_extract_besthit.tsv; irgsp_dedup_bam_reads.tsv,missing_site_metadata,,Site is unknown; latitude and longitude cannot be assigned safely
LV7008879052,qc519_unmapped,LV7008879052,,,,,,,,,,,,,,,,QC519 collapsed available; extract count available,,,,2320,267,20,17,,,,,,,,,,,,,,,,,,,,,,,,,,现有路线计数填入 extract,,,,,,,,sample_reads_wide.tsv (v1); pipeline_reads_extract_besthit.tsv; irgsp_dedup_bam_reads.tsv,missing_site_metadata,,Site is unknown; latitude and longitude cannot be assigned safely
LV7008879053,qc519_unmapped,LV7008879053,,,,,,,,,,,,,,,,QC519 collapsed available; extract count available,,,,2742,277,47,35,,,,,,,,,,,,,,,,,,,,,,,,,,现有路线计数填入 extract,,,,,,,,sample_reads_wide.tsv (v1); pipeline_reads_extract_besthit.tsv; irgsp_dedup_bam_reads.tsv,missing_site_metadata,,Site is unknown; latitude and longitude cannot be assigned safely
LV7008879054,qc519_unmapped,LV7008879054,,,,,,,,,,,,,,,,QC519 collapsed available; extract count available,,,,3933,536,54,30,,,,,,,,,,,,,,,,,,,,,,,,,,现有路线计数填入 extract,,,,,,,,sample_reads_wide.tsv (v1); pipeline_reads_extract_besthit.tsv; irgsp_dedup_bam_reads.tsv,missing_site_metadata,,Site is unknown; latitude and longitude cannot be assigned safely
LV7008879055,qc519_unmapped,LV7008879055,,,,,,,,,,,,,,,,QC519 collapsed available; extract count available,,,,51560,10581,1317,1224,,,,,,,,,,,,,,,,,,,,,,,,,,现有路线计数填入 extract,,,,,,,,sample_reads_wide.tsv (v1); pipeline_reads_extract_besthit.tsv; irgsp_dedup_bam_reads.tsv,missing_site_metadata,,Site is unknown; latitude and longitude cannot be assigned safely
LV7008879056,qc519_unmapped,LV7008879056,,,,,,,,,,,,,,,,QC519 collapsed available; extract count available,,,,249375,56711,11463,11095,,,,,,,,,,,,,,,,,,,,,,,,,,现有路线计数填入 extract,,,,,,,,sample_reads_wide.tsv (v1); pipeline_reads_extract_besthit.tsv; irgsp_dedup_bam_reads.tsv,missing_site_metadata,,Site is unknown; latitude and longitude cannot be assigned safely
LV7008879057,qc519_unmapped,LV7008879057,,,,,,,,,,,,,,,,QC519 collapsed available; extract count available,,,,1109,89,32,32,,,,,,,,,,,,,,,,,,,,,,,,,,现有路线计数填入 extract,,,,,,,,sample_reads_wide.tsv (v1); pipeline_reads_extract_besthit.tsv; irgsp_dedup_bam_reads.tsv,missing_site_metadata,,Site is unknown; latitude and longitude cannot be assigned safely
LV7008879058,qc519_unmapped,LV7008879058,,,,,,,,,,,,,,,,QC519 collapsed available; extract count available,,,,2121,157,60,60,,,,,,,,,,,,,,,,,,,,,,,,,,现有路线计数填入 extract,,,,,,,,sample_reads_wide.tsv (v1); pipeline_reads_extract_besthit.tsv; irgsp_dedup_bam_reads.tsv,missing_site_metadata,,Site is unknown; latitude and longitude cannot be assigned safely
LV7008879060,qc519_unmapped,LV7008879060,,,,,,,,,,,,,,,,QC519 collapsed available; extract count available,,,,1563,125,36,36,,,,,,,,,,,,,,,,,,,,,,,,,,现有路线计数填入 extract,,,,,,,,sample_reads_wide.tsv (v1); pipeline_reads_extract_besthit.tsv; irgsp_dedup_bam_reads.tsv,missing_site_metadata,,Site is unknown; latitude and longitude cannot be assigned safely
LV7008879061,qc519_unmapped,LV7008879061,,,,,,,,,,,,,,,,QC519 collapsed available; extract count available,,,,2278,289,26,25,,,,,,,,,,,,,,,,,,,,,,,,,,现有路线计数填入 extract,,,,,,,,sample_reads_wide.tsv (v1); pipeline_reads_extract_besthit.tsv; irgsp_dedup_bam_reads.tsv,missing_site_metadata,,Site is unknown; latitude and longitude cannot be assigned safely
LV7008879062,qc519_unmapped,LV7008879062,,,,,,,,,,,,,,,,QC519 collapsed available; extract count available,,,,3389,240,63,62,,,,,,,,,,,,,,,,,,,,,,,,,,现有路线计数填入 extract,,,,,,,,sample_reads_wide.tsv (v1); pipeline_reads_extract_besthit.tsv; irgsp_dedup_bam_reads.tsv,missing_site_metadata,,Site is unknown; latitude and longitude cannot be assigned safely
LV7008879063,qc519_unmapped,LV7008879063,,,,,,,,,,,,,,,,QC519 collapsed available; extract count available,,,,3451,257,65,65,,,,,,,,,,,,,,,,,,,,,,,,,,现有路线计数填入 extract,,,,,,,,sample_reads_wide.tsv (v1); pipeline_reads_extract_besthit.tsv; irgsp_dedup_bam_reads.tsv,missing_site_metadata,,Site is unknown; latitude and longitude cannot be assigned safely
LV7008879064,qc519_unmapped,LV7008879064,,,,,,,,,,,,,,,,QC519 collapsed available; extract count available,,,,1493,131,12,7,,,,,,,,,,,,,,,,,,,,,,,,,,现有路线计数填入 extract,,,,,,,,sample_reads_wide.tsv (v1); pipeline_reads_extract_besthit.tsv; irgsp_dedup_bam_reads.tsv,missing_site_metadata,,Site is unknown; latitude and longitude cannot be assigned safely
LV7008879065,qc519_unmapped,LV7008879065,,,,,,,,,,,,,,,,QC519 collapsed available; extract count available,,,,755,90,6,3,,,,,,,,,,,,,,,,,,,,,,,,,,现有路线计数填入 extract,,,,,,,,sample_reads_wide.tsv (v1); pipeline_reads_extract_besthit.tsv; irgsp_dedup_bam_reads.tsv,missing_site_metadata,,Site is unknown; latitude and longitude cannot be assigned safely
LV7008879066,qc519_unmapped,LV7008879066,,,,,,,,,,,,,,,,QC519 collapsed available; extract count available,,,,1686,142,12,9,,,,,,,,,,,,,,,,,,,,,,,,,,现有路线计数填入 extract,,,,,,,,sample_reads_wide.tsv (v1); pipeline_reads_extract_besthit.tsv; irgsp_dedup_bam_reads.tsv,missing_site_metadata,,Site is unknown; latitude and longitude cannot be assigned safely
LV7008879067,qc519_unmapped,LV7008879067,,,,,,,,,,,,,,,,QC519 collapsed available; extract count available,,,,35338,6241,1240,1216,,,,,,,,,,,,,,,,,,,,,,,,,,现有路线计数填入 extract,,,,,,,,sample_reads_wide.tsv (v1); pipeline_reads_extract_besthit.tsv; irgsp_dedup_bam_reads.tsv,missing_site_metadata,,Site is unknown; latitude and longitude cannot be assigned safely
LV7008879068,qc519_unmapped,LV7008879068,,,,,,,,,,,,,,,,QC519 collapsed available; extract count available,,,,366904,30458,6947,6682,,,,,,,,,,,,,,,,,,,,,,,,,,现有路线计数填入 extract,,,,,,,,sample_reads_wide.tsv (v1); pipeline_reads_extract_besthit.tsv; irgsp_dedup_bam_reads.tsv,missing_site_metadata,,Site is unknown; latitude and longitude cannot be assigned safely
LV7008879069,qc519_unmapped,LV7008879069,,,,,,,,,,,,,,,,QC519 collapsed available; extract count available,,,,1527,125,42,42,,,,,,,,,,,,,,,,,,,,,,,,,,现有路线计数填入 extract,,,,,,,,sample_reads_wide.tsv (v1); pipeline_reads_extract_besthit.tsv; irgsp_dedup_bam_reads.tsv,missing_site_metadata,,Site is unknown; latitude and longitude cannot be assigned safely
LV7008879071,qc519_unmapped,LV7008879071,,,,,,,,,,,,,,,,QC519 collapsed available; extract count available,,,,1504,115,40,40,,,,,,,,,,,,,,,,,,,,,,,,,,现有路线计数填入 extract,,,,,,,,sample_reads_wide.tsv (v1); pipeline_reads_extract_besthit.tsv; irgsp_dedup_bam_reads.tsv,missing_site_metadata,,Site is unknown; latitude and longitude cannot be assigned safely
LV7008879072,qc519_unmapped,LV7008879072,,,,,,,,,,,,,,,,QC519 collapsed available; extract count available,,,,211,24,1,1,,,,,,,,,,,,,,,,,,,,,,,,,,现有路线计数填入 extract,,,,,,,,sample_reads_wide.tsv (v1); pipeline_reads_extract_besthit.tsv; irgsp_dedup_bam_reads.tsv,missing_site_metadata,,Site is unknown; latitude and longitude cannot be assigned safely
LV7008879073,qc519_unmapped,LV7008879073,,,,,,,,,,,,,,,,QC519 collapsed available; extract count available,,,,2045,157,52,51,,,,,,,,,,,,,,,,,,,,,,,,,,现有路线计数填入 extract,,,,,,,,sample_reads_wide.tsv (v1); pipeline_reads_extract_besthit.tsv; irgsp_dedup_bam_reads.tsv,missing_site_metadata,,Site is unknown; latitude and longitude cannot be assigned safely
LV7008879076,qc519_unmapped,LV7008879076,,,,,,,,,,,,,,,,QC519 collapsed available; extract count available,,,,1820,173,23,20,,,,,,,,,,,,,,,,,,,,,,,,,,现有路线计数填入 extract,,,,,,,,sample_reads_wide.tsv (v1); pipeline_reads_extract_besthit.tsv; irgsp_dedup_bam_reads.tsv,missing_site_metadata,,Site is unknown; latitude and longitude cannot be assigned safely
LV7008879077,qc519_unmapped,LV7008879077,,,,,,,,,,,,,,,,QC519 collapsed available; extract count available,,,,593,67,12,5,,,,,,,,,,,,,,,,,,,,,,,,,,现有路线计数填入 extract,,,,,,,,sample_reads_wide.tsv (v1); pipeline_reads_extract_besthit.tsv; irgsp_dedup_bam_reads.tsv,missing_site_metadata,,Site is unknown; latitude and longitude cannot be assigned safely
LV7008879078,qc519_unmapped,LV7008879078,,,,,,,,,,,,,,,,QC519 collapsed available; extract count available,,,,1819,335,96,19,,,,,,,,,,,,,,,,,,,,,,,,,,现有路线计数填入 extract,,,,,,,,sample_reads_wide.tsv (v1); pipeline_reads_extract_besthit.tsv; irgsp_dedup_bam_reads.tsv,missing_site_metadata,,Site is unknown; latitude and longitude cannot be assigned safely
LV7008879079,qc519_unmapped,LV7008879079,,,,,,,,,,,,,,,,QC519 collapsed available; extract count available,,,,39400,6100,979,956,,,,,,,,,,,,,,,,,,,,,,,,,,现有路线计数填入 extract,,,,,,,,sample_reads_wide.tsv (v1); pipeline_reads_extract_besthit.tsv; irgsp_dedup_bam_reads.tsv,missing_site_metadata,,Site is unknown; latitude and longitude cannot be assigned safely
LV7008879080,qc519_unmapped,LV7008879080,,,,,,,,,,,,,,,,QC519 collapsed available; extract count available,,,,117928,25074,4681,4561,,,,,,,,,,,,,,,,,,,,,,,,,,现有路线计数填入 extract,,,,,,,,sample_reads_wide.tsv (v1); pipeline_reads_extract_besthit.tsv; irgsp_dedup_bam_reads.tsv,missing_site_metadata,,Site is unknown; latitude and longitude cannot be assigned safely
LV7008879081,qc519_unmapped,LV7008879081,,,,,,,,,,,,,,,,QC519 collapsed available; extract count available,,,,1844,134,52,52,,,,,,,,,,,,,,,,,,,,,,,,,,现有路线计数填入 extract,,,,,,,,sample_reads_wide.tsv (v1); pipeline_reads_extract_besthit.tsv; irgsp_dedup_bam_reads.tsv,missing_site_metadata,,Site is unknown; latitude and longitude cannot be assigned safely
LV7008879082,qc519_unmapped,LV7008879082,,,,,,,,,,,,,,,,QC519 collapsed available; extract count available,,,,61888,4261,1835,1823,,,,,,,,,,,,,,,,,,,,,,,,,,现有路线计数填入 extract,,,,,,,,sample_reads_wide.tsv (v1); pipeline_reads_extract_besthit.tsv; irgsp_dedup_bam_reads.tsv,missing_site_metadata,,Site is unknown; latitude and longitude cannot be assigned safely
LV7008879083,qc519_unmapped,LV7008879083,,,,,,,,,,,,,,,,QC519 collapsed available; extract count available,,,,439,37,15,15,,,,,,,,,,,,,,,,,,,,,,,,,,现有路线计数填入 extract,,,,,,,,sample_reads_wide.tsv (v1); pipeline_reads_extract_besthit.tsv; irgsp_dedup_bam_reads.tsv,missing_site_metadata,,Site is unknown; latitude and longitude cannot be assigned safely
LV7008879084,qc519_unmapped,LV7008879084,,,,,,,,,,,,,,,,QC519 collapsed available; extract count available,,,,2554,172,67,66,,,,,,,,,,,,,,,,,,,,,,,,,,现有路线计数填入 extract,,,,,,,,sample_reads_wide.tsv (v1); pipeline_reads_extract_besthit.tsv; irgsp_dedup_bam_reads.tsv,missing_site_metadata,,Site is unknown; latitude and longitude cannot be assigned safely
LV7008879085,qc519_unmapped,LV7008879085,,,,,,,,,,,,,,,,QC519 collapsed available; extract count available,,,,0,,,,,,,,,,,,,,,,,,,,,,,,,,,,,现有路线计数填入 extract,,,,,,,,sample_reads_wide.tsv (v1); pipeline_reads_extract_besthit.tsv,missing_site_metadata,,Site is unknown; latitude and longitude cannot be assigned safely
LV7008879086,qc519_unmapped,LV7008879086,,,,,,,,,,,,,,,,QC519 collapsed available; extract count available,,,,458,33,13,13,,,,,,,,,,,,,,,,,,,,,,,,,,现有路线计数填入 extract,,,,,,,,sample_reads_wide.tsv (v1); pipeline_reads_extract_besthit.tsv; irgsp_dedup_bam_reads.tsv,missing_site_metadata,,Site is unknown; latitude and longitude cannot be assigned safely
LV7008879087,qc519_unmapped,LV7008879087,,,,,,,,,,,,,,,,QC519 collapsed available; extract count available,,,,2261,177,68,68,,,,,,,,,,,,,,,,,,,,,,,,,,现有路线计数填入 extract,,,,,,,,sample_reads_wide.tsv (v1); pipeline_reads_extract_besthit.tsv; irgsp_dedup_bam_reads.tsv,missing_site_metadata,,Site is unknown; latitude and longitude cannot be assigned safely
LV7008879089,qc519_unmapped,LV7008879089,,,,,,,,,,,,,,,,QC519 collapsed available; extract count available,,,,3391,313,28,21,,,,,,,,,,,,,,,,,,,,,,,,,,现有路线计数填入 extract,,,,,,,,sample_reads_wide.tsv (v1); pipeline_reads_extract_besthit.tsv; irgsp_dedup_bam_reads.tsv,missing_site_metadata,,Site is unknown; latitude and longitude cannot be assigned safely
LV7008879090,qc519_unmapped,LV7008879090,,,,,,,,,,,,,,,,QC519 collapsed available; extract count available,,,,227,25,1,1,,,,,,,,,,,,,,,,,,,,,,,,,,现有路线计数填入 extract,,,,,,,,sample_reads_wide.tsv (v1); pipeline_reads_extract_besthit.tsv; irgsp_dedup_bam_reads.tsv,missing_site_metadata,,Site is unknown; latitude and longitude cannot be assigned safely
LV7008879091,qc519_unmapped,LV7008879091,,,,,,,,,,,,,,,,QC519 collapsed available; extract count available,,,,34064,4831,827,817,,,,,,,,,,,,,,,,,,,,,,,,,,现有路线计数填入 extract,,,,,,,,sample_reads_wide.tsv (v1); pipeline_reads_extract_besthit.tsv; irgsp_dedup_bam_reads.tsv,missing_site_metadata,,Site is unknown; latitude and longitude cannot be assigned safely
LV7008879092,qc519_unmapped,LV7008879092,,,,,,,,,,,,,,,,QC519 collapsed available; extract count available,,,,34522,6789,980,798,,,,,,,,,,,,,,,,,,,,,,,,,,现有路线计数填入 extract,,,,,,,,sample_reads_wide.tsv (v1); pipeline_reads_extract_besthit.tsv; irgsp_dedup_bam_reads.tsv,missing_site_metadata,,Site is unknown; latitude and longitude cannot be assigned safely
LV7008879093,qc519_unmapped,LV7008879093,,,,,,,,,,,,,,,,QC519 collapsed available; extract count available,,,,18802,1605,381,370,,,,,,,,,,,,,,,,,,,,,,,,,,现有路线计数填入 extract,,,,,,,,sample_reads_wide.tsv (v1); pipeline_reads_extract_besthit.tsv; irgsp_dedup_bam_reads.tsv,missing_site_metadata,,Site is unknown; latitude and longitude cannot be assigned safely
LV7008879094,qc519_unmapped,LV7008879094,,,,,,,,,,,,,,,,QC519 collapsed available; extract count available,,,,15220,1222,318,306,,,,,,,,,,,,,,,,,,,,,,,,,,现有路线计数填入 extract,,,,,,,,sample_reads_wide.tsv (v1); pipeline_reads_extract_besthit.tsv; irgsp_dedup_bam_reads.tsv,missing_site_metadata,,Site is unknown; latitude and longitude cannot be assigned safely
LV7008879095,qc519_unmapped,LV7008879095,,,,,,,,,,,,,,,,QC519 collapsed available; extract count available,,,,29748,3555,661,650,,,,,,,,,,,,,,,,,,,,,,,,,,现有路线计数填入 extract,,,,,,,,sample_reads_wide.tsv (v1); pipeline_reads_extract_besthit.tsv; irgsp_dedup_bam_reads.tsv,missing_site_metadata,,Site is unknown; latitude and longitude cannot be assigned safely
LV7008879096,qc519_unmapped,LV7008879096,,,,,,,,,,,,,,,,QC519 collapsed available; extract count available,,,,25630,1393,171,168,,,,,,,,,,,,,,,,,,,,,,,,,,现有路线计数填入 extract,,,,,,,,sample_reads_wide.tsv (v1); pipeline_reads_extract_besthit.tsv; irgsp_dedup_bam_reads.tsv,missing_site_metadata,,Site is unknown; latitude and longitude cannot be assigned safely
LV7008879098,qc519_unmapped,LV7008879098,,,,,,,,,,,,,,,,QC519 collapsed available; extract count available,,,,53590,3202,1219,1208,,,,,,,,,,,,,,,,,,,,,,,,,,现有路线计数填入 extract,,,,,,,,sample_reads_wide.tsv (v1); pipeline_reads_extract_besthit.tsv; irgsp_dedup_bam_reads.tsv,missing_site_metadata,,Site is unknown; latitude and longitude cannot be assigned safely
LV7008879100,qc519_unmapped,LV7008879100,,,,,,,,,,,,,,,,QC519 collapsed available; extract count available,,,,3212,260,90,90,,,,,,,,,,,,,,,,,,,,,,,,,,现有路线计数填入 extract,,,,,,,,sample_reads_wide.tsv (v1); pipeline_reads_extract_besthit.tsv; irgsp_dedup_bam_reads.tsv,missing_site_metadata,,Site is unknown; latitude and longitude cannot be assigned safely
LV7008879102,qc519_unmapped,LV7008879102,,,,,,,,,,,,,,,,QC519 collapsed available; extract count available,,,,1907,106,32,32,,,,,,,,,,,,,,,,,,,,,,,,,,现有路线计数填入 extract,,,,,,,,sample_reads_wide.tsv (v1); pipeline_reads_extract_besthit.tsv; irgsp_dedup_bam_reads.tsv,missing_site_metadata,,Site is unknown; latitude and longitude cannot be assigned safely
LV7008879105,qc519_unmapped,LV7008879105,,,,,,,,,,,,,,,,QC519 collapsed available; extract count available,,,,17630,1268,425,420,,,,,,,,,,,,,,,,,,,,,,,,,,现有路线计数填入 extract,,,,,,,,sample_reads_wide.tsv (v1); pipeline_reads_extract_besthit.tsv; irgsp_dedup_bam_reads.tsv,missing_site_metadata,,Site is unknown; latitude and longitude cannot be assigned safely
LV7008879106,qc519_unmapped,LV7008879106,,,,,,,,,,,,,,,,QC519 collapsed available; extract count available,,,,16255,962,395,393,,,,,,,,,,,,,,,,,,,,,,,,,,现有路线计数填入 extract,,,,,,,,sample_reads_wide.tsv (v1); pipeline_reads_extract_besthit.tsv; irgsp_dedup_bam_reads.tsv,missing_site_metadata,,Site is unknown; latitude and longitude cannot be assigned safely
LV7008879107,qc519_unmapped,LV7008879107,,,,,,,,,,,,,,,,QC519 collapsed available; extract count available,,,,433,35,8,7,,,,,,,,,,,,,,,,,,,,,,,,,,现有路线计数填入 extract,,,,,,,,sample_reads_wide.tsv (v1); pipeline_reads_extract_besthit.tsv; irgsp_dedup_bam_reads.tsv,missing_site_metadata,,Site is unknown; latitude and longitude cannot be assigned safely
LV7008879108,qc519_unmapped,LV7008879108,,,,,,,,,,,,,,,,QC519 collapsed available; extract count available,,,,40933,3121,53,53,,,,,,,,,,,,,,,,,,,,,,,,,,现有路线计数填入 extract,,,,,,,,sample_reads_wide.tsv (v1); pipeline_reads_extract_besthit.tsv; irgsp_dedup_bam_reads.tsv,missing_site_metadata,,Site is unknown; latitude and longitude cannot be assigned safely
LV7008879109,qc519_unmapped,LV7008879109,,,,,,,,,,,,,,,,QC519 collapsed available; extract count available,,,,73,4,3,3,,,,,,,,,,,,,,,,,,,,,,,,,,现有路线计数填入 extract,,,,,,,,sample_reads_wide.tsv (v1); pipeline_reads_extract_besthit.tsv; irgsp_dedup_bam_reads.tsv,missing_site_metadata,,Site is unknown; latitude and longitude cannot be assigned safely
LV7008879110,qc519_unmapped,LV7008879110,,,,,,,,,,,,,,,,QC519 collapsed available; extract count available,,,,13921,880,366,365,,,,,,,,,,,,,,,,,,,,,,,,,,现有路线计数填入 extract,,,,,,,,sample_reads_wide.tsv (v1); pipeline_reads_extract_besthit.tsv; irgsp_dedup_bam_reads.tsv,missing_site_metadata,,Site is unknown; latitude and longitude cannot be assigned safely
LV7008879111,qc519_unmapped,LV7008879111,,,,,,,,,,,,,,,,QC519 collapsed available; extract count available,,,,14469,1000,403,396,,,,,,,,,,,,,,,,,,,,,,,,,,现有路线计数填入 extract,,,,,,,,sample_reads_wide.tsv (v1); pipeline_reads_extract_besthit.tsv; irgsp_dedup_bam_reads.tsv,missing_site_metadata,,Site is unknown; latitude and longitude cannot be assigned safely
LV7008879112,qc519_unmapped,LV7008879112,,,,,,,,,,,,,,,,QC519 collapsed available; extract count available,,,,1892,136,46,46,,,,,,,,,,,,,,,,,,,,,,,,,,现有路线计数填入 extract,,,,,,,,sample_reads_wide.tsv (v1); pipeline_reads_extract_besthit.tsv; irgsp_dedup_bam_reads.tsv,missing_site_metadata,,Site is unknown; latitude and longitude cannot be assigned safely
LV7008879113,qc519_unmapped,LV7008879113,,,,,,,,,,,,,,,,QC519 collapsed available; extract count available,,,,2514,191,74,74,,,,,,,,,,,,,,,,,,,,,,,,,,现有路线计数填入 extract,,,,,,,,sample_reads_wide.tsv (v1); pipeline_reads_extract_besthit.tsv; irgsp_dedup_bam_reads.tsv,missing_site_metadata,,Site is unknown; latitude and longitude cannot be assigned safely
LV7008879114,qc519_unmapped,LV7008879114,,,,,,,,,,,,,,,,QC519 collapsed available; extract count available,,,,3710,256,99,99,,,,,,,,,,,,,,,,,,,,,,,,,,现有路线计数填入 extract,,,,,,,,sample_reads_wide.tsv (v1); pipeline_reads_extract_besthit.tsv; irgsp_dedup_bam_reads.tsv,missing_site_metadata,,Site is unknown; latitude and longitude cannot be assigned safely
LV7008879115,qc519_unmapped,LV7008879115,,,,,,,,,,,,,,,,QC519 collapsed available; extract count available,,,,1457,104,33,33,,,,,,,,,,,,,,,,,,,,,,,,,,现有路线计数填入 extract,,,,,,,,sample_reads_wide.tsv (v1); pipeline_reads_extract_besthit.tsv; irgsp_dedup_bam_reads.tsv,missing_site_metadata,,Site is unknown; latitude and longitude cannot be assigned safely
LV7008879117,qc519_unmapped,LV7008879117,,,,,,,,,,,,,,,,QC519 collapsed available; extract count available,,,,39538,2690,894,883,,,,,,,,,,,,,,,,,,,,,,,,,,现有路线计数填入 extract,,,,,,,,sample_reads_wide.tsv (v1); pipeline_reads_extract_besthit.tsv; irgsp_dedup_bam_reads.tsv,missing_site_metadata,,Site is unknown; latitude and longitude cannot be assigned safely
LV7008879118,qc519_unmapped,LV7008879118,,,,,,,,,,,,,,,,QC519 collapsed available; extract count available,,,,23913,1443,419,414,,,,,,,,,,,,,,,,,,,,,,,,,,现有路线计数填入 extract,,,,,,,,sample_reads_wide.tsv (v1); pipeline_reads_extract_besthit.tsv; irgsp_dedup_bam_reads.tsv,missing_site_metadata,,Site is unknown; latitude and longitude cannot be assigned safely
LV7008879119,qc519_unmapped,LV7008879119,,,,,,,,,,,,,,,,QC519 collapsed available; extract count available,,,,29144,1752,753,749,,,,,,,,,,,,,,,,,,,,,,,,,,现有路线计数填入 extract,,,,,,,,sample_reads_wide.tsv (v1); pipeline_reads_extract_besthit.tsv; irgsp_dedup_bam_reads.tsv,missing_site_metadata,,Site is unknown; latitude and longitude cannot be assigned safely
LV7008879121,qc519_unmapped,LV7008879121,,,,,,,,,,,,,,,,QC519 collapsed available; extract count available,,,,32456,2593,753,738,,,,,,,,,,,,,,,,,,,,,,,,,,现有路线计数填入 extract,,,,,,,,sample_reads_wide.tsv (v1); pipeline_reads_extract_besthit.tsv; irgsp_dedup_bam_reads.tsv,missing_site_metadata,,Site is unknown; latitude and longitude cannot be assigned safely
LV7008879122,qc519_unmapped,LV7008879122,,,,,,,,,,,,,,,,QC519 collapsed available; extract count available,,,,57062,3505,1237,1226,,,,,,,,,,,,,,,,,,,,,,,,,,现有路线计数填入 extract,,,,,,,,sample_reads_wide.tsv (v1); pipeline_reads_extract_besthit.tsv; irgsp_dedup_bam_reads.tsv,missing_site_metadata,,Site is unknown; latitude and longitude cannot be assigned safely
LV7008879123,qc519_unmapped,LV7008879123,,,,,,,,,,,,,,,,QC519 collapsed available; extract count available,,,,44432,2592,976,960,,,,,,,,,,,,,,,,,,,,,,,,,,现有路线计数填入 extract,,,,,,,,sample_reads_wide.tsv (v1); pipeline_reads_extract_besthit.tsv; irgsp_dedup_bam_reads.tsv,missing_site_metadata,,Site is unknown; latitude and longitude cannot be assigned safely
LV7008879125,qc519_unmapped,LV7008879125,,,,,,,,,,,,,,,,QC519 collapsed available; extract count available,,,,1818,137,40,40,,,,,,,,,,,,,,,,,,,,,,,,,,现有路线计数填入 extract,,,,,,,,sample_reads_wide.tsv (v1); pipeline_reads_extract_besthit.tsv; irgsp_dedup_bam_reads.tsv,missing_site_metadata,,Site is unknown; latitude and longitude cannot be assigned safely
LV7008879126,qc519_unmapped,LV7008879126,,,,,,,,,,,,,,,,QC519 collapsed available; extract count available,,,,1376,92,19,19,,,,,,,,,,,,,,,,,,,,,,,,,,现有路线计数填入 extract,,,,,,,,sample_reads_wide.tsv (v1); pipeline_reads_extract_besthit.tsv; irgsp_dedup_bam_reads.tsv,missing_site_metadata,,Site is unknown; latitude and longitude cannot be assigned safely
LV7008879127,qc519_unmapped,LV7008879127,,,,,,,,,,,,,,,,QC519 collapsed available; extract count available,,,,522,40,14,14,,,,,,,,,,,,,,,,,,,,,,,,,,现有路线计数填入 extract,,,,,,,,sample_reads_wide.tsv (v1); pipeline_reads_extract_besthit.tsv; irgsp_dedup_bam_reads.tsv,missing_site_metadata,,Site is unknown; latitude and longitude cannot be assigned safely
LV7008879128,qc519_unmapped,LV7008879128,,,,,,,,,,,,,,,,QC519 collapsed available; extract count available,,,,426,28,7,7,,,,,,,,,,,,,,,,,,,,,,,,,,现有路线计数填入 extract,,,,,,,,sample_reads_wide.tsv (v1); pipeline_reads_extract_besthit.tsv; irgsp_dedup_bam_reads.tsv,missing_site_metadata,,Site is unknown; latitude and longitude cannot be assigned safely
LV7008879129,qc519_unmapped,LV7008879129,,,,,,,,,,,,,,,,QC519 collapsed available; extract count available,,,,59994,3758,1525,1510,,,,,,,,,,,,,,,,,,,,,,,,,,现有路线计数填入 extract,,,,,,,,sample_reads_wide.tsv (v1); pipeline_reads_extract_besthit.tsv; irgsp_dedup_bam_reads.tsv,missing_site_metadata,,Site is unknown; latitude and longitude cannot be assigned safely
LV7008879130,qc519_unmapped,LV7008879130,,,,,,,,,,,,,,,,QC519 collapsed available; extract count available,,,,11476,948,277,273,,,,,,,,,,,,,,,,,,,,,,,,,,现有路线计数填入 extract,,,,,,,,sample_reads_wide.tsv (v1); pipeline_reads_extract_besthit.tsv; irgsp_dedup_bam_reads.tsv,missing_site_metadata,,Site is unknown; latitude and longitude cannot be assigned safely
LV7008879131,qc519_unmapped,LV7008879131,,,,,,,,,,,,,,,,QC519 collapsed available; extract count available,,,,35030,2551,772,766,,,,,,,,,,,,,,,,,,,,,,,,,,现有路线计数填入 extract,,,,,,,,sample_reads_wide.tsv (v1); pipeline_reads_extract_besthit.tsv; irgsp_dedup_bam_reads.tsv,missing_site_metadata,,Site is unknown; latitude and longitude cannot be assigned safely
LV7008879132,qc519_unmapped,LV7008879132,,,,,,,,,,,,,,,,QC519 collapsed available; extract count available,,,,371,21,7,7,,,,,,,,,,,,,,,,,,,,,,,,,,现有路线计数填入 extract,,,,,,,,sample_reads_wide.tsv (v1); pipeline_reads_extract_besthit.tsv; irgsp_dedup_bam_reads.tsv,missing_site_metadata,,Site is unknown; latitude and longitude cannot be assigned safely
LV7008879133,qc519_unmapped,LV7008879133,,,,,,,,,,,,,,,,QC519 collapsed available; extract count available,,,,16181,1319,319,312,,,,,,,,,,,,,,,,,,,,,,,,,,现有路线计数填入 extract,,,,,,,,sample_reads_wide.tsv (v1); pipeline_reads_extract_besthit.tsv; irgsp_dedup_bam_reads.tsv,missing_site_metadata,,Site is unknown; latitude and longitude cannot be assigned safely
LV7008879134,qc519_unmapped,LV7008879134,,,,,,,,,,,,,,,,QC519 collapsed available; extract count available,,,,10901,704,240,238,,,,,,,,,,,,,,,,,,,,,,,,,,现有路线计数填入 extract,,,,,,,,sample_reads_wide.tsv (v1); pipeline_reads_extract_besthit.tsv; irgsp_dedup_bam_reads.tsv,missing_site_metadata,,Site is unknown; latitude and longitude cannot be assigned safely
LV7008879135,qc519_unmapped,LV7008879135,,,,,,,,,,,,,,,,QC519 collapsed available; extract count available,,,,13107,729,263,262,,,,,,,,,,,,,,,,,,,,,,,,,,现有路线计数填入 extract,,,,,,,,sample_reads_wide.tsv (v1); pipeline_reads_extract_besthit.tsv; irgsp_dedup_bam_reads.tsv,missing_site_metadata,,Site is unknown; latitude and longitude cannot be assigned safely
LV7008879136,qc519_unmapped,LV7008879136,,,,,,,,,,,,,,,,QC519 collapsed available; extract count available,,,,1858,219,27,27,,,,,,,,,,,,,,,,,,,,,,,,,,现有路线计数填入 extract,,,,,,,,sample_reads_wide.tsv (v1); pipeline_reads_extract_besthit.tsv; irgsp_dedup_bam_reads.tsv,missing_site_metadata,,Site is unknown; latitude and longitude cannot be assigned safely
LV7008879138,qc519_unmapped,LV7008879138,,,,,,,,,,,,,,,,QC519 collapsed available; extract count available,,,,2136,191,38,38,,,,,,,,,,,,,,,,,,,,,,,,,,现有路线计数填入 extract,,,,,,,,sample_reads_wide.tsv (v1); pipeline_reads_extract_besthit.tsv; irgsp_dedup_bam_reads.tsv,missing_site_metadata,,Site is unknown; latitude and longitude cannot be assigned safely
LV7008879139,qc519_unmapped,LV7008879139,,,,,,,,,,,,,,,,QC519 collapsed available; extract count available,,,,650,42,10,10,,,,,,,,,,,,,,,,,,,,,,,,,,现有路线计数填入 extract,,,,,,,,sample_reads_wide.tsv (v1); pipeline_reads_extract_besthit.tsv; irgsp_dedup_bam_reads.tsv,missing_site_metadata,,Site is unknown; latitude and longitude cannot be assigned safely
LV7008879140,qc519_unmapped,LV7008879140,,,,,,,,,,,,,,,,QC519 collapsed available; extract count available,,,,1719,147,50,49,,,,,,,,,,,,,,,,,,,,,,,,,,现有路线计数填入 extract,,,,,,,,sample_reads_wide.tsv (v1); pipeline_reads_extract_besthit.tsv; irgsp_dedup_bam_reads.tsv,missing_site_metadata,,Site is unknown; latitude and longitude cannot be assigned safely
LV7008879141,qc519_unmapped,LV7008879141,,,,,,,,,,,,,,,,QC519 collapsed available; extract count available,,,,15124,957,378,376,,,,,,,,,,,,,,,,,,,,,,,,,,现有路线计数填入 extract,,,,,,,,sample_reads_wide.tsv (v1); pipeline_reads_extract_besthit.tsv; irgsp_dedup_bam_reads.tsv,missing_site_metadata,,Site is unknown; latitude and longitude cannot be assigned safely
LV7008879142,qc519_unmapped,LV7008879142,,,,,,,,,,,,,,,,QC519 collapsed available; extract count available,,,,12763,921,239,229,,,,,,,,,,,,,,,,,,,,,,,,,,现有路线计数填入 extract,,,,,,,,sample_reads_wide.tsv (v1); pipeline_reads_extract_besthit.tsv; irgsp_dedup_bam_reads.tsv,missing_site_metadata,,Site is unknown; latitude and longitude cannot be assigned safely
LV7008879143,qc519_unmapped,LV7008879143,,,,,,,,,,,,,,,,QC519 collapsed available; extract count available,,,,30389,1996,725,718,,,,,,,,,,,,,,,,,,,,,,,,,,现有路线计数填入 extract,,,,,,,,sample_reads_wide.tsv (v1); pipeline_reads_extract_besthit.tsv; irgsp_dedup_bam_reads.tsv,missing_site_metadata,,Site is unknown; latitude and longitude cannot be assigned safely
LV7008879144,qc519_unmapped,LV7008879144,,,,,,,,,,,,,,,,QC519 collapsed available; extract count available,,,,27825,1882,752,738,,,,,,,,,,,,,,,,,,,,,,,,,,现有路线计数填入 extract,,,,,,,,sample_reads_wide.tsv (v1); pipeline_reads_extract_besthit.tsv; irgsp_dedup_bam_reads.tsv,missing_site_metadata,,Site is unknown; latitude and longitude cannot be assigned safely
LV7008879145,qc519_unmapped,LV7008879145,,,,,,,,,,,,,,,,QC519 collapsed available; extract count available,,,,20401,1682,490,482,,,,,,,,,,,,,,,,,,,,,,,,,,现有路线计数填入 extract,,,,,,,,sample_reads_wide.tsv (v1); pipeline_reads_extract_besthit.tsv; irgsp_dedup_bam_reads.tsv,missing_site_metadata,,Site is unknown; latitude and longitude cannot be assigned safely
LV7008879146,qc519_unmapped,LV7008879146,,,,,,,,,,,,,,,,QC519 collapsed available; extract count available,,,,13702,875,323,322,,,,,,,,,,,,,,,,,,,,,,,,,,现有路线计数填入 extract,,,,,,,,sample_reads_wide.tsv (v1); pipeline_reads_extract_besthit.tsv; irgsp_dedup_bam_reads.tsv,missing_site_metadata,,Site is unknown; latitude and longitude cannot be assigned safely
LV7008879147,qc519_unmapped,LV7008879147,,,,,,,,,,,,,,,,QC519 collapsed available; extract count available,,,,6803,438,146,146,,,,,,,,,,,,,,,,,,,,,,,,,,现有路线计数填入 extract,,,,,,,,sample_reads_wide.tsv (v1); pipeline_reads_extract_besthit.tsv; irgsp_dedup_bam_reads.tsv,missing_site_metadata,,Site is unknown; latitude and longitude cannot be assigned safely
LV7008879148,qc519_unmapped,LV7008879148,,,,,,,,,,,,,,,,QC519 collapsed available; extract count available,,,,1352,88,36,36,,,,,,,,,,,,,,,,,,,,,,,,,,现有路线计数填入 extract,,,,,,,,sample_reads_wide.tsv (v1); pipeline_reads_extract_besthit.tsv; irgsp_dedup_bam_reads.tsv,missing_site_metadata,,Site is unknown; latitude and longitude cannot be assigned safely
LV7008879149,qc519_unmapped,LV7008879149,,,,,,,,,,,,,,,,QC519 collapsed available; extract count available,,,,0,,,,,,,,,,,,,,,,,,,,,,,,,,,,,现有路线计数填入 extract,,,,,,,,sample_reads_wide.tsv (v1); pipeline_reads_extract_besthit.tsv,missing_site_metadata,,Site is unknown; latitude and longitude cannot be assigned safely
LV7008879150,qc519_unmapped,LV7008879150,,,,,,,,,,,,,,,,QC519 collapsed available; extract count available,,,,1778,161,46,46,,,,,,,,,,,,,,,,,,,,,,,,,,现有路线计数填入 extract,,,,,,,,sample_reads_wide.tsv (v1); pipeline_reads_extract_besthit.tsv; irgsp_dedup_bam_reads.tsv,missing_site_metadata,,Site is unknown; latitude and longitude cannot be assigned safely
LV7008879151,qc519_unmapped,LV7008879151,,,,,,,,,,,,,,,,QC519 collapsed available; extract count available,,,,2583,249,67,67,,,,,,,,,,,,,,,,,,,,,,,,,,现有路线计数填入 extract,,,,,,,,sample_reads_wide.tsv (v1); pipeline_reads_extract_besthit.tsv; irgsp_dedup_bam_reads.tsv,missing_site_metadata,,Site is unknown; latitude and longitude cannot be assigned safely
LV7008879152,qc519_unmapped,LV7008879152,,,,,,,,,,,,,,,,Low Risk; QC519 collapsed available; extract count available,,,,1,0,0,0,,0,,,,,,,,,,,,,,,,,,,,,,,,现有路线计数填入 extract,,,,,,,,sample_reads_wide.tsv (v1); pipeline_reads_extract_besthit.tsv; irgsp_dedup_bam_reads.tsv,missing_site_metadata,,Site is unknown; latitude and longitude cannot be assigned safely
LV7008879153,qc519_unmapped,LV7008879153,,,,,,,,,,,,,,,,QC519 collapsed available; extract count available,,,,21920,1477,358,357,,,,,,,,,,,,,,,,,,,,,,,,,,现有路线计数填入 extract,,,,,,,,sample_reads_wide.tsv (v1); pipeline_reads_extract_besthit.tsv; irgsp_dedup_bam_reads.tsv,missing_site_metadata,,Site is unknown; latitude and longitude cannot be assigned safely
LV7008879154,qc519_unmapped,LV7008879154,,,,,,,,,,,,,,,,QC519 collapsed available; extract count available,,,,25859,1809,662,652,,,,,,,,,,,,,,,,,,,,,,,,,,现有路线计数填入 extract,,,,,,,,sample_reads_wide.tsv (v1); pipeline_reads_extract_besthit.tsv; irgsp_dedup_bam_reads.tsv,missing_site_metadata,,Site is unknown; latitude and longitude cannot be assigned safely
LV7008879155,qc519_unmapped,LV7008879155,,,,,,,,,,,,,,,,QC519 collapsed available; extract count available,,,,19077,1534,401,391,,,,,,,,,,,,,,,,,,,,,,,,,,现有路线计数填入 extract,,,,,,,,sample_reads_wide.tsv (v1); pipeline_reads_extract_besthit.tsv; irgsp_dedup_bam_reads.tsv,missing_site_metadata,,Site is unknown; latitude and longitude cannot be assigned safely
LV7008879156,qc519_unmapped,LV7008879156,,,,,,,,,,,,,,,,QC519 collapsed available; extract count available,,,,86535,17835,1869,1855,,,,,,,,,,,,,,,,,,,,,,,,,,现有路线计数填入 extract,,,,,,,,sample_reads_wide.tsv (v1); pipeline_reads_extract_besthit.tsv; irgsp_dedup_bam_reads.tsv,missing_site_metadata,,Site is unknown; latitude and longitude cannot be assigned safely
LV7008879157,qc519_unmapped,LV7008879157,,,,,,,,,,,,,,,,QC519 collapsed available; extract count available,,,,3113,197,83,82,,,,,,,,,,,,,,,,,,,,,,,,,,现有路线计数填入 extract,,,,,,,,sample_reads_wide.tsv (v1); pipeline_reads_extract_besthit.tsv; irgsp_dedup_bam_reads.tsv,missing_site_metadata,,Site is unknown; latitude and longitude cannot be assigned safely
LV7008879158,qc519_unmapped,LV7008879158,,,,,,,,,,,,,,,,QC519 collapsed available; extract count available,,,,50684,3050,1288,1277,,,,,,,,,,,,,,,,,,,,,,,,,,现有路线计数填入 extract,,,,,,,,sample_reads_wide.tsv (v1); pipeline_reads_extract_besthit.tsv; irgsp_dedup_bam_reads.tsv,missing_site_metadata,,Site is unknown; latitude and longitude cannot be assigned safely
LV7008879159,qc519_unmapped,LV7008879159,,,,,,,,,,,,,,,,QC519 collapsed available; extract count available,,,,10,2,1,1,,,,,,,,,,,,,,,,,,,,,,,,,,现有路线计数填入 extract,,,,,,,,sample_reads_wide.tsv (v1); pipeline_reads_extract_besthit.tsv; irgsp_dedup_bam_reads.tsv,missing_site_metadata,,Site is unknown; latitude and longitude cannot be assigned safely
LV7008879160,qc519_unmapped,LV7008879160,,,,,,,,,,,,,,,,QC519 collapsed available; extract count available,,,,1150,82,24,24,,,,,,,,,,,,,,,,,,,,,,,,,,现有路线计数填入 extract,,,,,,,,sample_reads_wide.tsv (v1); pipeline_reads_extract_besthit.tsv; irgsp_dedup_bam_reads.tsv,missing_site_metadata,,Site is unknown; latitude and longitude cannot be assigned safely
LV7008879161,qc519_unmapped,LV7008879161,,,,,,,,,,,,,,,,QC519 collapsed available; extract count available,,,,2172,161,56,56,,,,,,,,,,,,,,,,,,,,,,,,,,现有路线计数填入 extract,,,,,,,,sample_reads_wide.tsv (v1); pipeline_reads_extract_besthit.tsv; irgsp_dedup_bam_reads.tsv,missing_site_metadata,,Site is unknown; latitude and longitude cannot be assigned safely
LV7008879164,qc519_unmapped,LV7008879164,,,,,,,,,,,,,,,,QC519 collapsed available; extract count available,,,,1942,141,20,20,,,,,,,,,,,,,,,,,,,,,,,,,,现有路线计数填入 extract,,,,,,,,sample_reads_wide.tsv (v1); pipeline_reads_extract_besthit.tsv; irgsp_dedup_bam_reads.tsv,missing_site_metadata,,Site is unknown; latitude and longitude cannot be assigned safely
LV7008879165,qc519_unmapped,LV7008879165,,,,,,,,,,,,,,,,QC519 collapsed available; extract count available,,,,28966,1723,665,650,,,,,,,,,,,,,,,,,,,,,,,,,,现有路线计数填入 extract,,,,,,,,sample_reads_wide.tsv (v1); pipeline_reads_extract_besthit.tsv; irgsp_dedup_bam_reads.tsv,missing_site_metadata,,Site is unknown; latitude and longitude cannot be assigned safely
LV7008879166,qc519_unmapped,LV7008879166,,,,,,,,,,,,,,,,QC519 collapsed available; extract count available,,,,18334,1413,393,382,,,,,,,,,,,,,,,,,,,,,,,,,,现有路线计数填入 extract,,,,,,,,sample_reads_wide.tsv (v1); pipeline_reads_extract_besthit.tsv; irgsp_dedup_bam_reads.tsv,missing_site_metadata,,Site is unknown; latitude and longitude cannot be assigned safely
LV7008879167,qc519_unmapped,LV7008879167,,,,,,,,,,,,,,,,QC519 collapsed available; extract count available,,,,7304,509,166,164,,,,,,,,,,,,,,,,,,,,,,,,,,现有路线计数填入 extract,,,,,,,,sample_reads_wide.tsv (v1); pipeline_reads_extract_besthit.tsv; irgsp_dedup_bam_reads.tsv,missing_site_metadata,,Site is unknown; latitude and longitude cannot be assigned safely
LV7008879168,qc519_unmapped,LV7008879168,,,,,,,,,,,,,,,,QC519 collapsed available; extract count available,,,,58640,6931,479,472,,,,,,,,,,,,,,,,,,,,,,,,,,现有路线计数填入 extract,,,,,,,,sample_reads_wide.tsv (v1); pipeline_reads_extract_besthit.tsv; irgsp_dedup_bam_reads.tsv,missing_site_metadata,,Site is unknown; latitude and longitude cannot be assigned safely
LV7008879169,qc519_unmapped,LV7008879169,,,,,,,,,,,,,,,,QC519 collapsed available; extract count available,,,,10528,811,266,259,,,,,,,,,,,,,,,,,,,,,,,,,,现有路线计数填入 extract,,,,,,,,sample_reads_wide.tsv (v1); pipeline_reads_extract_besthit.tsv; irgsp_dedup_bam_reads.tsv,missing_site_metadata,,Site is unknown; latitude and longitude cannot be assigned safely
LV7008879170,qc519_unmapped,LV7008879170,,,,,,,,,,,,,,,,QC519 collapsed available; extract count available,,,,28333,1800,722,714,,,,,,,,,,,,,,,,,,,,,,,,,,现有路线计数填入 extract,,,,,,,,sample_reads_wide.tsv (v1); pipeline_reads_extract_besthit.tsv; irgsp_dedup_bam_reads.tsv,missing_site_metadata,,Site is unknown; latitude and longitude cannot be assigned safely
LV7008879172,qc519_unmapped,LV7008879172,,,,,,,,,,,,,,,,QC519 collapsed available; extract count available,,,,18555,1130,332,332,,,,,,,,,,,,,,,,,,,,,,,,,,现有路线计数填入 extract,,,,,,,,sample_reads_wide.tsv (v1); pipeline_reads_extract_besthit.tsv; irgsp_dedup_bam_reads.tsv,missing_site_metadata,,Site is unknown; latitude and longitude cannot be assigned safely
LV7008879174,qc519_unmapped,LV7008879174,,,,,,,,,,,,,,,,QC519 collapsed available; extract count available,,,,1911,134,41,40,,,,,,,,,,,,,,,,,,,,,,,,,,现有路线计数填入 extract,,,,,,,,sample_reads_wide.tsv (v1); pipeline_reads_extract_besthit.tsv; irgsp_dedup_bam_reads.tsv,missing_site_metadata,,Site is unknown; latitude and longitude cannot be assigned safely
LV7008879175,qc519_unmapped,LV7008879175,,,,,,,,,,,,,,,,QC519 collapsed available; extract count available,,,,1823,127,45,45,,,,,,,,,,,,,,,,,,,,,,,,,,现有路线计数填入 extract,,,,,,,,sample_reads_wide.tsv (v1); pipeline_reads_extract_besthit.tsv; irgsp_dedup_bam_reads.tsv,missing_site_metadata,,Site is unknown; latitude and longitude cannot be assigned safely
LV7008879176,qc519_unmapped,LV7008879176,,,,,,,,,,,,,,,,QC519 collapsed available; extract count available,,,,1373,140,24,24,,,,,,,,,,,,,,,,,,,,,,,,,,现有路线计数填入 extract,,,,,,,,sample_reads_wide.tsv (v1); pipeline_reads_extract_besthit.tsv; irgsp_dedup_bam_reads.tsv,missing_site_metadata,,Site is unknown; latitude and longitude cannot be assigned safely
LV7008879177,qc519_unmapped,LV7008879177,,,,,,,,,,,,,,,,QC519 collapsed available; extract count available,,,,14280,788,280,276,,,,,,,,,,,,,,,,,,,,,,,,,,现有路线计数填入 extract,,,,,,,,sample_reads_wide.tsv (v1); pipeline_reads_extract_besthit.tsv; irgsp_dedup_bam_reads.tsv,missing_site_metadata,,Site is unknown; latitude and longitude cannot be assigned safely
LV7008879178,qc519_unmapped,LV7008879178,,,,,,,,,,,,,,,,QC519 collapsed available; extract count available,,,,8757,713,197,180,,,,,,,,,,,,,,,,,,,,,,,,,,现有路线计数填入 extract,,,,,,,,sample_reads_wide.tsv (v1); pipeline_reads_extract_besthit.tsv; irgsp_dedup_bam_reads.tsv,missing_site_metadata,,Site is unknown; latitude and longitude cannot be assigned safely
LV7008879179,qc519_unmapped,LV7008879179,,,,,,,,,,,,,,,,QC519 collapsed available; extract count available,,,,21626,1433,498,494,,,,,,,,,,,,,,,,,,,,,,,,,,现有路线计数填入 extract,,,,,,,,sample_reads_wide.tsv (v1); pipeline_reads_extract_besthit.tsv; irgsp_dedup_bam_reads.tsv,missing_site_metadata,,Site is unknown; latitude and longitude cannot be assigned safely
LV7008879180,qc519_unmapped,LV7008879180,,,,,,,,,,,,,,,,QC519 collapsed available; extract count available,,,,35350,2449,919,890,,,,,,,,,,,,,,,,,,,,,,,,,,现有路线计数填入 extract,,,,,,,,sample_reads_wide.tsv (v1); pipeline_reads_extract_besthit.tsv; irgsp_dedup_bam_reads.tsv,missing_site_metadata,,Site is unknown; latitude and longitude cannot be assigned safely
LV7008879181,qc519_unmapped,LV7008879181,,,,,,,,,,,,,,,,QC519 collapsed available; extract count available,,,,100525,10846,718,712,,,,,,,,,,,,,,,,,,,,,,,,,,现有路线计数填入 extract,,,,,,,,sample_reads_wide.tsv (v1); pipeline_reads_extract_besthit.tsv; irgsp_dedup_bam_reads.tsv,missing_site_metadata,,Site is unknown; latitude and longitude cannot be assigned safely
LV7008879182,qc519_unmapped,LV7008879182,,,,,,,,,,,,,,,,QC519 collapsed available; extract count available,,,,31459,2505,1211,1202,,,,,,,,,,,,,,,,,,,,,,,,,,现有路线计数填入 extract,,,,,,,,sample_reads_wide.tsv (v1); pipeline_reads_extract_besthit.tsv; irgsp_dedup_bam_reads.tsv,missing_site_metadata,,Site is unknown; latitude and longitude cannot be assigned safely
LV7008879183,qc519_unmapped,LV7008879183,,,,,,,,,,,,,,,,QC519 collapsed available; extract count available,,,,494,31,7,5,,,,,,,,,,,,,,,,,,,,,,,,,,现有路线计数填入 extract,,,,,,,,sample_reads_wide.tsv (v1); pipeline_reads_extract_besthit.tsv; irgsp_dedup_bam_reads.tsv,missing_site_metadata,,Site is unknown; latitude and longitude cannot be assigned safely
LV7008879184,qc519_unmapped,LV7008879184,,,,,,,,,,,,,,,,QC519 collapsed available; extract count available,,,,66121,4315,1219,1212,,,,,,,,,,,,,,,,,,,,,,,,,,现有路线计数填入 extract,,,,,,,,sample_reads_wide.tsv (v1); pipeline_reads_extract_besthit.tsv; irgsp_dedup_bam_reads.tsv,missing_site_metadata,,Site is unknown; latitude and longitude cannot be assigned safely
LV7008879185,qc519_unmapped,LV7008879185,,,,,,,,,,,,,,,,QC519 collapsed available; extract count available,,,,1168,85,27,27,,,,,,,,,,,,,,,,,,,,,,,,,,现有路线计数填入 extract,,,,,,,,sample_reads_wide.tsv (v1); pipeline_reads_extract_besthit.tsv; irgsp_dedup_bam_reads.tsv,missing_site_metadata,,Site is unknown; latitude and longitude cannot be assigned safely
LV7008879187,qc519_unmapped,LV7008879187,,,,,,,,,,,,,,,,QC519 collapsed available; extract count available,,,,2334,197,55,55,,,,,,,,,,,,,,,,,,,,,,,,,,现有路线计数填入 extract,,,,,,,,sample_reads_wide.tsv (v1); pipeline_reads_extract_besthit.tsv; irgsp_dedup_bam_reads.tsv,missing_site_metadata,,Site is unknown; latitude and longitude cannot be assigned safely
LV7008879188,qc519_unmapped,LV7008879188,,,,,,,,,,,,,,,,QC519 collapsed available; extract count available,,,,3754,447,63,63,,,,,,,,,,,,,,,,,,,,,,,,,,现有路线计数填入 extract,,,,,,,,sample_reads_wide.tsv (v1); pipeline_reads_extract_besthit.tsv; irgsp_dedup_bam_reads.tsv,missing_site_metadata,,Site is unknown; latitude and longitude cannot be assigned safely
LV7008879273,qc519_unmapped,LV7008879273,,,,,,,,,,,,,,,,QC519 collapsed available; extract count available,,,,0,,,,,0,,,,,,,,,,,,,,,,,,,,,,,,现有路线计数填入 extract,,,,,,,,sample_reads_wide.tsv (v1); pipeline_reads_extract_besthit.tsv,missing_site_metadata,,Site is unknown; latitude and longitude cannot be assigned safely
LV7008879279,qc519_unmapped,LV7008879279,,,,,,,,,,,,,,,,Unqualified; QC519 collapsed available; extract count available,,,,2,0,0,0,,0,,,,,,,,,,,,,,,,,,,,,,,,现有路线计数填入 extract,,,,,,,,sample_reads_wide.tsv (v1); pipeline_reads_extract_besthit.tsv; irgsp_dedup_bam_reads.tsv,missing_site_metadata,,Site is unknown; latitude and longitude cannot be assigned safely
LV7008879487,qc519_unmapped,LV7008879487,,,,,,,,,,,,,,,,QC519 collapsed available; extract count available,,,,14900,1383,145,142,,,,,,,,,,,,,,,,,,,,,,,,,,现有路线计数填入 extract,,,,,,,,sample_reads_wide.tsv (v1); pipeline_reads_extract_besthit.tsv; irgsp_dedup_bam_reads.tsv,missing_site_metadata,,Site is unknown; latitude and longitude cannot be assigned safely
LV7008879488,qc519_unmapped,LV7008879488,,,,,,,,,,,,,,,,QC519 collapsed available; extract count available,,,,20528,2323,250,246,,,,,,,,,,,,,,,,,,,,,,,,,,现有路线计数填入 extract,,,,,,,,sample_reads_wide.tsv (v1); pipeline_reads_extract_besthit.tsv; irgsp_dedup_bam_reads.tsv,missing_site_metadata,,Site is unknown; latitude and longitude cannot be assigned safely
LV7008879499,qc519_unmapped,LV7008879499,,,,,,,,,,,,,,,,QC519 collapsed available; extract count available,,,,16192,1543,198,194,,,,,,,,,,,,,,,,,,,,,,,,,,现有路线计数填入 extract,,,,,,,,sample_reads_wide.tsv (v1); pipeline_reads_extract_besthit.tsv; irgsp_dedup_bam_reads.tsv,missing_site_metadata,,Site is unknown; latitude and longitude cannot be assigned safely
LV7008879500,qc519_unmapped,LV7008879500,,,,,,,,,,,,,,,,QC519 collapsed available; extract count available,,,,19277,1667,305,304,,,,,,,,,,,,,,,,,,,,,,,,,,现有路线计数填入 extract,,,,,,,,sample_reads_wide.tsv (v1); pipeline_reads_extract_besthit.tsv; irgsp_dedup_bam_reads.tsv,missing_site_metadata,,Site is unknown; latitude and longitude cannot be assigned safely
LV7008879512,qc519_unmapped,LV7008879512,,,,,,,,,,,,,,,,QC519 collapsed available; extract count available,,,,21137,2481,391,389,,,,,,,,,,,,,,,,,,,,,,,,,,现有路线计数填入 extract,,,,,,,,sample_reads_wide.tsv (v1); pipeline_reads_extract_besthit.tsv; irgsp_dedup_bam_reads.tsv,missing_site_metadata,,Site is unknown; latitude and longitude cannot be assigned safely
LV7008879524,qc519_unmapped,LV7008879524,,,,,,,,,,,,,,,,QC519 collapsed available; extract count available,,,,96739,17966,1219,1209,,,,,,,,,,,,,,,,,,,,,,,,,,现有路线计数填入 extract,,,,,,,,sample_reads_wide.tsv (v1); pipeline_reads_extract_besthit.tsv; irgsp_dedup_bam_reads.tsv,missing_site_metadata,,Site is unknown; latitude and longitude cannot be assigned safely
LV7008879536,qc519_unmapped,LV7008879536,,,,,,,,,,,,,,,,QC519 collapsed available; extract count available,,,,6052,993,75,70,,,,,,,,,,,,,,,,,,,,,,,,,,现有路线计数填入 extract,,,,,,,,sample_reads_wide.tsv (v1); pipeline_reads_extract_besthit.tsv; irgsp_dedup_bam_reads.tsv,missing_site_metadata,,Site is unknown; latitude and longitude cannot be assigned safely
LV7008879548,qc519_unmapped,LV7008879548,,,,,,,,,,,,,,,,QC519 collapsed available; extract count available,,,,151888,31528,2595,2572,,,,,,,,,,,,,,,,,,,,,,,,,,现有路线计数填入 extract,,,,,,,,sample_reads_wide.tsv (v1); pipeline_reads_extract_besthit.tsv; irgsp_dedup_bam_reads.tsv,missing_site_metadata,,Site is unknown; latitude and longitude cannot be assigned safely
LV7008879560,qc519_unmapped,LV7008879560,,,,,,,,,,,,,,,,QC519 collapsed available; extract count available,,,,22715,1928,805,802,,,,,,,,,,,,,,,,,,,,,,,,,,现有路线计数填入 extract,,,,,,,,sample_reads_wide.tsv (v1); pipeline_reads_extract_besthit.tsv; irgsp_dedup_bam_reads.tsv,missing_site_metadata,,Site is unknown; latitude and longitude cannot be assigned safely
LV7008879567,qc519_unmapped,LV7008879567,,,,,,,,,,,,,,,,N.A.; QC519 collapsed available; extract count available,,,,23,2,0,0,,,,,,,,,,,,,,,,,,,,,,,,,,现有路线计数填入 extract,,,,,,,,sample_reads_wide.tsv (v1); pipeline_reads_extract_besthit.tsv; irgsp_dedup_bam_reads.tsv,missing_site_metadata,,Site is unknown; latitude and longitude cannot be assigned safely
LV7008879769,qc519_unmapped,LV7008879769,,,,,,,,,,,,,,,,QC519 collapsed available; extract count available,,,,23668,1809,726,723,,,,,,,,,,,,,,,,,,,,,,,,,,现有路线计数填入 extract,,,,,,,,sample_reads_wide.tsv (v1); pipeline_reads_extract_besthit.tsv; irgsp_dedup_bam_reads.tsv,missing_site_metadata,,Site is unknown; latitude and longitude cannot be assigned safely
LV7008879770,qc519_unmapped,LV7008879770,,,,,,,,,,,,,,,,QC519 collapsed available; extract count available,,,,18707,1938,505,504,,,,,,,,,,,,,,,,,,,,,,,,,,现有路线计数填入 extract,,,,,,,,sample_reads_wide.tsv (v1); pipeline_reads_extract_besthit.tsv; irgsp_dedup_bam_reads.tsv,missing_site_metadata,,Site is unknown; latitude and longitude cannot be assigned safely
LV7008879771,qc519_unmapped,LV7008879771,,,,,,,,,,,,,,,,QC519 collapsed available; extract count available,,,,2867,535,82,57,,,,,,,,,,,,,,,,,,,,,,,,,,现有路线计数填入 extract,,,,,,,,sample_reads_wide.tsv (v1); pipeline_reads_extract_besthit.tsv; irgsp_dedup_bam_reads.tsv,missing_site_metadata,,Site is unknown; latitude and longitude cannot be assigned safely
LV7008879772,qc519_unmapped,LV7008879772,,,,,,,,,,,,,,,,QC519 collapsed available; extract count available,,,,3122,621,94,69,,,,,,,,,,,,,,,,,,,,,,,,,,现有路线计数填入 extract,,,,,,,,sample_reads_wide.tsv (v1); pipeline_reads_extract_besthit.tsv; irgsp_dedup_bam_reads.tsv,missing_site_metadata,,Site is unknown; latitude and longitude cannot be assigned safely
LV7008879773,qc519_unmapped,LV7008879773,,,,,,,,,,,,,,,,QC519 collapsed available; extract count available,,,,18393,1541,375,359,,,,,,,,,,,,,,,,,,,,,,,,,,现有路线计数填入 extract,,,,,,,,sample_reads_wide.tsv (v1); pipeline_reads_extract_besthit.tsv; irgsp_dedup_bam_reads.tsv,missing_site_metadata,,Site is unknown; latitude and longitude cannot be assigned safely
LV7008879774,qc519_unmapped,LV7008879774,,,,,,,,,,,,,,,,QC519 collapsed available; extract count available,,,,9597,756,234,230,,,,,,,,,,,,,,,,,,,,,,,,,,现有路线计数填入 extract,,,,,,,,sample_reads_wide.tsv (v1); pipeline_reads_extract_besthit.tsv; irgsp_dedup_bam_reads.tsv,missing_site_metadata,,Site is unknown; latitude and longitude cannot be assigned safely
LV7008879775,qc519_unmapped,LV7008879775,,,,,,,,,,,,,,,,QC519 collapsed available; extract count available,,,,26315,2292,691,686,,,,,,,,,,,,,,,,,,,,,,,,,,现有路线计数填入 extract,,,,,,,,sample_reads_wide.tsv (v1); pipeline_reads_extract_besthit.tsv; irgsp_dedup_bam_reads.tsv,missing_site_metadata,,Site is unknown; latitude and longitude cannot be assigned safely
LV7008879776,qc519_unmapped,LV7008879776,,,,,,,,,,,,,,,,QC519 collapsed available; extract count available,,,,16281,1535,371,367,,,,,,,,,,,,,,,,,,,,,,,,,,现有路线计数填入 extract,,,,,,,,sample_reads_wide.tsv (v1); pipeline_reads_extract_besthit.tsv; irgsp_dedup_bam_reads.tsv,missing_site_metadata,,Site is unknown; latitude and longitude cannot be assigned safely
LV7008879779,qc519_unmapped,LV7008879779,,,,,,,,,,,,,,,,QC519 collapsed available; extract count available,,,,8,3,3,3,,,,,,,,,,,,,,,,,,,,,,,,,,现有路线计数填入 extract,,,,,,,,sample_reads_wide.tsv (v1); pipeline_reads_extract_besthit.tsv; irgsp_dedup_bam_reads.tsv,missing_site_metadata,,Site is unknown; latitude and longitude cannot be assigned safely
LV7008879780,qc519_unmapped,LV7008879780,,,,,,,,,,,,,,,,QC519 collapsed available; extract count available,,,,107566,26456,6694,6588,,,,,,,,,,,,,,,,,,,,,,,,,,现有路线计数填入 extract,,,,,,,,sample_reads_wide.tsv (v1); pipeline_reads_extract_besthit.tsv; irgsp_dedup_bam_reads.tsv,missing_site_metadata,,Site is unknown; latitude and longitude cannot be assigned safely
LV7008879781,qc519_unmapped,LV7008879781,,,,,,,,,,,,,,,,QC519 collapsed available; extract count available,,,,43564,3377,1498,1490,,,,,,,,,,,,,,,,,,,,,,,,,,现有路线计数填入 extract,,,,,,,,sample_reads_wide.tsv (v1); pipeline_reads_extract_besthit.tsv; irgsp_dedup_bam_reads.tsv,missing_site_metadata,,Site is unknown; latitude and longitude cannot be assigned safely
LV7008879782,qc519_unmapped,LV7008879782,,,,,,,,,,,,,,,,QC519 collapsed available; extract count available,,,,38018,2918,1361,1356,,,,,,,,,,,,,,,,,,,,,,,,,,现有路线计数填入 extract,,,,,,,,sample_reads_wide.tsv (v1); pipeline_reads_extract_besthit.tsv; irgsp_dedup_bam_reads.tsv,missing_site_metadata,,Site is unknown; latitude and longitude cannot be assigned safely
LV7008879783,qc519_unmapped,LV7008879783,,,,,,,,,,,,,,,,QC519 collapsed available; extract count available,,,,2899,525,77,56,,,,,,,,,,,,,,,,,,,,,,,,,,现有路线计数填入 extract,,,,,,,,sample_reads_wide.tsv (v1); pipeline_reads_extract_besthit.tsv; irgsp_dedup_bam_reads.tsv,missing_site_metadata,,Site is unknown; latitude and longitude cannot be assigned safely
LV7008879784,qc519_unmapped,LV7008879784,,,,,,,,,,,,,,,,QC519 collapsed available; extract count available,,,,47016,4193,671,659,,,,,,,,,,,,,,,,,,,,,,,,,,现有路线计数填入 extract,,,,,,,,sample_reads_wide.tsv (v1); pipeline_reads_extract_besthit.tsv; irgsp_dedup_bam_reads.tsv,missing_site_metadata,,Site is unknown; latitude and longitude cannot be assigned safely
LV7008879785,qc519_unmapped,LV7008879785,,,,,,,,,,,,,,,,QC519 collapsed available; extract count available,,,,14029,1262,385,369,,,,,,,,,,,,,,,,,,,,,,,,,,现有路线计数填入 extract,,,,,,,,sample_reads_wide.tsv (v1); pipeline_reads_extract_besthit.tsv; irgsp_dedup_bam_reads.tsv,missing_site_metadata,,Site is unknown; latitude and longitude cannot be assigned safely
LV7008879786,qc519_unmapped,LV7008879786,,,,,,,,,,,,,,,,QC519 collapsed available; extract count available,,,,33602,2454,605,600,,,,,,,,,,,,,,,,,,,,,,,,,,现有路线计数填入 extract,,,,,,,,sample_reads_wide.tsv (v1); pipeline_reads_extract_besthit.tsv; irgsp_dedup_bam_reads.tsv,missing_site_metadata,,Site is unknown; latitude and longitude cannot be assigned safely
LV7008879787,qc519_unmapped,LV7008879787,,,,,,,,,,,,,,,,QC519 collapsed available; extract count available,,,,14416,1250,414,405,,,,,,,,,,,,,,,,,,,,,,,,,,现有路线计数填入 extract,,,,,,,,sample_reads_wide.tsv (v1); pipeline_reads_extract_besthit.tsv; irgsp_dedup_bam_reads.tsv,missing_site_metadata,,Site is unknown; latitude and longitude cannot be assigned safely
LV7008879788,qc519_unmapped,LV7008879788,,,,,,,,,,,,,,,,QC519 collapsed available; extract count available,,,,35326,3168,886,876,,,,,,,,,,,,,,,,,,,,,,,,,,现有路线计数填入 extract,,,,,,,,sample_reads_wide.tsv (v1); pipeline_reads_extract_besthit.tsv; irgsp_dedup_bam_reads.tsv,missing_site_metadata,,Site is unknown; latitude and longitude cannot be assigned safely
LV7008879792,qc519_unmapped,LV7008879792,,,,,,,,,,,,,,,,QC519 collapsed available; extract count available,,,,114867,27709,6839,6763,,,,,,,,,,,,,,,,,,,,,,,,,,现有路线计数填入 extract,,,,,,,,sample_reads_wide.tsv (v1); pipeline_reads_extract_besthit.tsv; irgsp_dedup_bam_reads.tsv,missing_site_metadata,,Site is unknown; latitude and longitude cannot be assigned safely
LV7008879793,qc519_unmapped,LV7008879793,,,,,,,,,,,,,,,,QC519 collapsed available; extract count available,,,,30964,2339,768,768,,,,,,,,,,,,,,,,,,,,,,,,,,现有路线计数填入 extract,,,,,,,,sample_reads_wide.tsv (v1); pipeline_reads_extract_besthit.tsv; irgsp_dedup_bam_reads.tsv,missing_site_metadata,,Site is unknown; latitude and longitude cannot be assigned safely
LV7008879794,qc519_unmapped,LV7008879794,,,,,,,,,,,,,,,,QC519 collapsed available; extract count available,,,,22756,1933,703,699,,,,,,,,,,,,,,,,,,,,,,,,,,现有路线计数填入 extract,,,,,,,,sample_reads_wide.tsv (v1); pipeline_reads_extract_besthit.tsv; irgsp_dedup_bam_reads.tsv,missing_site_metadata,,Site is unknown; latitude and longitude cannot be assigned safely
LV7008879795,qc519_unmapped,LV7008879795,,,,,,,,,,,,,,,,QC519 collapsed available; extract count available,,,,35144,2960,1373,1364,,,,,,,,,,,,,,,,,,,,,,,,,,现有路线计数填入 extract,,,,,,,,sample_reads_wide.tsv (v1); pipeline_reads_extract_besthit.tsv; irgsp_dedup_bam_reads.tsv,missing_site_metadata,,Site is unknown; latitude and longitude cannot be assigned safely
LV7008879796,qc519_unmapped,LV7008879796,,,,,,,,,,,,,,,,QC519 collapsed available; extract count available,,,,1769,403,46,27,,,,,,,,,,,,,,,,,,,,,,,,,,现有路线计数填入 extract,,,,,,,,sample_reads_wide.tsv (v1); pipeline_reads_extract_besthit.tsv; irgsp_dedup_bam_reads.tsv,missing_site_metadata,,Site is unknown; latitude and longitude cannot be assigned safely
LV7008879797,qc519_unmapped,LV7008879797,,,,,,,,,,,,,,,,QC519 collapsed available; extract count available,,,,62036,8104,334,319,,,,,,,,,,,,,,,,,,,,,,,,,,现有路线计数填入 extract,,,,,,,,sample_reads_wide.tsv (v1); pipeline_reads_extract_besthit.tsv; irgsp_dedup_bam_reads.tsv,missing_site_metadata,,Site is unknown; latitude and longitude cannot be assigned safely
LV7008879798,qc519_unmapped,LV7008879798,,,,,,,,,,,,,,,,QC519 collapsed available; extract count available,,,,39008,3394,726,708,,,,,,,,,,,,,,,,,,,,,,,,,,现有路线计数填入 extract,,,,,,,,sample_reads_wide.tsv (v1); pipeline_reads_extract_besthit.tsv; irgsp_dedup_bam_reads.tsv,missing_site_metadata,,Site is unknown; latitude and longitude cannot be assigned safely
LV7008879799,qc519_unmapped,LV7008879799,,,,,,,,,,,,,,,,QC519 collapsed available; extract count available,,,,26389,2245,700,694,,,,,,,,,,,,,,,,,,,,,,,,,,现有路线计数填入 extract,,,,,,,,sample_reads_wide.tsv (v1); pipeline_reads_extract_besthit.tsv; irgsp_dedup_bam_reads.tsv,missing_site_metadata,,Site is unknown; latitude and longitude cannot be assigned safely
LV7008879800,qc519_unmapped,LV7008879800,,,,,,,,,,,,,,,,QC519 collapsed available; extract count available,,,,29189,2224,737,732,,,,,,,,,,,,,,,,,,,,,,,,,,现有路线计数填入 extract,,,,,,,,sample_reads_wide.tsv (v1); pipeline_reads_extract_besthit.tsv; irgsp_dedup_bam_reads.tsv,missing_site_metadata,,Site is unknown; latitude and longitude cannot be assigned safely
LV7008879804,qc519_unmapped,LV7008879804,,,,,,,,,,,,,,,,QC519 collapsed available; extract count available,,,,54786,7793,2026,1999,,,,,,,,,,,,,,,,,,,,,,,,,,现有路线计数填入 extract,,,,,,,,sample_reads_wide.tsv (v1); pipeline_reads_extract_besthit.tsv; irgsp_dedup_bam_reads.tsv,missing_site_metadata,,Site is unknown; latitude and longitude cannot be assigned safely
LV7008879805,qc519_unmapped,LV7008879805,,,,,,,,,,,,,,,,QC519 collapsed available; extract count available,,,,29130,2468,1170,1159,,,,,,,,,,,,,,,,,,,,,,,,,,现有路线计数填入 extract,,,,,,,,sample_reads_wide.tsv (v1); pipeline_reads_extract_besthit.tsv; irgsp_dedup_bam_reads.tsv,missing_site_metadata,,Site is unknown; latitude and longitude cannot be assigned safely
LV7008879806,qc519_unmapped,LV7008879806,,,,,,,,,,,,,,,,QC519 collapsed available; extract count available,,,,2,0,0,0,,,,,,,,,,,,,,,,,,,,,,,,,,现有路线计数填入 extract,,,,,,,,sample_reads_wide.tsv (v1); pipeline_reads_extract_besthit.tsv; irgsp_dedup_bam_reads.tsv,missing_site_metadata,,Site is unknown; latitude and longitude cannot be assigned safely
LV7008879807,qc519_unmapped,LV7008879807,,,,,,,,,,,,,,,,QC519 collapsed available; extract count available,,,,30262,2523,1177,1174,,,,,,,,,,,,,,,,,,,,,,,,,,现有路线计数填入 extract,,,,,,,,sample_reads_wide.tsv (v1); pipeline_reads_extract_besthit.tsv; irgsp_dedup_bam_reads.tsv,missing_site_metadata,,Site is unknown; latitude and longitude cannot be assigned safely
LV7008879808,qc519_unmapped,LV7008879808,,,,,,,,,,,,,,,,QC519 collapsed available; extract count available,,,,42545,3075,700,695,,,,,,,,,,,,,,,,,,,,,,,,,,现有路线计数填入 extract,,,,,,,,sample_reads_wide.tsv (v1); pipeline_reads_extract_besthit.tsv; irgsp_dedup_bam_reads.tsv,missing_site_metadata,,Site is unknown; latitude and longitude cannot be assigned safely
LV7008879809,qc519_unmapped,LV7008879809,,,,,,,,,,,,,,,,QC519 collapsed available; extract count available,,,,31103,3495,521,511,,,,,,,,,,,,,,,,,,,,,,,,,,现有路线计数填入 extract,,,,,,,,sample_reads_wide.tsv (v1); pipeline_reads_extract_besthit.tsv; irgsp_dedup_bam_reads.tsv,missing_site_metadata,,Site is unknown; latitude and longitude cannot be assigned safely
LV7008879810,qc519_unmapped,LV7008879810,,,,,,,,,,,,,,,,QC519 collapsed available; extract count available,,,,35329,2865,789,779,,,,,,,,,,,,,,,,,,,,,,,,,,现有路线计数填入 extract,,,,,,,,sample_reads_wide.tsv (v1); pipeline_reads_extract_besthit.tsv; irgsp_dedup_bam_reads.tsv,missing_site_metadata,,Site is unknown; latitude and longitude cannot be assigned safely
LV7008879811,qc519_unmapped,LV7008879811,,,,,,,,,,,,,,,,QC519 collapsed available; extract count available,,,,2106,498,48,27,,,,,,,,,,,,,,,,,,,,,,,,,,现有路线计数填入 extract,,,,,,,,sample_reads_wide.tsv (v1); pipeline_reads_extract_besthit.tsv; irgsp_dedup_bam_reads.tsv,missing_site_metadata,,Site is unknown; latitude and longitude cannot be assigned safely
LV7008879812,qc519_unmapped,LV7008879812,,,,,,,,,,,,,,,,QC519 collapsed available; extract count available,,,,22562,1890,643,623,,,,,,,,,,,,,,,,,,,,,,,,,,现有路线计数填入 extract,,,,,,,,sample_reads_wide.tsv (v1); pipeline_reads_extract_besthit.tsv; irgsp_dedup_bam_reads.tsv,missing_site_metadata,,Site is unknown; latitude and longitude cannot be assigned safely
LV7008879816,qc519_unmapped,LV7008879816,,,,,,,,,,,,,,,,QC519 collapsed available; extract count available,,,,34799,6587,1990,1949,,,,,,,,,,,,,,,,,,,,,,,,,,现有路线计数填入 extract,,,,,,,,sample_reads_wide.tsv (v1); pipeline_reads_extract_besthit.tsv; irgsp_dedup_bam_reads.tsv,missing_site_metadata,,Site is unknown; latitude and longitude cannot be assigned safely
LV7008879817,qc519_unmapped,LV7008879817,,,,,,,,,,,,,,,,QC519 collapsed available; extract count available,,,,25936,1980,870,865,,,,,,,,,,,,,,,,,,,,,,,,,,现有路线计数填入 extract,,,,,,,,sample_reads_wide.tsv (v1); pipeline_reads_extract_besthit.tsv; irgsp_dedup_bam_reads.tsv,missing_site_metadata,,Site is unknown; latitude and longitude cannot be assigned safely
LV7008879818,qc519_unmapped,LV7008879818,,,,,,,,,,,,,,,,QC519 collapsed available; extract count available,,,,30374,2368,902,901,,,,,,,,,,,,,,,,,,,,,,,,,,现有路线计数填入 extract,,,,,,,,sample_reads_wide.tsv (v1); pipeline_reads_extract_besthit.tsv; irgsp_dedup_bam_reads.tsv,missing_site_metadata,,Site is unknown; latitude and longitude cannot be assigned safely
LV7008879819,qc519_unmapped,LV7008879819,,,,,,,,,,,,,,,,QC519 collapsed available; extract count available,,,,1879,389,46,28,,,,,,,,,,,,,,,,,,,,,,,,,,现有路线计数填入 extract,,,,,,,,sample_reads_wide.tsv (v1); pipeline_reads_extract_besthit.tsv; irgsp_dedup_bam_reads.tsv,missing_site_metadata,,Site is unknown; latitude and longitude cannot be assigned safely
LV7008879820,qc519_unmapped,LV7008879820,,,,,,,,,,,,,,,,QC519 collapsed available; extract count available,,,,40341,4029,653,638,,,,,,,,,,,,,,,,,,,,,,,,,,现有路线计数填入 extract,,,,,,,,sample_reads_wide.tsv (v1); pipeline_reads_extract_besthit.tsv; irgsp_dedup_bam_reads.tsv,missing_site_metadata,,Site is unknown; latitude and longitude cannot be assigned safely
LV7008879821,qc519_unmapped,LV7008879821,,,,,,,,,,,,,,,,QC519 collapsed available; extract count available,,,,18298,1558,477,466,,,,,,,,,,,,,,,,,,,,,,,,,,现有路线计数填入 extract,,,,,,,,sample_reads_wide.tsv (v1); pipeline_reads_extract_besthit.tsv; irgsp_dedup_bam_reads.tsv,missing_site_metadata,,Site is unknown; latitude and longitude cannot be assigned safely
LV7008879822,qc519_unmapped,LV7008879822,,,,,,,,,,,,,,,,QC519 collapsed available; extract count available,,,,26835,2104,486,486,,,,,,,,,,,,,,,,,,,,,,,,,,现有路线计数填入 extract,,,,,,,,sample_reads_wide.tsv (v1); pipeline_reads_extract_besthit.tsv; irgsp_dedup_bam_reads.tsv,missing_site_metadata,,Site is unknown; latitude and longitude cannot be assigned safely
LV7008879823,qc519_unmapped,LV7008879823,,,,,,,,,,,,,,,,QC519 collapsed available; extract count available,,,,1671,378,37,24,,,,,,,,,,,,,,,,,,,,,,,,,,现有路线计数填入 extract,,,,,,,,sample_reads_wide.tsv (v1); pipeline_reads_extract_besthit.tsv; irgsp_dedup_bam_reads.tsv,missing_site_metadata,,Site is unknown; latitude and longitude cannot be assigned safely
LV7008879824,qc519_unmapped,LV7008879824,,,,,,,,,,,,,,,,QC519 collapsed available; extract count available,,,,10381,1003,318,309,,,,,,,,,,,,,,,,,,,,,,,,,,现有路线计数填入 extract,,,,,,,,sample_reads_wide.tsv (v1); pipeline_reads_extract_besthit.tsv; irgsp_dedup_bam_reads.tsv,missing_site_metadata,,Site is unknown; latitude and longitude cannot be assigned safely
LV7008879828,qc519_unmapped,LV7008879828,,,,,,,,,,,,,,,,QC519 collapsed available; extract count available,,,,59531,13479,3771,3605,,,,,,,,,,,,,,,,,,,,,,,,,,现有路线计数填入 extract,,,,,,,,sample_reads_wide.tsv (v1); pipeline_reads_extract_besthit.tsv; irgsp_dedup_bam_reads.tsv,missing_site_metadata,,Site is unknown; latitude and longitude cannot be assigned safely
LV7008879829,qc519_unmapped,LV7008879829,,,,,,,,,,,,,,,,QC519 collapsed available; extract count available,,,,15999,1195,540,537,,,,,,,,,,,,,,,,,,,,,,,,,,现有路线计数填入 extract,,,,,,,,sample_reads_wide.tsv (v1); pipeline_reads_extract_besthit.tsv; irgsp_dedup_bam_reads.tsv,missing_site_metadata,,Site is unknown; latitude and longitude cannot be assigned safely
LV7008879830,qc519_unmapped,LV7008879830,,,,,,,,,,,,,,,,QC519 collapsed available; extract count available,,,,28299,2611,806,800,,,,,,,,,,,,,,,,,,,,,,,,,,现有路线计数填入 extract,,,,,,,,sample_reads_wide.tsv (v1); pipeline_reads_extract_besthit.tsv; irgsp_dedup_bam_reads.tsv,missing_site_metadata,,Site is unknown; latitude and longitude cannot be assigned safely
LV7008879831,qc519_unmapped,LV7008879831,,,,,,,,,,,,,,,,QC519 collapsed available; extract count available,,,,11850,1137,440,427,,,,,,,,,,,,,,,,,,,,,,,,,,现有路线计数填入 extract,,,,,,,,sample_reads_wide.tsv (v1); pipeline_reads_extract_besthit.tsv; irgsp_dedup_bam_reads.tsv,missing_site_metadata,,Site is unknown; latitude and longitude cannot be assigned safely
LV7008879832,qc519_unmapped,LV7008879832,,,,,,,,,,,,,,,,QC519 collapsed available; extract count available,,,,0,,,,,,,,,,,,,,,,,,,,,,,,,,,,,现有路线计数填入 extract,,,,,,,,sample_reads_wide.tsv (v1); pipeline_reads_extract_besthit.tsv,missing_site_metadata,,Site is unknown; latitude and longitude cannot be assigned safely
LV7008879833,qc519_unmapped,LV7008879833,,,,,,,,,,,,,,,,QC519 collapsed available; extract count available,,,,38573,4661,172,164,,,,,,,,,,,,,,,,,,,,,,,,,,现有路线计数填入 extract,,,,,,,,sample_reads_wide.tsv (v1); pipeline_reads_extract_besthit.tsv; irgsp_dedup_bam_reads.tsv,missing_site_metadata,,Site is unknown; latitude and longitude cannot be assigned safely
LV7008879834,qc519_unmapped,LV7008879834,,,,,,,,,,,,,,,,QC519 collapsed available; extract count available,,,,52516,5210,452,447,,,,,,,,,,,,,,,,,,,,,,,,,,现有路线计数填入 extract,,,,,,,,sample_reads_wide.tsv (v1); pipeline_reads_extract_besthit.tsv; irgsp_dedup_bam_reads.tsv,missing_site_metadata,,Site is unknown; latitude and longitude cannot be assigned safely
LV7008879835,qc519_unmapped,LV7008879835,,,,,,,,,,,,,,,,QC519 collapsed available; extract count available,,,,1572,391,47,28,,,,,,,,,,,,,,,,,,,,,,,,,,现有路线计数填入 extract,,,,,,,,sample_reads_wide.tsv (v1); pipeline_reads_extract_besthit.tsv; irgsp_dedup_bam_reads.tsv,missing_site_metadata,,Site is unknown; latitude and longitude cannot be assigned safely
LV7008879836,qc519_unmapped,LV7008879836,,,,,,,,,,,,,,,,QC519 collapsed available; extract count available,,,,26098,2586,658,651,,,,,,,,,,,,,,,,,,,,,,,,,,现有路线计数填入 extract,,,,,,,,sample_reads_wide.tsv (v1); pipeline_reads_extract_besthit.tsv; irgsp_dedup_bam_reads.tsv,missing_site_metadata,,Site is unknown; latitude and longitude cannot be assigned safely
LV7008879840,qc519_unmapped,LV7008879840,,,,,,,,,,,,,,,,QC519 collapsed available; extract count available,,,,49344,9714,2566,2503,,,,,,,,,,,,,,,,,,,,,,,,,,现有路线计数填入 extract,,,,,,,,sample_reads_wide.tsv (v1); pipeline_reads_extract_besthit.tsv; irgsp_dedup_bam_reads.tsv,missing_site_metadata,,Site is unknown; latitude and longitude cannot be assigned safely
LV7008879841,qc519_unmapped,LV7008879841,,,,,,,,,,,,,,,,QC519 collapsed available; extract count available,,,,17,1,1,1,,,,,,,,,,,,,,,,,,,,,,,,,,现有路线计数填入 extract,,,,,,,,sample_reads_wide.tsv (v1); pipeline_reads_extract_besthit.tsv; irgsp_dedup_bam_reads.tsv,missing_site_metadata,,Site is unknown; latitude and longitude cannot be assigned safely
LV7008879842,qc519_unmapped,LV7008879842,,,,,,,,,,,,,,,,QC519 collapsed available; extract count available,,,,4669,395,159,159,,,,,,,,,,,,,,,,,,,,,,,,,,现有路线计数填入 extract,,,,,,,,sample_reads_wide.tsv (v1); pipeline_reads_extract_besthit.tsv; irgsp_dedup_bam_reads.tsv,missing_site_metadata,,Site is unknown; latitude and longitude cannot be assigned safely
LV7008879843,qc519_unmapped,LV7008879843,,,,,,,,,,,,,,,,QC519 collapsed available; extract count available,,,,7871,804,200,177,,,,,,,,,,,,,,,,,,,,,,,,,,现有路线计数填入 extract,,,,,,,,sample_reads_wide.tsv (v1); pipeline_reads_extract_besthit.tsv; irgsp_dedup_bam_reads.tsv,missing_site_metadata,,Site is unknown; latitude and longitude cannot be assigned safely
LV7008879845,qc519_unmapped,LV7008879845,,,,,,,,,,,,,,,,QC519 collapsed available; extract count available,,,,186,23,9,9,,,,,,,,,,,,,,,,,,,,,,,,,,现有路线计数填入 extract,,,,,,,,sample_reads_wide.tsv (v1); pipeline_reads_extract_besthit.tsv; irgsp_dedup_bam_reads.tsv,missing_site_metadata,,Site is unknown; latitude and longitude cannot be assigned safely
LV7008879846,qc519_unmapped,LV7008879846,,,,,,,,,,,,,,,,QC519 collapsed available; extract count available,,,,1243,287,25,17,,,,,,,,,,,,,,,,,,,,,,,,,,现有路线计数填入 extract,,,,,,,,sample_reads_wide.tsv (v1); pipeline_reads_extract_besthit.tsv; irgsp_dedup_bam_reads.tsv,missing_site_metadata,,Site is unknown; latitude and longitude cannot be assigned safely
LV7008879847,qc519_unmapped,LV7008879847,,,,,,,,,,,,,,,,QC519 collapsed available; extract count available,,,,1672,405,38,17,,,,,,,,,,,,,,,,,,,,,,,,,,现有路线计数填入 extract,,,,,,,,sample_reads_wide.tsv (v1); pipeline_reads_extract_besthit.tsv; irgsp_dedup_bam_reads.tsv,missing_site_metadata,,Site is unknown; latitude and longitude cannot be assigned safely
LV7008879848,qc519_unmapped,LV7008879848,,,,,,,,,,,,,,,,QC519 collapsed available; extract count available,,,,8203,744,213,204,,,,,,,,,,,,,,,,,,,,,,,,,,现有路线计数填入 extract,,,,,,,,sample_reads_wide.tsv (v1); pipeline_reads_extract_besthit.tsv; irgsp_dedup_bam_reads.tsv,missing_site_metadata,,Site is unknown; latitude and longitude cannot be assigned safely
LV7008879852,qc519_unmapped,LV7008879852,,,,,,,,,,,,,,,,QC519 collapsed available; extract count available,,,,22254,3007,882,842,,,,,,,,,,,,,,,,,,,,,,,,,,现有路线计数填入 extract,,,,,,,,sample_reads_wide.tsv (v1); pipeline_reads_extract_besthit.tsv; irgsp_dedup_bam_reads.tsv,missing_site_metadata,,Site is unknown; latitude and longitude cannot be assigned safely
LV7008879853,qc519_unmapped,LV7008879853,,,,,,,,,,,,,,,,QC519 collapsed available; extract count available,,,,2877,432,97,82,,,,,,,,,,,,,,,,,,,,,,,,,,现有路线计数填入 extract,,,,,,,,sample_reads_wide.tsv (v1); pipeline_reads_extract_besthit.tsv; irgsp_dedup_bam_reads.tsv,missing_site_metadata,,Site is unknown; latitude and longitude cannot be assigned safely
LV7008879855,qc519_unmapped,LV7008879855,,,,,,,,,,,,,,,,QC519 collapsed available; extract count available,,,,47389,3777,1729,1720,,,,,,,,,,,,,,,,,,,,,,,,,,现有路线计数填入 extract,,,,,,,,sample_reads_wide.tsv (v1); pipeline_reads_extract_besthit.tsv; irgsp_dedup_bam_reads.tsv,missing_site_metadata,,Site is unknown; latitude and longitude cannot be assigned safely
LV7008879856,qc519_unmapped,LV7008879856,,,,,,,,,,,,,,,,QC519 collapsed available; extract count available,,,,557,134,15,11,,,,,,,,,,,,,,,,,,,,,,,,,,现有路线计数填入 extract,,,,,,,,sample_reads_wide.tsv (v1); pipeline_reads_extract_besthit.tsv; irgsp_dedup_bam_reads.tsv,missing_site_metadata,,Site is unknown; latitude and longitude cannot be assigned safely
LV7008879857,qc519_unmapped,LV7008879857,,,,,,,,,,,,,,,,QC519 collapsed available; extract count available,,,,20048,1720,471,462,,,,,,,,,,,,,,,,,,,,,,,,,,现有路线计数填入 extract,,,,,,,,sample_reads_wide.tsv (v1); pipeline_reads_extract_besthit.tsv; irgsp_dedup_bam_reads.tsv,missing_site_metadata,,Site is unknown; latitude and longitude cannot be assigned safely
LV7008879858,qc519_unmapped,LV7008879858,,,,,,,,,,,,,,,,QC519 collapsed available; extract count available,,,,29597,3783,265,261,,,,,,,,,,,,,,,,,,,,,,,,,,现有路线计数填入 extract,,,,,,,,sample_reads_wide.tsv (v1); pipeline_reads_extract_besthit.tsv; irgsp_dedup_bam_reads.tsv,missing_site_metadata,,Site is unknown; latitude and longitude cannot be assigned safely
LV7008879860,qc519_unmapped,LV7008879860,,,,,,,,,,,,,,,,QC519 collapsed available; extract count available,,,,18120,1612,614,596,,,,,,,,,,,,,,,,,,,,,,,,,,现有路线计数填入 extract,,,,,,,,sample_reads_wide.tsv (v1); pipeline_reads_extract_besthit.tsv; irgsp_dedup_bam_reads.tsv,missing_site_metadata,,Site is unknown; latitude and longitude cannot be assigned safely
LV7008879861,qc519_unmapped,LV7008879861,,,,,,,,,,,,,,,,QC519 collapsed available; extract count available,,,,31680,2429,1106,1099,,,,,,,,,,,,,,,,,,,,,,,,,,现有路线计数填入 extract,,,,,,,,sample_reads_wide.tsv (v1); pipeline_reads_extract_besthit.tsv; irgsp_dedup_bam_reads.tsv,missing_site_metadata,,Site is unknown; latitude and longitude cannot be assigned safely
LV7008879863,qc519_unmapped,LV7008879863,,,,,,,,,,,,,,,,QC519 collapsed available; extract count available,,,,26851,1825,708,708,,,,,,,,,,,,,,,,,,,,,,,,,,现有路线计数填入 extract,,,,,,,,sample_reads_wide.tsv (v1); pipeline_reads_extract_besthit.tsv; irgsp_dedup_bam_reads.tsv,missing_site_metadata,,Site is unknown; latitude and longitude cannot be assigned safely
LV7008879864,qc519_unmapped,LV7008879864,,,,,,,,,,,,,,,,QC519 collapsed available; extract count available,,,,20820,1316,489,488,,,,,,,,,,,,,,,,,,,,,,,,,,现有路线计数填入 extract,,,,,,,,sample_reads_wide.tsv (v1); pipeline_reads_extract_besthit.tsv; irgsp_dedup_bam_reads.tsv,missing_site_metadata,,Site is unknown; latitude and longitude cannot be assigned safely
LV7008879866,qc519_unmapped,LV7008879866,,,,,,,,,,,,,,,,QC519 collapsed available; extract count available,,,,20053,1326,560,558,,,,,,,,,,,,,,,,,,,,,,,,,,现有路线计数填入 extract,,,,,,,,sample_reads_wide.tsv (v1); pipeline_reads_extract_besthit.tsv; irgsp_dedup_bam_reads.tsv,missing_site_metadata,,Site is unknown; latitude and longitude cannot be assigned safely
LV7008879867,qc519_unmapped,LV7008879867,,,,,,,,,,,,,,,,QC519 collapsed available; extract count available,,,,27689,2099,1014,1005,,,,,,,,,,,,,,,,,,,,,,,,,,现有路线计数填入 extract,,,,,,,,sample_reads_wide.tsv (v1); pipeline_reads_extract_besthit.tsv; irgsp_dedup_bam_reads.tsv,missing_site_metadata,,Site is unknown; latitude and longitude cannot be assigned safely
LV7008879868,qc519_unmapped,LV7008879868,,,,,,,,,,,,,,,,QC519 collapsed available; extract count available,,,,24279,1541,699,692,,,,,,,,,,,,,,,,,,,,,,,,,,现有路线计数填入 extract,,,,,,,,sample_reads_wide.tsv (v1); pipeline_reads_extract_besthit.tsv; irgsp_dedup_bam_reads.tsv,missing_site_metadata,,Site is unknown; latitude and longitude cannot be assigned safely
LV7008879869,qc519_unmapped,LV7008879869,,,,,,,,,,,,,,,,QC519 collapsed available; extract count available,,,,43312,4261,1380,1371,,,,,,,,,,,,,,,,,,,,,,,,,,现有路线计数填入 extract,,,,,,,,sample_reads_wide.tsv (v1); pipeline_reads_extract_besthit.tsv; irgsp_dedup_bam_reads.tsv,missing_site_metadata,,Site is unknown; latitude and longitude cannot be assigned safely
LV7008879870,qc519_unmapped,LV7008879870,,,,,,,,,,,,,,,,QC519 collapsed available; extract count available,,,,34948,2571,1195,1191,,,,,,,,,,,,,,,,,,,,,,,,,,现有路线计数填入 extract,,,,,,,,sample_reads_wide.tsv (v1); pipeline_reads_extract_besthit.tsv; irgsp_dedup_bam_reads.tsv,missing_site_metadata,,Site is unknown; latitude and longitude cannot be assigned safely
LV7008879871,qc519_unmapped,LV7008879871,,,,,,,,,,,,,,,,QC519 collapsed available; extract count available,,,,106,11,6,6,,,,,,,,,,,,,,,,,,,,,,,,,,现有路线计数填入 extract,,,,,,,,sample_reads_wide.tsv (v1); pipeline_reads_extract_besthit.tsv; irgsp_dedup_bam_reads.tsv,missing_site_metadata,,Site is unknown; latitude and longitude cannot be assigned safely
LV7008879872,qc519_unmapped,LV7008879872,,,,,,,,,,,,,,,,QC519 collapsed available; extract count available,,,,29119,3513,1079,1075,,,,,,,,,,,,,,,,,,,,,,,,,,现有路线计数填入 extract,,,,,,,,sample_reads_wide.tsv (v1); pipeline_reads_extract_besthit.tsv; irgsp_dedup_bam_reads.tsv,missing_site_metadata,,Site is unknown; latitude and longitude cannot be assigned safely
LV7008879873,qc519_unmapped,LV7008879873,,,,,,,,,,,,,,,,QC519 collapsed available; extract count available,,,,21611,1666,569,559,,,,,,,,,,,,,,,,,,,,,,,,,,现有路线计数填入 extract,,,,,,,,sample_reads_wide.tsv (v1); pipeline_reads_extract_besthit.tsv; irgsp_dedup_bam_reads.tsv,missing_site_metadata,,Site is unknown; latitude and longitude cannot be assigned safely
LV7008879874,qc519_unmapped,LV7008879874,,,,,,,,,,,,,,,,QC519 collapsed available; extract count available,,,,19728,1483,506,500,,,,,,,,,,,,,,,,,,,,,,,,,,现有路线计数填入 extract,,,,,,,,sample_reads_wide.tsv (v1); pipeline_reads_extract_besthit.tsv; irgsp_dedup_bam_reads.tsv,missing_site_metadata,,Site is unknown; latitude and longitude cannot be assigned safely
LV7008879875,qc519_unmapped,LV7008879875,,,,,,,,,,,,,,,,QC519 collapsed available; extract count available,,,,35162,3110,1219,1209,,,,,,,,,,,,,,,,,,,,,,,,,,现有路线计数填入 extract,,,,,,,,sample_reads_wide.tsv (v1); pipeline_reads_extract_besthit.tsv; irgsp_dedup_bam_reads.tsv,missing_site_metadata,,Site is unknown; latitude and longitude cannot be assigned safely
LV7008879876,qc519_unmapped,LV7008879876,,,,,,,,,,,,,,,,QC519 collapsed available; extract count available,,,,31033,1984,765,761,,,,,,,,,,,,,,,,,,,,,,,,,,现有路线计数填入 extract,,,,,,,,sample_reads_wide.tsv (v1); pipeline_reads_extract_besthit.tsv; irgsp_dedup_bam_reads.tsv,missing_site_metadata,,Site is unknown; latitude and longitude cannot be assigned safely
LV7008879877,qc519_unmapped,LV7008879877,,,,,,,,,,,,,,,,QC519 collapsed available; extract count available,,,,28244,2792,597,593,,,,,,,,,,,,,,,,,,,,,,,,,,现有路线计数填入 extract,,,,,,,,sample_reads_wide.tsv (v1); pipeline_reads_extract_besthit.tsv; irgsp_dedup_bam_reads.tsv,missing_site_metadata,,Site is unknown; latitude and longitude cannot be assigned safely
LV7008879878,qc519_unmapped,LV7008879878,,,,,,,,,,,,,,,,QC519 collapsed available; extract count available,,,,24950,2008,949,937,,,,,,,,,,,,,,,,,,,,,,,,,,现有路线计数填入 extract,,,,,,,,sample_reads_wide.tsv (v1); pipeline_reads_extract_besthit.tsv; irgsp_dedup_bam_reads.tsv,missing_site_metadata,,Site is unknown; latitude and longitude cannot be assigned safely
LV7008879879,qc519_unmapped,LV7008879879,,,,,,,,,,,,,,,,QC519 collapsed available; extract count available,,,,32557,2536,1141,1127,,,,,,,,,,,,,,,,,,,,,,,,,,现有路线计数填入 extract,,,,,,,,sample_reads_wide.tsv (v1); pipeline_reads_extract_besthit.tsv; irgsp_dedup_bam_reads.tsv,missing_site_metadata,,Site is unknown; latitude and longitude cannot be assigned safely
LV7008879880,qc519_unmapped,LV7008879880,,,,,,,,,,,,,,,,QC519 collapsed available; extract count available,,,,37320,3734,908,902,,,,,,,,,,,,,,,,,,,,,,,,,,现有路线计数填入 extract,,,,,,,,sample_reads_wide.tsv (v1); pipeline_reads_extract_besthit.tsv; irgsp_dedup_bam_reads.tsv,missing_site_metadata,,Site is unknown; latitude and longitude cannot be assigned safely
LV7008879881,qc519_unmapped,LV7008879881,,,,,,,,,,,,,,,,QC519 collapsed available; extract count available,,,,22317,1915,591,587,,,,,,,,,,,,,,,,,,,,,,,,,,现有路线计数填入 extract,,,,,,,,sample_reads_wide.tsv (v1); pipeline_reads_extract_besthit.tsv; irgsp_dedup_bam_reads.tsv,missing_site_metadata,,Site is unknown; latitude and longitude cannot be assigned safely
LV7008879882,qc519_unmapped,LV7008879882,,,,,,,,,,,,,,,,QC519 collapsed available; extract count available,,,,25577,1963,920,916,,,,,,,,,,,,,,,,,,,,,,,,,,现有路线计数填入 extract,,,,,,,,sample_reads_wide.tsv (v1); pipeline_reads_extract_besthit.tsv; irgsp_dedup_bam_reads.tsv,missing_site_metadata,,Site is unknown; latitude and longitude cannot be assigned safely
LV7008879883,qc519_unmapped,LV7008879883,,,,,,,,,,,,,,,,QC519 collapsed available; extract count available,,,,22285,1793,674,672,,,,,,,,,,,,,,,,,,,,,,,,,,现有路线计数填入 extract,,,,,,,,sample_reads_wide.tsv (v1); pipeline_reads_extract_besthit.tsv; irgsp_dedup_bam_reads.tsv,missing_site_metadata,,Site is unknown; latitude and longitude cannot be assigned safely
LV7008879884,qc519_unmapped,LV7008879884,,,,,,,,,,,,,,,,QC519 collapsed available; extract count available,,,,9191,1353,226,222,,,,,,,,,,,,,,,,,,,,,,,,,,现有路线计数填入 extract,,,,,,,,sample_reads_wide.tsv (v1); pipeline_reads_extract_besthit.tsv; irgsp_dedup_bam_reads.tsv,missing_site_metadata,,Site is unknown; latitude and longitude cannot be assigned safely
LV7008879885,qc519_unmapped,LV7008879885,,,,,,,,,,,,,,,,QC519 collapsed available; extract count available,,,,3048,306,89,86,,,,,,,,,,,,,,,,,,,,,,,,,,现有路线计数填入 extract,,,,,,,,sample_reads_wide.tsv (v1); pipeline_reads_extract_besthit.tsv; irgsp_dedup_bam_reads.tsv,missing_site_metadata,,Site is unknown; latitude and longitude cannot be assigned safely
LV7008879886,qc519_unmapped,LV7008879886,,,,,,,,,,,,,,,,QC519 collapsed available; extract count available,,,,36492,2679,1021,1004,,,,,,,,,,,,,,,,,,,,,,,,,,现有路线计数填入 extract,,,,,,,,sample_reads_wide.tsv (v1); pipeline_reads_extract_besthit.tsv; irgsp_dedup_bam_reads.tsv,missing_site_metadata,,Site is unknown; latitude and longitude cannot be assigned safely
LV7008879887,qc519_unmapped,LV7008879887,,,,,,,,,,,,,,,,QC519 collapsed available; extract count available,,,,0,,,,,,,,,,,,,,,,,,,,,,,,,,,,,现有路线计数填入 extract,,,,,,,,sample_reads_wide.tsv (v1); pipeline_reads_extract_besthit.tsv,missing_site_metadata,,Site is unknown; latitude and longitude cannot be assigned safely
LV7008879888,qc519_unmapped,LV7008879888,,,,,,,,,,,,,,,,QC519 collapsed available; extract count available,,,,2257,378,49,32,,,,,,,,,,,,,,,,,,,,,,,,,,现有路线计数填入 extract,,,,,,,,sample_reads_wide.tsv (v1); pipeline_reads_extract_besthit.tsv; irgsp_dedup_bam_reads.tsv,missing_site_metadata,,Site is unknown; latitude and longitude cannot be assigned safely
LV7008879889,qc519_unmapped,LV7008879889,,,,,,,,,,,,,,,,QC519 collapsed available; extract count available,,,,24782,1819,721,713,,,,,,,,,,,,,,,,,,,,,,,,,,现有路线计数填入 extract,,,,,,,,sample_reads_wide.tsv (v1); pipeline_reads_extract_besthit.tsv; irgsp_dedup_bam_reads.tsv,missing_site_metadata,,Site is unknown; latitude and longitude cannot be assigned safely
LV7008879890,qc519_unmapped,LV7008879890,,,,,,,,,,,,,,,,QC519 collapsed available; extract count available,,,,26742,2471,835,834,,,,,,,,,,,,,,,,,,,,,,,,,,现有路线计数填入 extract,,,,,,,,sample_reads_wide.tsv (v1); pipeline_reads_extract_besthit.tsv; irgsp_dedup_bam_reads.tsv,missing_site_metadata,,Site is unknown; latitude and longitude cannot be assigned safely
LV7008879891,qc519_unmapped,LV7008879891,,,,,,,,,,,,,,,,QC519 collapsed available; extract count available,,,,36593,5017,827,825,,,,,,,,,,,,,,,,,,,,,,,,,,现有路线计数填入 extract,,,,,,,,sample_reads_wide.tsv (v1); pipeline_reads_extract_besthit.tsv; irgsp_dedup_bam_reads.tsv,missing_site_metadata,,Site is unknown; latitude and longitude cannot be assigned safely
LV7008879892,qc519_unmapped,LV7008879892,,,,,,,,,,,,,,,,QC519 collapsed available; extract count available,,,,30254,2312,942,940,,,,,,,,,,,,,,,,,,,,,,,,,,现有路线计数填入 extract,,,,,,,,sample_reads_wide.tsv (v1); pipeline_reads_extract_besthit.tsv; irgsp_dedup_bam_reads.tsv,missing_site_metadata,,Site is unknown; latitude and longitude cannot be assigned safely
LV7008879893,qc519_unmapped,LV7008879893,,,,,,,,,,,,,,,,QC519 collapsed available; extract count available,,,,33967,2905,994,990,,,,,,,,,,,,,,,,,,,,,,,,,,现有路线计数填入 extract,,,,,,,,sample_reads_wide.tsv (v1); pipeline_reads_extract_besthit.tsv; irgsp_dedup_bam_reads.tsv,missing_site_metadata,,Site is unknown; latitude and longitude cannot be assigned safely
LV7008879894,qc519_unmapped,LV7008879894,,,,,,,,,,,,,,,,QC519 collapsed available; extract count available,,,,29935,2348,1097,1087,,,,,,,,,,,,,,,,,,,,,,,,,,现有路线计数填入 extract,,,,,,,,sample_reads_wide.tsv (v1); pipeline_reads_extract_besthit.tsv; irgsp_dedup_bam_reads.tsv,missing_site_metadata,,Site is unknown; latitude and longitude cannot be assigned safely
LV7008879895,qc519_unmapped,LV7008879895,,,,,,,,,,,,,,,,QC519 collapsed available; extract count available,,,,7796,733,196,194,,,,,,,,,,,,,,,,,,,,,,,,,,现有路线计数填入 extract,,,,,,,,sample_reads_wide.tsv (v1); pipeline_reads_extract_besthit.tsv; irgsp_dedup_bam_reads.tsv,missing_site_metadata,,Site is unknown; latitude and longitude cannot be assigned safely
LV7008879896,qc519_unmapped,LV7008879896,,,,,,,,,,,,,,,,QC519 collapsed available; extract count available,,,,26213,3369,729,720,,,,,,,,,,,,,,,,,,,,,,,,,,现有路线计数填入 extract,,,,,,,,sample_reads_wide.tsv (v1); pipeline_reads_extract_besthit.tsv; irgsp_dedup_bam_reads.tsv,missing_site_metadata,,Site is unknown; latitude and longitude cannot be assigned safely
LV7008879897,qc519_unmapped,LV7008879897,,,,,,,,,,,,,,,,QC519 collapsed available; extract count available,,,,30625,2451,1143,1136,,,,,,,,,,,,,,,,,,,,,,,,,,现有路线计数填入 extract,,,,,,,,sample_reads_wide.tsv (v1); pipeline_reads_extract_besthit.tsv; irgsp_dedup_bam_reads.tsv,missing_site_metadata,,Site is unknown; latitude and longitude cannot be assigned safely
LV7008879898,qc519_unmapped,LV7008879898,,,,,,,,,,,,,,,,QC519 collapsed available; extract count available,,,,5975,569,111,98,,,,,,,,,,,,,,,,,,,,,,,,,,现有路线计数填入 extract,,,,,,,,sample_reads_wide.tsv (v1); pipeline_reads_extract_besthit.tsv; irgsp_dedup_bam_reads.tsv,missing_site_metadata,,Site is unknown; latitude and longitude cannot be assigned safely
LV7008879899,qc519_unmapped,LV7008879899,,,,,,,,,,,,,,,,QC519 collapsed available; extract count available,,,,25995,1814,706,704,,,,,,,,,,,,,,,,,,,,,,,,,,现有路线计数填入 extract,,,,,,,,sample_reads_wide.tsv (v1); pipeline_reads_extract_besthit.tsv; irgsp_dedup_bam_reads.tsv,missing_site_metadata,,Site is unknown; latitude and longitude cannot be assigned safely
LV7008879900,qc519_unmapped,LV7008879900,,,,,,,,,,,,,,,,QC519 collapsed available; extract count available,,,,4249,610,97,85,,,,,,,,,,,,,,,,,,,,,,,,,,现有路线计数填入 extract,,,,,,,,sample_reads_wide.tsv (v1); pipeline_reads_extract_besthit.tsv; irgsp_dedup_bam_reads.tsv,missing_site_metadata,,Site is unknown; latitude and longitude cannot be assigned safely
LV7008879901,qc519_unmapped,LV7008879901,,,,,,,,,,,,,,,,QC519 collapsed available; extract count available,,,,20759,1518,607,606,,,,,,,,,,,,,,,,,,,,,,,,,,现有路线计数填入 extract,,,,,,,,sample_reads_wide.tsv (v1); pipeline_reads_extract_besthit.tsv; irgsp_dedup_bam_reads.tsv,missing_site_metadata,,Site is unknown; latitude and longitude cannot be assigned safely
LV7008879902,qc519_unmapped,LV7008879902,,,,,,,,,,,,,,,,QC519 collapsed available; extract count available,,,,7974,631,305,303,,,,,,,,,,,,,,,,,,,,,,,,,,现有路线计数填入 extract,,,,,,,,sample_reads_wide.tsv (v1); pipeline_reads_extract_besthit.tsv; irgsp_dedup_bam_reads.tsv,missing_site_metadata,,Site is unknown; latitude and longitude cannot be assigned safely
LV7008879903,qc519_unmapped,LV7008879903,,,,,,,,,,,,,,,,QC519 collapsed available; extract count available,,,,23708,1924,855,851,,,,,,,,,,,,,,,,,,,,,,,,,,现有路线计数填入 extract,,,,,,,,sample_reads_wide.tsv (v1); pipeline_reads_extract_besthit.tsv; irgsp_dedup_bam_reads.tsv,missing_site_metadata,,Site is unknown; latitude and longitude cannot be assigned safely
LV7008879904,qc519_unmapped,LV7008879904,,,,,,,,,,,,,,,,QC519 collapsed available; extract count available,,,,26187,1873,869,863,,,,,,,,,,,,,,,,,,,,,,,,,,现有路线计数填入 extract,,,,,,,,sample_reads_wide.tsv (v1); pipeline_reads_extract_besthit.tsv; irgsp_dedup_bam_reads.tsv,missing_site_metadata,,Site is unknown; latitude and longitude cannot be assigned safely
LV7008879905,qc519_unmapped,LV7008879905,,,,,,,,,,,,,,,,QC519 collapsed available; extract count available,,,,27168,2192,728,722,,,,,,,,,,,,,,,,,,,,,,,,,,现有路线计数填入 extract,,,,,,,,sample_reads_wide.tsv (v1); pipeline_reads_extract_besthit.tsv; irgsp_dedup_bam_reads.tsv,missing_site_metadata,,Site is unknown; latitude and longitude cannot be assigned safely
LV7008879906,qc519_unmapped,LV7008879906,,,,,,,,,,,,,,,,QC519 collapsed available; extract count available,,,,29239,2747,984,980,,,,,,,,,,,,,,,,,,,,,,,,,,现有路线计数填入 extract,,,,,,,,sample_reads_wide.tsv (v1); pipeline_reads_extract_besthit.tsv; irgsp_dedup_bam_reads.tsv,missing_site_metadata,,Site is unknown; latitude and longitude cannot be assigned safely
LV7008879907,qc519_unmapped,LV7008879907,,,,,,,,,,,,,,,,QC519 collapsed available; extract count available,,,,113110,20197,,,,,,,,,,,,,,,,,,,,,,,,,,,,现有路线计数填入 extract,,,,,,,,sample_reads_wide.tsv (v1); pipeline_reads_extract_besthit.tsv,missing_site_metadata,,Site is unknown; latitude and longitude cannot be assigned safely
LV7008879908,qc519_unmapped,LV7008879908,,,,,,,,,,,,,,,,QC519 collapsed available; extract count available,,,,40197,4451,1167,1157,,,,,,,,,,,,,,,,,,,,,,,,,,现有路线计数填入 extract,,,,,,,,sample_reads_wide.tsv (v1); pipeline_reads_extract_besthit.tsv; irgsp_dedup_bam_reads.tsv,missing_site_metadata,,Site is unknown; latitude and longitude cannot be assigned safely
LV7008879909,qc519_unmapped,LV7008879909,,,,,,,,,,,,,,,,QC519 collapsed available; extract count available,,,,1862,351,36,26,,,,,,,,,,,,,,,,,,,,,,,,,,现有路线计数填入 extract,,,,,,,,sample_reads_wide.tsv (v1); pipeline_reads_extract_besthit.tsv; irgsp_dedup_bam_reads.tsv,missing_site_metadata,,Site is unknown; latitude and longitude cannot be assigned safely
LV7008879910,qc519_unmapped,LV7008879910,,,,,,,,,,,,,,,,QC519 collapsed available; extract count available,,,,3124,439,44,35,,,,,,,,,,,,,,,,,,,,,,,,,,现有路线计数填入 extract,,,,,,,,sample_reads_wide.tsv (v1); pipeline_reads_extract_besthit.tsv; irgsp_dedup_bam_reads.tsv,missing_site_metadata,,Site is unknown; latitude and longitude cannot be assigned safely
LV7008879911,qc519_unmapped,LV7008879911,,,,,,,,,,,,,,,,QC519 collapsed available; extract count available,,,,29426,1994,764,763,,,,,,,,,,,,,,,,,,,,,,,,,,现有路线计数填入 extract,,,,,,,,sample_reads_wide.tsv (v1); pipeline_reads_extract_besthit.tsv; irgsp_dedup_bam_reads.tsv,missing_site_metadata,,Site is unknown; latitude and longitude cannot be assigned safely
LV7008879912,qc519_unmapped,LV7008879912,,,,,,,,,,,,,,,,QC519 collapsed available; extract count available,,,,2355,486,55,38,,,,,,,,,,,,,,,,,,,,,,,,,,现有路线计数填入 extract,,,,,,,,sample_reads_wide.tsv (v1); pipeline_reads_extract_besthit.tsv; irgsp_dedup_bam_reads.tsv,missing_site_metadata,,Site is unknown; latitude and longitude cannot be assigned safely
LV7008879913,qc519_unmapped,LV7008879913,,,,,,,,,,,,,,,,QC519 collapsed available; extract count available,,,,26014,1838,778,776,,,,,,,,,,,,,,,,,,,,,,,,,,现有路线计数填入 extract,,,,,,,,sample_reads_wide.tsv (v1); pipeline_reads_extract_besthit.tsv; irgsp_dedup_bam_reads.tsv,missing_site_metadata,,Site is unknown; latitude and longitude cannot be assigned safely
LV7008879914,qc519_unmapped,LV7008879914,,,,,,,,,,,,,,,,QC519 collapsed available; extract count available,,,,26264,2732,735,730,,,,,,,,,,,,,,,,,,,,,,,,,,现有路线计数填入 extract,,,,,,,,sample_reads_wide.tsv (v1); pipeline_reads_extract_besthit.tsv; irgsp_dedup_bam_reads.tsv,missing_site_metadata,,Site is unknown; latitude and longitude cannot be assigned safely
LV7008879915,qc519_unmapped,LV7008879915,,,,,,,,,,,,,,,,QC519 collapsed available; extract count available,,,,18141,1254,580,580,,,,,,,,,,,,,,,,,,,,,,,,,,现有路线计数填入 extract,,,,,,,,sample_reads_wide.tsv (v1); pipeline_reads_extract_besthit.tsv; irgsp_dedup_bam_reads.tsv,missing_site_metadata,,Site is unknown; latitude and longitude cannot be assigned safely
LV7008879916,qc519_unmapped,LV7008879916,,,,,,,,,,,,,,,,QC519 collapsed available; extract count available,,,,19368,1453,667,663,,,,,,,,,,,,,,,,,,,,,,,,,,现有路线计数填入 extract,,,,,,,,sample_reads_wide.tsv (v1); pipeline_reads_extract_besthit.tsv; irgsp_dedup_bam_reads.tsv,missing_site_metadata,,Site is unknown; latitude and longitude cannot be assigned safely
LV7008879917,qc519_unmapped,LV7008879917,,,,,,,,,,,,,,,,QC519 collapsed available; extract count available,,,,9259,564,246,245,,,,,,,,,,,,,,,,,,,,,,,,,,现有路线计数填入 extract,,,,,,,,sample_reads_wide.tsv (v1); pipeline_reads_extract_besthit.tsv; irgsp_dedup_bam_reads.tsv,missing_site_metadata,,Site is unknown; latitude and longitude cannot be assigned safely
LV7008879918,qc519_unmapped,LV7008879918,,,,,,,,,,,,,,,,QC519 collapsed available; extract count available,,,,31744,2364,1147,1136,,,,,,,,,,,,,,,,,,,,,,,,,,现有路线计数填入 extract,,,,,,,,sample_reads_wide.tsv (v1); pipeline_reads_extract_besthit.tsv; irgsp_dedup_bam_reads.tsv,missing_site_metadata,,Site is unknown; latitude and longitude cannot be assigned safely
LV7008879919,qc519_unmapped,LV7008879919,,,,,,,,,,,,,,,,QC519 collapsed available; extract count available,,,,33386,2812,1314,1304,,,,,,,,,,,,,,,,,,,,,,,,,,现有路线计数填入 extract,,,,,,,,sample_reads_wide.tsv (v1); pipeline_reads_extract_besthit.tsv; irgsp_dedup_bam_reads.tsv,missing_site_metadata,,Site is unknown; latitude and longitude cannot be assigned safely
LV7008879920,qc519_unmapped,LV7008879920,,,,,,,,,,,,,,,,QC519 collapsed available; extract count available,,,,50172,3781,1633,1614,,,,,,,,,,,,,,,,,,,,,,,,,,现有路线计数填入 extract,,,,,,,,sample_reads_wide.tsv (v1); pipeline_reads_extract_besthit.tsv; irgsp_dedup_bam_reads.tsv,missing_site_metadata,,Site is unknown; latitude and longitude cannot be assigned safely
LV7008879921,qc519_unmapped,LV7008879921,,,,,,,,,,,,,,,,QC519 collapsed available; extract count available,,,,1541,270,31,21,,,,,,,,,,,,,,,,,,,,,,,,,,现有路线计数填入 extract,,,,,,,,sample_reads_wide.tsv (v1); pipeline_reads_extract_besthit.tsv; irgsp_dedup_bam_reads.tsv,missing_site_metadata,,Site is unknown; latitude and longitude cannot be assigned safely
LV7008879922,qc519_unmapped,LV7008879922,,,,,,,,,,,,,,,,QC519 collapsed available; extract count available,,,,2498,440,55,47,,,,,,,,,,,,,,,,,,,,,,,,,,现有路线计数填入 extract,,,,,,,,sample_reads_wide.tsv (v1); pipeline_reads_extract_besthit.tsv; irgsp_dedup_bam_reads.tsv,missing_site_metadata,,Site is unknown; latitude and longitude cannot be assigned safely
LV7008879923,qc519_unmapped,LV7008879923,,,,,,,,,,,,,,,,QC519 collapsed available; extract count available,,,,26797,1728,742,736,,,,,,,,,,,,,,,,,,,,,,,,,,现有路线计数填入 extract,,,,,,,,sample_reads_wide.tsv (v1); pipeline_reads_extract_besthit.tsv; irgsp_dedup_bam_reads.tsv,missing_site_metadata,,Site is unknown; latitude and longitude cannot be assigned safely
LV7008879924,qc519_unmapped,LV7008879924,,,,,,,,,,,,,,,,QC519 collapsed available; extract count available,,,,24236,1616,665,662,,,,,,,,,,,,,,,,,,,,,,,,,,现有路线计数填入 extract,,,,,,,,sample_reads_wide.tsv (v1); pipeline_reads_extract_besthit.tsv; irgsp_dedup_bam_reads.tsv,missing_site_metadata,,Site is unknown; latitude and longitude cannot be assigned safely
LV7008879925,qc519_unmapped,LV7008879925,,,,,,,,,,,,,,,,QC519 collapsed available; extract count available,,,,26673,1921,802,798,,,,,,,,,,,,,,,,,,,,,,,,,,现有路线计数填入 extract,,,,,,,,sample_reads_wide.tsv (v1); pipeline_reads_extract_besthit.tsv; irgsp_dedup_bam_reads.tsv,missing_site_metadata,,Site is unknown; latitude and longitude cannot be assigned safely
LV7008879926,qc519_unmapped,LV7008879926,,,,,,,,,,,,,,,,QC519 collapsed available; extract count available,,,,35445,3952,1106,1097,,,,,,,,,,,,,,,,,,,,,,,,,,现有路线计数填入 extract,,,,,,,,sample_reads_wide.tsv (v1); pipeline_reads_extract_besthit.tsv; irgsp_dedup_bam_reads.tsv,missing_site_metadata,,Site is unknown; latitude and longitude cannot be assigned safely
LV7008879927,qc519_unmapped,LV7008879927,,,,,,,,,,,,,,,,QC519 collapsed available; extract count available,,,,25738,1886,860,856,,,,,,,,,,,,,,,,,,,,,,,,,,现有路线计数填入 extract,,,,,,,,sample_reads_wide.tsv (v1); pipeline_reads_extract_besthit.tsv; irgsp_dedup_bam_reads.tsv,missing_site_metadata,,Site is unknown; latitude and longitude cannot be assigned safely
LV7008879928,qc519_unmapped,LV7008879928,,,,,,,,,,,,,,,,QC519 collapsed available; extract count available,,,,0,,,,,,,,,,,,,,,,,,,,,,,,,,,,,现有路线计数填入 extract,,,,,,,,sample_reads_wide.tsv (v1); pipeline_reads_extract_besthit.tsv,missing_site_metadata,,Site is unknown; latitude and longitude cannot be assigned safely
LV7008879929,qc519_unmapped,LV7008879929,,,,,,,,,,,,,,,,QC519 collapsed available; extract count available,,,,18554,1258,504,501,,,,,,,,,,,,,,,,,,,,,,,,,,现有路线计数填入 extract,,,,,,,,sample_reads_wide.tsv (v1); pipeline_reads_extract_besthit.tsv; irgsp_dedup_bam_reads.tsv,missing_site_metadata,,Site is unknown; latitude and longitude cannot be assigned safely
LV7008879930,qc519_unmapped,LV7008879930,,,,,,,,,,,,,,,,QC519 collapsed available; extract count available,,,,23972,2039,894,885,,,,,,,,,,,,,,,,,,,,,,,,,,现有路线计数填入 extract,,,,,,,,sample_reads_wide.tsv (v1); pipeline_reads_extract_besthit.tsv; irgsp_dedup_bam_reads.tsv,missing_site_metadata,,Site is unknown; latitude and longitude cannot be assigned safely
LV7008879931,qc519_unmapped,LV7008879931,,,,,,,,,,,,,,,,QC519 collapsed available; extract count available,,,,35150,2502,1084,1079,,,,,,,,,,,,,,,,,,,,,,,,,,现有路线计数填入 extract,,,,,,,,sample_reads_wide.tsv (v1); pipeline_reads_extract_besthit.tsv; irgsp_dedup_bam_reads.tsv,missing_site_metadata,,Site is unknown; latitude and longitude cannot be assigned safely
LV7008879932,qc519_unmapped,LV7008879932,,,,,,,,,,,,,,,,QC519 collapsed available; extract count available,,,,9532,1398,234,231,,,,,,,,,,,,,,,,,,,,,,,,,,现有路线计数填入 extract,,,,,,,,sample_reads_wide.tsv (v1); pipeline_reads_extract_besthit.tsv; irgsp_dedup_bam_reads.tsv,missing_site_metadata,,Site is unknown; latitude and longitude cannot be assigned safely
LV7008879934,qc519_unmapped,LV7008879934,,,,,,,,,,,,,,,,QC519 collapsed available; extract count available,,,,3166,365,62,58,,,,,,,,,,,,,,,,,,,,,,,,,,现有路线计数填入 extract,,,,,,,,sample_reads_wide.tsv (v1); pipeline_reads_extract_besthit.tsv; irgsp_dedup_bam_reads.tsv,missing_site_metadata,,Site is unknown; latitude and longitude cannot be assigned safely
LV7008879935,qc519_unmapped,LV7008879935,,,,,,,,,,,,,,,,QC519 collapsed available; extract count available,,,,21879,1492,603,594,,,,,,,,,,,,,,,,,,,,,,,,,,现有路线计数填入 extract,,,,,,,,sample_reads_wide.tsv (v1); pipeline_reads_extract_besthit.tsv; irgsp_dedup_bam_reads.tsv,missing_site_metadata,,Site is unknown; latitude and longitude cannot be assigned safely
LV7008879936,qc519_unmapped,LV7008879936,,,,,,,,,,,,,,,,QC519 collapsed available; extract count available,,,,34847,3225,796,791,,,,,,,,,,,,,,,,,,,,,,,,,,现有路线计数填入 extract,,,,,,,,sample_reads_wide.tsv (v1); pipeline_reads_extract_besthit.tsv; irgsp_dedup_bam_reads.tsv,missing_site_metadata,,Site is unknown; latitude and longitude cannot be assigned safely
LV7008879937,qc519_unmapped,LV7008879937,,,,,,,,,,,,,,,,QC519 collapsed available; extract count available,,,,20247,1262,499,499,,,,,,,,,,,,,,,,,,,,,,,,,,现有路线计数填入 extract,,,,,,,,sample_reads_wide.tsv (v1); pipeline_reads_extract_besthit.tsv; irgsp_dedup_bam_reads.tsv,missing_site_metadata,,Site is unknown; latitude and longitude cannot be assigned safely
LV7008879938,qc519_unmapped,LV7008879938,,,,,,,,,,,,,,,,QC519 collapsed available; extract count available,,,,13871,1509,487,471,,,,,,,,,,,,,,,,,,,,,,,,,,现有路线计数填入 extract,,,,,,,,sample_reads_wide.tsv (v1); pipeline_reads_extract_besthit.tsv; irgsp_dedup_bam_reads.tsv,missing_site_metadata,,Site is unknown; latitude and longitude cannot be assigned safely
LV7008879940,qc519_unmapped,LV7008879940,,,,,,,,,,,,,,,,QC519 collapsed available; extract count available,,,,29098,2753,734,730,,,,,,,,,,,,,,,,,,,,,,,,,,现有路线计数填入 extract,,,,,,,,sample_reads_wide.tsv (v1); pipeline_reads_extract_besthit.tsv; irgsp_dedup_bam_reads.tsv,missing_site_metadata,,Site is unknown; latitude and longitude cannot be assigned safely
LV7008879941,qc519_unmapped,LV7008879941,,,,,,,,,,,,,,,,QC519 collapsed available; extract count available,,,,22882,1656,796,791,,,,,,,,,,,,,,,,,,,,,,,,,,现有路线计数填入 extract,,,,,,,,sample_reads_wide.tsv (v1); pipeline_reads_extract_besthit.tsv; irgsp_dedup_bam_reads.tsv,missing_site_metadata,,Site is unknown; latitude and longitude cannot be assigned safely
LV7008879942,qc519_unmapped,LV7008879942,,,,,,,,,,,,,,,,QC519 collapsed available; extract count available,,,,30509,2411,1150,1136,,,,,,,,,,,,,,,,,,,,,,,,,,现有路线计数填入 extract,,,,,,,,sample_reads_wide.tsv (v1); pipeline_reads_extract_besthit.tsv; irgsp_dedup_bam_reads.tsv,missing_site_metadata,,Site is unknown; latitude and longitude cannot be assigned safely
LV7008879943,qc519_unmapped,LV7008879943,,,,,,,,,,,,,,,,QC519 collapsed available; extract count available,,,,24570,1880,815,808,,,,,,,,,,,,,,,,,,,,,,,,,,现有路线计数填入 extract,,,,,,,,sample_reads_wide.tsv (v1); pipeline_reads_extract_besthit.tsv; irgsp_dedup_bam_reads.tsv,missing_site_metadata,,Site is unknown; latitude and longitude cannot be assigned safely
LV7008879944,qc519_unmapped,LV7008879944,,,,,,,,,,,,,,,,QC519 collapsed available; extract count available,,,,40789,3106,1186,1177,,,,,,,,,,,,,,,,,,,,,,,,,,现有路线计数填入 extract,,,,,,,,sample_reads_wide.tsv (v1); pipeline_reads_extract_besthit.tsv; irgsp_dedup_bam_reads.tsv,missing_site_metadata,,Site is unknown; latitude and longitude cannot be assigned safely
LV7008879946,qc519_unmapped,LV7008879946,,,,,,,,,,,,,,,,QC519 collapsed available; extract count available,,,,41584,3066,1282,1269,,,,,,,,,,,,,,,,,,,,,,,,,,现有路线计数填入 extract,,,,,,,,sample_reads_wide.tsv (v1); pipeline_reads_extract_besthit.tsv; irgsp_dedup_bam_reads.tsv,missing_site_metadata,,Site is unknown; latitude and longitude cannot be assigned safely
LV7008879947,qc519_unmapped,LV7008879947,,,,,,,,,,,,,,,,QC519 collapsed available; extract count available,,,,26542,1891,897,877,,,,,,,,,,,,,,,,,,,,,,,,,,现有路线计数填入 extract,,,,,,,,sample_reads_wide.tsv (v1); pipeline_reads_extract_besthit.tsv; irgsp_dedup_bam_reads.tsv,missing_site_metadata,,Site is unknown; latitude and longitude cannot be assigned safely
LV7008879948,qc519_unmapped,LV7008879948,,,,,,,,,,,,,,,,QC519 collapsed available; extract count available,,,,32727,2415,1029,1021,,,,,,,,,,,,,,,,,,,,,,,,,,现有路线计数填入 extract,,,,,,,,sample_reads_wide.tsv (v1); pipeline_reads_extract_besthit.tsv; irgsp_dedup_bam_reads.tsv,missing_site_metadata,,Site is unknown; latitude and longitude cannot be assigned safely
LV7008879949,qc519_unmapped,LV7008879949,,,,,,,,,,,,,,,,QC519 collapsed available; extract count available,,,,30133,2108,735,730,,,,,,,,,,,,,,,,,,,,,,,,,,现有路线计数填入 extract,,,,,,,,sample_reads_wide.tsv (v1); pipeline_reads_extract_besthit.tsv; irgsp_dedup_bam_reads.tsv,missing_site_metadata,,Site is unknown; latitude and longitude cannot be assigned safely
LV7008879950,qc519_unmapped,LV7008879950,,,,,,,,,,,,,,,,QC519 collapsed available; extract count available,,,,4424,512,147,147,,,,,,,,,,,,,,,,,,,,,,,,,,现有路线计数填入 extract,,,,,,,,sample_reads_wide.tsv (v1); pipeline_reads_extract_besthit.tsv; irgsp_dedup_bam_reads.tsv,missing_site_metadata,,Site is unknown; latitude and longitude cannot be assigned safely
LV7008879951,qc519_unmapped,LV7008879951,,,,,,,,,,,,,,,,QC519 collapsed available; extract count available,,,,303,62,7,7,,,,,,,,,,,,,,,,,,,,,,,,,,现有路线计数填入 extract,,,,,,,,sample_reads_wide.tsv (v1); pipeline_reads_extract_besthit.tsv; irgsp_dedup_bam_reads.tsv,missing_site_metadata,,Site is unknown; latitude and longitude cannot be assigned safely
LV7008879952,qc519_unmapped,LV7008879952,,,,,,,,,,,,,,,,QC519 collapsed available; extract count available,,,,23160,1816,855,848,,,,,,,,,,,,,,,,,,,,,,,,,,现有路线计数填入 extract,,,,,,,,sample_reads_wide.tsv (v1); pipeline_reads_extract_besthit.tsv; irgsp_dedup_bam_reads.tsv,missing_site_metadata,,Site is unknown; latitude and longitude cannot be assigned safely
LV7008879953,qc519_unmapped,LV7008879953,,,,,,,,,,,,,,,,QC519 collapsed available; extract count available,,,,3868,289,137,137,,,,,,,,,,,,,,,,,,,,,,,,,,现有路线计数填入 extract,,,,,,,,sample_reads_wide.tsv (v1); pipeline_reads_extract_besthit.tsv; irgsp_dedup_bam_reads.tsv,missing_site_metadata,,Site is unknown; latitude and longitude cannot be assigned safely
LV7008879954,qc519_unmapped,LV7008879954,,,,,,,,,,,,,,,,QC519 collapsed available; extract count available,,,,28971,2078,994,983,,,,,,,,,,,,,,,,,,,,,,,,,,现有路线计数填入 extract,,,,,,,,sample_reads_wide.tsv (v1); pipeline_reads_extract_besthit.tsv; irgsp_dedup_bam_reads.tsv,missing_site_metadata,,Site is unknown; latitude and longitude cannot be assigned safely
LV7008879955,qc519_unmapped,LV7008879955,,,,,,,,,,,,,,,,QC519 collapsed available; extract count available,,,,60168,8000,971,967,,,,,,,,,,,,,,,,,,,,,,,,,,现有路线计数填入 extract,,,,,,,,sample_reads_wide.tsv (v1); pipeline_reads_extract_besthit.tsv; irgsp_dedup_bam_reads.tsv,missing_site_metadata,,Site is unknown; latitude and longitude cannot be assigned safely
LV7008879956,qc519_unmapped,LV7008879956,,,,,,,,,,,,,,,,QC519 collapsed available; extract count available,,,,0,,,,,,,,,,,,,,,,,,,,,,,,,,,,,现有路线计数填入 extract,,,,,,,,sample_reads_wide.tsv (v1); pipeline_reads_extract_besthit.tsv,missing_site_metadata,,Site is unknown; latitude and longitude cannot be assigned safely
LV7008879957,qc519_unmapped,LV7008879957,,,,,,,,,,,,,,,,QC519 collapsed available; extract count available,,,,10551,741,49,46,,,,,,,,,,,,,,,,,,,,,,,,,,现有路线计数填入 extract,,,,,,,,sample_reads_wide.tsv (v1); pipeline_reads_extract_besthit.tsv; irgsp_dedup_bam_reads.tsv,missing_site_metadata,,Site is unknown; latitude and longitude cannot be assigned safely
LV7008879958,qc519_unmapped,LV7008879958,,,,,,,,,,,,,,,,QC519 collapsed available; extract count available,,,,109,10,2,2,,,,,,,,,,,,,,,,,,,,,,,,,,现有路线计数填入 extract,,,,,,,,sample_reads_wide.tsv (v1); pipeline_reads_extract_besthit.tsv; irgsp_dedup_bam_reads.tsv,missing_site_metadata,,Site is unknown; latitude and longitude cannot be assigned safely
LV7008879962,qc519_unmapped,LV7008879962,,,,,,,,,,,,,,,,QC519 collapsed available; extract count available,,,,25253,3175,730,724,,,,,,,,,,,,,,,,,,,,,,,,,,现有路线计数填入 extract,,,,,,,,sample_reads_wide.tsv (v1); pipeline_reads_extract_besthit.tsv; irgsp_dedup_bam_reads.tsv,missing_site_metadata,,Site is unknown; latitude and longitude cannot be assigned safely
LV7008879963,qc519_unmapped,LV7008879963,,,,,,,,,,,,,,,,QC519 collapsed available; extract count available,,,,14651,1249,517,515,,,,,,,,,,,,,,,,,,,,,,,,,,现有路线计数填入 extract,,,,,,,,sample_reads_wide.tsv (v1); pipeline_reads_extract_besthit.tsv; irgsp_dedup_bam_reads.tsv,missing_site_metadata,,Site is unknown; latitude and longitude cannot be assigned safely
LV7008879964,qc519_unmapped,LV7008879964,,,,,,,,,,,,,,,,QC519 collapsed available; extract count available,,,,14803,1317,568,554,,,,,,,,,,,,,,,,,,,,,,,,,,现有路线计数填入 extract,,,,,,,,sample_reads_wide.tsv (v1); pipeline_reads_extract_besthit.tsv; irgsp_dedup_bam_reads.tsv,missing_site_metadata,,Site is unknown; latitude and longitude cannot be assigned safely
LV7008879969,qc519_unmapped,LV7008879969,,,,,,,,,,,,,,,,QC519 collapsed available; extract count available,,,,81,3,1,1,,,,,,,,,,,,,,,,,,,,,,,,,,现有路线计数填入 extract,,,,,,,,sample_reads_wide.tsv (v1); pipeline_reads_extract_besthit.tsv; irgsp_dedup_bam_reads.tsv,missing_site_metadata,,Site is unknown; latitude and longitude cannot be assigned safely
LV7008879970,qc519_unmapped,LV7008879970,,,,,,,,,,,,,,,,QC519 collapsed available; extract count available,,,,3225,215,43,37,,,,,,,,,,,,,,,,,,,,,,,,,,现有路线计数填入 extract,,,,,,,,sample_reads_wide.tsv (v1); pipeline_reads_extract_besthit.tsv; irgsp_dedup_bam_reads.tsv,missing_site_metadata,,Site is unknown; latitude and longitude cannot be assigned safely
LV7008879971,qc519_unmapped,LV7008879971,,,,,,,,,,,,,,,,QC519 collapsed available; extract count available,,,,909,127,21,21,,,,,,,,,,,,,,,,,,,,,,,,,,现有路线计数填入 extract,,,,,,,,sample_reads_wide.tsv (v1); pipeline_reads_extract_besthit.tsv; irgsp_dedup_bam_reads.tsv,missing_site_metadata,,Site is unknown; latitude and longitude cannot be assigned safely
LV7008879973,qc519_unmapped,LV7008879973,,,,,,,,,,,,,,,,QC519 collapsed available; extract count available,,,,14359,1737,351,347,,,,,,,,,,,,,,,,,,,,,,,,,,现有路线计数填入 extract,,,,,,,,sample_reads_wide.tsv (v1); pipeline_reads_extract_besthit.tsv; irgsp_dedup_bam_reads.tsv,missing_site_metadata,,Site is unknown; latitude and longitude cannot be assigned safely
LV7008879974,qc519_unmapped,LV7008879974,,,,,,,,,,,,,,,,QC519 collapsed available; extract count available,,,,24250,3364,669,663,,,,,,,,,,,,,,,,,,,,,,,,,,现有路线计数填入 extract,,,,,,,,sample_reads_wide.tsv (v1); pipeline_reads_extract_besthit.tsv; irgsp_dedup_bam_reads.tsv,missing_site_metadata,,Site is unknown; latitude and longitude cannot be assigned safely
LV7008879975,qc519_unmapped,LV7008879975,,,,,,,,,,,,,,,,QC519 collapsed available; extract count available,,,,12046,1387,381,376,,,,,,,,,,,,,,,,,,,,,,,,,,现有路线计数填入 extract,,,,,,,,sample_reads_wide.tsv (v1); pipeline_reads_extract_besthit.tsv; irgsp_dedup_bam_reads.tsv,missing_site_metadata,,Site is unknown; latitude and longitude cannot be assigned safely
LV7008879976,qc519_unmapped,LV7008879976,,,,,,,,,,,,,,,,QC519 collapsed available; extract count available,,,,568,42,21,20,,,,,,,,,,,,,,,,,,,,,,,,,,现有路线计数填入 extract,,,,,,,,sample_reads_wide.tsv (v1); pipeline_reads_extract_besthit.tsv; irgsp_dedup_bam_reads.tsv,missing_site_metadata,,Site is unknown; latitude and longitude cannot be assigned safely
LV7008879981,qc519_unmapped,LV7008879981,,,,,,,,,,,,,,,,QC519 collapsed available; extract count available,,,,385,28,3,3,,,,,,,,,,,,,,,,,,,,,,,,,,现有路线计数填入 extract,,,,,,,,sample_reads_wide.tsv (v1); pipeline_reads_extract_besthit.tsv; irgsp_dedup_bam_reads.tsv,missing_site_metadata,,Site is unknown; latitude and longitude cannot be assigned safely
LV7008879982,qc519_unmapped,LV7008879982,,,,,,,,,,,,,,,,QC519 collapsed available; extract count available,,,,21616,1405,251,236,,,,,,,,,,,,,,,,,,,,,,,,,,现有路线计数填入 extract,,,,,,,,sample_reads_wide.tsv (v1); pipeline_reads_extract_besthit.tsv; irgsp_dedup_bam_reads.tsv,missing_site_metadata,,Site is unknown; latitude and longitude cannot be assigned safely
LV7008879983,qc519_unmapped,LV7008879983,,,,,,,,,,,,,,,,QC519 collapsed available; extract count available,,,,0,,,,,,,,,,,,,,,,,,,,,,,,,,,,,现有路线计数填入 extract,,,,,,,,sample_reads_wide.tsv (v1); pipeline_reads_extract_besthit.tsv,missing_site_metadata,,Site is unknown; latitude and longitude cannot be assigned safely
LV7008879985,qc519_unmapped,LV7008879985,,,,,,,,,,,,,,,,QC519 collapsed available; extract count available,,,,42223,5623,1083,1071,,,,,,,,,,,,,,,,,,,,,,,,,,现有路线计数填入 extract,,,,,,,,sample_reads_wide.tsv (v1); pipeline_reads_extract_besthit.tsv; irgsp_dedup_bam_reads.tsv,missing_site_metadata,,Site is unknown; latitude and longitude cannot be assigned safely
LV7008879986,qc519_unmapped,LV7008879986,,,,,,,,,,,,,,,,QC519 collapsed available; extract count available,,,,23604,3130,648,648,,,,,,,,,,,,,,,,,,,,,,,,,,现有路线计数填入 extract,,,,,,,,sample_reads_wide.tsv (v1); pipeline_reads_extract_besthit.tsv; irgsp_dedup_bam_reads.tsv,missing_site_metadata,,Site is unknown; latitude and longitude cannot be assigned safely
LV7008879987,qc519_unmapped,LV7008879987,,,,,,,,,,,,,,,,QC519 collapsed available; extract count available,,,,5548,486,218,213,,,,,,,,,,,,,,,,,,,,,,,,,,现有路线计数填入 extract,,,,,,,,sample_reads_wide.tsv (v1); pipeline_reads_extract_besthit.tsv; irgsp_dedup_bam_reads.tsv,missing_site_metadata,,Site is unknown; latitude and longitude cannot be assigned safely
LV7008879988,qc519_unmapped,LV7008879988,,,,,,,,,,,,,,,,QC519 collapsed available; extract count available,,,,1017,89,39,34,,,,,,,,,,,,,,,,,,,,,,,,,,现有路线计数填入 extract,,,,,,,,sample_reads_wide.tsv (v1); pipeline_reads_extract_besthit.tsv; irgsp_dedup_bam_reads.tsv,missing_site_metadata,,Site is unknown; latitude and longitude cannot be assigned safely
LV7008879993,qc519_unmapped,LV7008879993,,,,,,,,,,,,,,,,QC519 collapsed available; extract count available,,,,269,48,33,3,,,,,,,,,,,,,,,,,,,,,,,,,,现有路线计数填入 extract,,,,,,,,sample_reads_wide.tsv (v1); pipeline_reads_extract_besthit.tsv; irgsp_dedup_bam_reads.tsv,missing_site_metadata,,Site is unknown; latitude and longitude cannot be assigned safely
LV7008879994,qc519_unmapped,LV7008879994,,,,,,,,,,,,,,,,QC519 collapsed available; extract count available,,,,1663,178,21,20,,,,,,,,,,,,,,,,,,,,,,,,,,现有路线计数填入 extract,,,,,,,,sample_reads_wide.tsv (v1); pipeline_reads_extract_besthit.tsv; irgsp_dedup_bam_reads.tsv,missing_site_metadata,,Site is unknown; latitude and longitude cannot be assigned safely
LV7008879995,qc519_unmapped,LV7008879995,,,,,,,,,,,,,,,,QC519 collapsed available; extract count available,,,,10557,1926,160,156,,,,,,,,,,,,,,,,,,,,,,,,,,现有路线计数填入 extract,,,,,,,,sample_reads_wide.tsv (v1); pipeline_reads_extract_besthit.tsv; irgsp_dedup_bam_reads.tsv,missing_site_metadata,,Site is unknown; latitude and longitude cannot be assigned safely
LV7008879997,qc519_unmapped,LV7008879997,,,,,,,,,,,,,,,,QC519 collapsed available; extract count available,,,,45914,6520,1011,1002,,,,,,,,,,,,,,,,,,,,,,,,,,现有路线计数填入 extract,,,,,,,,sample_reads_wide.tsv (v1); pipeline_reads_extract_besthit.tsv; irgsp_dedup_bam_reads.tsv,missing_site_metadata,,Site is unknown; latitude and longitude cannot be assigned safely
LV7008879998,qc519_unmapped,LV7008879998,,,,,,,,,,,,,,,,QC519 collapsed available; extract count available,,,,14487,1522,423,419,,,,,,,,,,,,,,,,,,,,,,,,,,现有路线计数填入 extract,,,,,,,,sample_reads_wide.tsv (v1); pipeline_reads_extract_besthit.tsv; irgsp_dedup_bam_reads.tsv,missing_site_metadata,,Site is unknown; latitude and longitude cannot be assigned safely
LV7008879999,qc519_unmapped,LV7008879999,,,,,,,,,,,,,,,,QC519 collapsed available; extract count available,,,,10042,918,366,356,,,,,,,,,,,,,,,,,,,,,,,,,,现有路线计数填入 extract,,,,,,,,sample_reads_wide.tsv (v1); pipeline_reads_extract_besthit.tsv; irgsp_dedup_bam_reads.tsv,missing_site_metadata,,Site is unknown; latitude and longitude cannot be assigned safely
